movieId,title,genres,budget,runtime,release_year,avg_critic_score,director_id,is_sequel
1,Movie 1,Action,17000000,88,2017,3.4,9,1
2,Movie 2,Documentary|Comedy,17000000,92,2022,8.4,124,0
3,Movie 3,Drama|Thriller,188000000,141,1996,5.2,42,0
4,Movie 4,Sci-Fi,73000000,148,2012,8.1,383,0
5,Movie 5,Adventure|Drama,176000000,177,1992,3.5,110,0
6,Movie 6,Documentary|Sci-Fi|Adventure,57000000,159,2004,3.5,288,0
7,Movie 7,Drama|Adventure|Fantasy,50000000,167,2001,5.7,16,0
8,Movie 8,Adventure|Children|Thriller,33000000,148,2011,8.4,113,0
9,Movie 9,Drama|Children,142000000,147,1993,3.9,147,1
10,Movie 10,Children|Animation,148000000,147,2002,9.0,230,1
11,Movie 11,Fantasy|Children|Thriller,119000000,94,1990,9.5,473,1
12,Movie 12,Animation,135000000,91,2014,2.9,499,0
13,Movie 13,Animation|Documentary,151000000,131,1996,7.5,405,0
14,Movie 14,Thriller,157000000,97,1993,4.1,299,0
15,Movie 15,Action|Comedy,13000000,95,1997,7.6,3,0
16,Movie 16,Thriller|Fantasy,150000000,88,1996,6.5,446,0
17,Movie 17,Adventure|Action,28000000,151,2011,5.1,340,0
18,Movie 18,Animation,81000000,158,2009,7.2,442,0
19,Movie 19,Children,84000000,156,2011,6.6,459,0
20,Movie 20,Animation,52000000,157,1991,6.3,268,0
21,Movie 21,Comedy|Children,185000000,164,2016,7.3,28,0
22,Movie 22,Action,184000000,104,2006,4.2,355,0
23,Movie 23,Children,123000000,92,1994,9.1,92,1
24,Movie 24,Crime|Action,116000000,143,1994,3.4,191,0
25,Movie 25,Fantasy|Children|Documentary,109000000,147,1996,7.5,110,0
26,Movie 26,Children,25000000,147,1999,8.2,192,0
27,Movie 27,Drama|Animation|Documentary,107000000,108,2015,6.0,108,0
28,Movie 28,Crime,177000000,143,2001,8.4,360,0
29,Movie 29,Crime|Children|Horror,54000000,144,2007,2.9,365,0
30,Movie 30,Sci-Fi,110000000,105,1997,2.9,235,0
31,Movie 31,Adventure|Comedy,92000000,142,2021,3.3,119,0
32,Movie 32,Thriller,94000000,164,2013,4.9,238,1
33,Movie 33,Comedy|Sci-Fi,91000000,95,2003,3.6,233,0
34,Movie 34,Horror,134000000,143,2019,6.3,172,0
35,Movie 35,Children,25000000,95,2016,8.0,374,0
36,Movie 36,Action|Animation,76000000,124,1996,3.8,132,0
37,Movie 37,Comedy|Adventure,155000000,138,2021,6.5,459,0
38,Movie 38,Fantasy,187000000,91,1997,6.4,33,0
39,Movie 39,Adventure|Children,46000000,106,1997,3.5,476,0
40,Movie 40,Horror,133000000,169,2023,8.1,368,1
41,Movie 41,Documentary|Adventure,84000000,145,1996,7.8,403,1
42,Movie 42,Children,129000000,159,2017,2.4,481,1
43,Movie 43,Children|Comedy,73000000,109,2001,2.7,216,0
44,Movie 44,Horror|Children,127000000,132,2016,7.4,463,0
45,Movie 45,Thriller|Animation,121000000,96,2018,2.4,219,0
46,Movie 46,Drama|Animation|Horror,36000000,122,2011,8.9,159,0
47,Movie 47,Animation,79000000,164,2013,9.6,313,0
48,Movie 48,Adventure,55000000,95,2007,7.9,425,0
49,Movie 49,Documentary,154000000,97,2010,3.1,164,0
50,Movie 50,Thriller|Sci-Fi,35000000,106,1993,10.0,40,0
51,Movie 51,Drama,129000000,162,2017,2.0,354,0
52,Movie 52,Comedy|Drama|Fantasy,88000000,158,2002,3.5,124,0
53,Movie 53,Sci-Fi|Children,191000000,139,2016,6.4,25,0
54,Movie 54,Drama|Action|Crime,41000000,126,2013,3.5,28,0
55,Movie 55,Thriller|Horror|Children,120000000,159,2008,5.1,75,0
56,Movie 56,Sci-Fi|Children,110000000,170,2010,4.1,218,0
57,Movie 57,Comedy|Horror|Sci-Fi,80000000,168,2022,3.8,134,1
58,Movie 58,Action,150000000,97,2001,6.3,3,1
59,Movie 59,Animation,107000000,84,2020,2.5,167,0
60,Movie 60,Sci-Fi|Crime,138000000,80,2016,8.6,212,0
61,Movie 61,Action|Fantasy,155000000,174,2000,2.7,148,1
62,Movie 62,Drama|Comedy,160000000,116,2006,8.3,43,1
63,Movie 63,Fantasy,182000000,112,1999,4.3,386,0
64,Movie 64,Action,180000000,165,2000,4.4,368,0
65,Movie 65,Sci-Fi,159000000,117,2009,9.8,63,1
66,Movie 66,Drama,80000000,85,1997,5.9,492,0
67,Movie 67,Children|Thriller|Horror,134000000,153,2000,3.2,449,0
68,Movie 68,Animation|Action,51000000,173,1996,2.9,382,0
69,Movie 69,Documentary,103000000,150,1993,9.9,106,1
70,Movie 70,Horror,100000000,100,2012,8.5,405,0
71,Movie 71,Comedy|Thriller|Documentary,108000000,130,2016,4.7,72,0
72,Movie 72,Crime|Adventure|Documentary,140000000,118,1998,8.1,11,0
73,Movie 73,Crime|Children,101000000,115,2021,9.5,114,0
74,Movie 74,Fantasy|Action,139000000,113,2003,4.8,131,0
75,Movie 75,Drama,97000000,80,2019,2.0,481,0
76,Movie 76,Sci-Fi|Comedy|Fantasy,173000000,107,2013,9.7,494,0
77,Movie 77,Adventure|Documentary,78000000,118,2001,4.5,5,0
78,Movie 78,Drama|Animation,190000000,102,1995,7.7,296,0
79,Movie 79,Animation,123000000,111,1994,5.4,364,0
80,Movie 80,Adventure|Children|Fantasy,100000000,154,2023,6.4,392,0
81,Movie 81,Thriller|Animation,36000000,153,2000,6.4,429,1
82,Movie 82,Horror|Children|Documentary,177000000,140,2012,5.3,71,0
83,Movie 83,Fantasy,6000000,143,1996,4.1,12,1
84,Movie 84,Sci-Fi,41000000,92,2013,4.7,106,0
85,Movie 85,Animation,145000000,96,2016,4.8,221,1
86,Movie 86,Documentary|Action,198000000,119,2023,4.9,376,0
87,Movie 87,Children|Documentary|Comedy,35000000,80,1998,9.0,70,1
88,Movie 88,Action,101000000,109,2016,4.7,109,0
89,Movie 89,Drama,22000000,135,2001,6.6,82,0
90,Movie 90,Children,142000000,132,1991,9.1,285,0
91,Movie 91,Thriller|Sci-Fi|Comedy,194000000,136,1992,5.5,193,0
92,Movie 92,Documentary,59000000,103,2003,9.1,56,0
93,Movie 93,Children|Animation,25000000,125,2005,7.7,154,0
94,Movie 94,Animation|Horror|Drama,156000000,118,2024,2.4,490,0
95,Movie 95,Action,146000000,151,2017,7.7,148,0
96,Movie 96,Children|Documentary|Adventure,58000000,159,2024,4.3,430,0
97,Movie 97,Crime,25000000,114,2022,4.9,424,0
98,Movie 98,Sci-Fi|Thriller|Horror,89000000,151,1994,7.4,373,0
99,Movie 99,Crime,2000000,151,2011,6.0,176,1
100,Movie 100,Crime|Sci-Fi,21000000,118,1999,3.8,440,1
101,Movie 101,Crime|Drama|Documentary,111000000,86,1992,4.8,384,0
102,Movie 102,Fantasy,94000000,102,2002,3.3,120,0
103,Movie 103,Comedy|Animation|Drama,177000000,165,2018,9.4,313,0
104,Movie 104,Crime,99000000,131,2021,2.5,403,0
105,Movie 105,Drama|Sci-Fi,12000000,133,2021,2.7,183,0
106,Movie 106,Documentary|Sci-Fi|Comedy,6000000,109,2008,3.6,66,0
107,Movie 107,Animation,95000000,80,2007,9.2,285,1
108,Movie 108,Crime|Adventure|Sci-Fi,16000000,99,1995,8.1,411,0
109,Movie 109,Adventure|Crime,22000000,179,1997,6.6,283,0
110,Movie 110,Action|Comedy|Children,100000000,166,1998,9.6,305,1
111,Movie 111,Drama|Fantasy,161000000,105,1991,8.5,64,0
112,Movie 112,Thriller|Crime|Action,33000000,110,2020,4.1,99,1
113,Movie 113,Animation,137000000,91,1990,9.7,255,0
114,Movie 114,Thriller|Horror|Crime,42000000,131,2000,7.5,483,0
115,Movie 115,Action|Sci-Fi|Adventure,31000000,81,2002,7.1,403,0
116,Movie 116,Documentary,69000000,128,2018,6.4,70,0
117,Movie 117,Action|Horror,53000000,118,1997,3.3,255,0
118,Movie 118,Crime,84000000,147,2008,6.8,99,0
119,Movie 119,Horror,140000000,140,1994,4.9,374,1
120,Movie 120,Documentary|Children,29000000,174,2011,4.4,54,0
121,Movie 121,Drama|Thriller|Adventure,62000000,148,1992,9.7,216,0
122,Movie 122,Documentary|Crime|Thriller,71000000,147,1999,6.7,355,0
123,Movie 123,Drama|Action|Comedy,172000000,121,1995,4.8,463,1
124,Movie 124,Sci-Fi|Comedy|Adventure,39000000,142,2018,8.3,498,0
125,Movie 125,Crime|Thriller|Action,148000000,90,2023,4.4,132,0
126,Movie 126,Horror|Animation,187000000,160,2001,7.3,198,0
127,Movie 127,Animation|Adventure|Horror,180000000,101,2021,9.3,132,1
128,Movie 128,Comedy|Children,65000000,106,2007,5.0,9,1
129,Movie 129,Action,18000000,127,2005,2.9,356,1
130,Movie 130,Children|Drama,138000000,163,2022,7.3,398,0
131,Movie 131,Sci-Fi,79000000,84,2015,2.2,425,0
132,Movie 132,Action|Animation|Documentary,18000000,136,2007,9.3,152,0
133,Movie 133,Adventure|Drama|Crime,178000000,85,2008,3.3,12,0
134,Movie 134,Children|Crime|Animation,10000000,99,2006,9.0,53,0
135,Movie 135,Documentary|Fantasy,86000000,114,1996,9.5,364,0
136,Movie 136,Animation|Crime,120000000,97,2006,2.8,39,0
137,Movie 137,Action|Fantasy,114000000,170,2023,7.0,221,0
138,Movie 138,Children|Adventure,169000000,154,1998,5.4,130,0
139,Movie 139,Adventure|Children|Action,56000000,92,2014,4.8,143,0
140,Movie 140,Horror|Crime,2000000,165,1994,8.3,198,0
141,Movie 141,Comedy|Documentary,37000000,151,2018,6.0,253,0
142,Movie 142,Horror|Adventure,138000000,175,2012,4.7,256,1
143,Movie 143,Action,148000000,122,2013,3.8,111,0
144,Movie 144,Crime|Sci-Fi|Fantasy,34000000,139,2024,9.5,196,1
145,Movie 145,Children|Adventure|Comedy,114000000,148,2016,8.1,454,0
146,Movie 146,Crime|Sci-Fi,199000000,134,2016,5.6,423,1
147,Movie 147,Thriller|Horror|Sci-Fi,187000000,108,2024,8.3,464,0
148,Movie 148,Children|Crime,89000000,84,1993,8.9,488,0
149,Movie 149,Comedy|Sci-Fi,107000000,166,1990,4.9,305,0
150,Movie 150,Horror,60000000,80,1993,7.7,423,0
151,Movie 151,Documentary|Animation,164000000,173,1999,7.3,50,0
152,Movie 152,Action|Drama,124000000,174,2003,3.5,131,0
153,Movie 153,Fantasy|Crime,56000000,121,1991,7.6,173,0
154,Movie 154,Drama,15000000,175,1993,2.7,388,1
155,Movie 155,Comedy|Children,137000000,164,1993,2.2,361,0
156,Movie 156,Children|Adventure,39000000,88,1991,5.7,340,0
157,Movie 157,Adventure,4000000,127,2009,4.1,156,0
158,Movie 158,Fantasy,26000000,153,2009,3.2,412,0
159,Movie 159,Action,43000000,161,2001,9.6,15,0
160,Movie 160,Fantasy,110000000,176,2009,2.6,397,1
161,Movie 161,Comedy|Action,32000000,147,2023,7.5,217,0
162,Movie 162,Action|Animation|Crime,198000000,139,1997,2.2,267,1
163,Movie 163,Horror|Children,185000000,84,1994,3.7,367,0
164,Movie 164,Fantasy,44000000,83,2005,4.5,222,0
165,Movie 165,Adventure|Children,87000000,146,2024,7.3,270,0
166,Movie 166,Documentary|Thriller,193000000,179,2024,2.7,365,1
167,Movie 167,Thriller|Horror|Children,16000000,91,1997,9.3,49,0
168,Movie 168,Drama|Action,100000000,87,1991,8.4,403,0
169,Movie 169,Action|Thriller,16000000,85,1997,3.3,302,0
170,Movie 170,Action,50000000,89,2016,8.5,235,0
171,Movie 171,Adventure|Children|Horror,20000000,86,1994,6.1,332,0
172,Movie 172,Children|Crime,152000000,97,2016,3.8,333,1
173,Movie 173,Children|Documentary,9000000,97,1996,3.6,284,0
174,Movie 174,Animation,92000000,143,1992,8.6,168,1
175,Movie 175,Children|Documentary|Fantasy,149000000,165,2015,2.3,59,0
176,Movie 176,Animation,162000000,108,2011,3.6,345,0
177,Movie 177,Children|Thriller|Documentary,25000000,113,2024,2.9,8,1
178,Movie 178,Animation,121000000,81,1992,8.9,444,0
179,Movie 179,Fantasy|Animation|Documentary,136000000,152,2001,2.2,69,0
180,Movie 180,Fantasy|Action,19000000,149,1995,9.7,31,0
181,Movie 181,Action,113000000,159,1998,6.8,39,0
182,Movie 182,Documentary,117000000,122,2022,3.9,282,0
183,Movie 183,Thriller,192000000,91,2007,3.2,266,0
184,Movie 184,Action|Comedy|Animation,19000000,87,2000,8.5,131,0
185,Movie 185,Children,114000000,105,2011,2.8,391,1
186,Movie 186,Drama|Fantasy,70000000,143,2020,8.9,486,0
187,Movie 187,Sci-Fi,88000000,93,2022,8.2,377,0
188,Movie 188,Adventure,50000000,160,2018,5.9,40,0
189,Movie 189,Adventure|Action,117000000,107,2003,9.7,230,0
190,Movie 190,Comedy|Children,197000000,125,2017,2.0,434,0
191,Movie 191,Action|Drama,23000000,177,2018,4.1,29,0
192,Movie 192,Animation,59000000,133,1995,9.3,208,0
193,Movie 193,Documentary|Animation,88000000,167,2021,2.0,358,1
194,Movie 194,Drama|Documentary,193000000,139,1994,3.8,145,0
195,Movie 195,Horror|Adventure|Crime,159000000,130,2021,5.5,361,0
196,Movie 196,Action|Adventure,96000000,135,1998,8.7,328,0
197,Movie 197,Crime|Documentary|Fantasy,129000000,144,1999,4.3,4,0
198,Movie 198,Children|Sci-Fi,148000000,127,1993,7.5,322,0
199,Movie 199,Crime,146000000,168,2001,6.7,466,0
200,Movie 200,Children,127000000,176,1995,7.3,192,0
201,Movie 201,Drama|Adventure,59000000,97,2005,5.9,149,1
202,Movie 202,Animation|Documentary,175000000,101,2016,8.8,134,0
203,Movie 203,Comedy,7000000,153,2009,6.1,36,0
204,Movie 204,Horror|Children,152000000,149,2022,10.0,91,0
205,Movie 205,Horror|Adventure,126000000,153,2019,8.8,355,0
206,Movie 206,Animation,193000000,105,1997,8.8,113,0
207,Movie 207,Adventure|Sci-Fi,170000000,93,1997,4.4,490,0
208,Movie 208,Sci-Fi|Children,179000000,169,2018,8.1,224,1
209,Movie 209,Animation,152000000,140,2015,4.1,82,0
210,Movie 210,Sci-Fi|Drama|Fantasy,99000000,131,2002,9.7,254,1
211,Movie 211,Thriller|Documentary,72000000,130,2021,7.5,349,0
212,Movie 212,Drama|Children|Fantasy,64000000,177,2010,2.8,336,1
213,Movie 213,Crime|Children|Drama,5000000,128,2018,6.3,377,0
214,Movie 214,Sci-Fi|Fantasy,56000000,142,1991,5.9,79,0
215,Movie 215,Thriller,67000000,123,1998,9.5,240,0
216,Movie 216,Children|Horror|Thriller,38000000,93,2003,6.8,255,0
217,Movie 217,Action,117000000,95,2016,2.8,280,0
218,Movie 218,Children|Action|Comedy,1000000,145,2012,7.5,84,0
219,Movie 219,Fantasy|Horror|Thriller,101000000,176,2001,8.1,161,0
220,Movie 220,Fantasy,170000000,85,2006,2.8,447,0
221,Movie 221,Adventure|Animation|Documentary,88000000,96,1992,3.6,453,0
222,Movie 222,Horror|Adventure|Children,74000000,126,2002,5.4,391,0
223,Movie 223,Documentary|Animation,83000000,115,1992,9.9,99,1
224,Movie 224,Adventure,54000000,107,1993,5.5,372,0
225,Movie 225,Comedy|Children,69000000,179,2017,7.6,300,1
226,Movie 226,Crime|Horror|Sci-Fi,50000000,97,2018,9.4,358,0
227,Movie 227,Horror|Children,31000000,105,2017,9.4,361,0
228,Movie 228,Comedy|Horror|Crime,188000000,158,2016,8.6,27,0
229,Movie 229,Crime|Thriller,19000000,176,2019,8.1,153,0
230,Movie 230,Children|Crime,78000000,150,1997,7.2,88,0
231,Movie 231,Action|Animation,157000000,157,2012,4.0,294,1
232,Movie 232,Comedy,9000000,140,2001,4.1,366,0
233,Movie 233,Horror|Fantasy|Comedy,82000000,97,2018,9.5,412,0
234,Movie 234,Adventure|Documentary,143000000,143,2013,9.8,79,1
235,Movie 235,Action|Adventure,96000000,113,2017,2.3,99,1
236,Movie 236,Children,4000000,159,2002,3.6,47,0
237,Movie 237,Adventure|Sci-Fi,103000000,92,1999,5.5,122,0
238,Movie 238,Sci-Fi|Crime|Horror,57000000,164,2015,3.3,345,0
239,Movie 239,Documentary|Drama|Animation,58000000,119,2013,9.9,252,0
240,Movie 240,Crime|Children|Action,195000000,105,2013,6.7,285,0
241,Movie 241,Sci-Fi,64000000,125,2008,9.2,245,0
242,Movie 242,Documentary,42000000,120,2015,4.0,216,1
243,Movie 243,Sci-Fi|Action,165000000,130,2010,3.6,104,0
244,Movie 244,Fantasy|Documentary|Crime,83000000,90,1992,8.3,197,1
245,Movie 245,Drama|Animation|Documentary,198000000,118,2022,2.9,315,0
246,Movie 246,Documentary,111000000,108,2018,5.3,232,0
247,Movie 247,Sci-Fi,39000000,132,1994,3.6,58,0
248,Movie 248,Fantasy|Sci-Fi|Drama,80000000,125,2001,9.4,128,0
249,Movie 249,Horror|Fantasy|Comedy,106000000,121,2001,3.5,373,0
250,Movie 250,Action|Comedy,131000000,156,2008,3.8,307,0
251,Movie 251,Horror|Adventure|Action,36000000,170,2022,4.5,376,0
252,Movie 252,Action|Adventure|Children,170000000,144,1991,7.2,359,0
253,Movie 253,Sci-Fi|Animation,79000000,106,2005,9.4,324,1
254,Movie 254,Documentary|Sci-Fi,193000000,111,2005,6.8,239,0
255,Movie 255,Comedy|Animation|Documentary,28000000,112,2002,3.9,217,0
256,Movie 256,Thriller|Action,133000000,174,2009,3.3,331,0
257,Movie 257,Documentary|Thriller,70000000,159,1990,4.5,292,0
258,Movie 258,Fantasy|Action|Children,51000000,98,2000,2.4,296,1
259,Movie 259,Animation|Comedy|Horror,130000000,129,1997,2.6,260,0
260,Movie 260,Documentary,132000000,146,2019,7.5,351,1
261,Movie 261,Horror|Thriller,76000000,122,2000,4.6,493,1
262,Movie 262,Fantasy|Animation|Horror,160000000,148,2000,5.4,339,0
263,Movie 263,Thriller,58000000,169,1992,8.5,360,0
264,Movie 264,Action|Horror|Children,4000000,83,2004,9.1,191,1
265,Movie 265,Crime,38000000,150,2003,6.4,256,1
266,Movie 266,Adventure|Action|Animation,57000000,165,2001,5.8,343,0
267,Movie 267,Thriller,1000000,139,2008,3.2,176,0
268,Movie 268,Drama,25000000,83,2020,7.4,26,0
269,Movie 269,Children,186000000,111,2010,6.4,43,0
270,Movie 270,Action|Adventure|Thriller,107000000,134,2015,9.3,15,0
271,Movie 271,Fantasy|Horror|Crime,10000000,173,2016,6.1,177,0
272,Movie 272,Fantasy,95000000,123,2014,6.0,286,0
273,Movie 273,Fantasy|Comedy,121000000,176,2014,6.1,37,1
274,Movie 274,Fantasy|Drama|Thriller,83000000,148,2006,6.9,221,0
275,Movie 275,Action,14000000,177,1990,5.4,82,0
276,Movie 276,Comedy|Adventure|Drama,156000000,153,1990,6.2,303,0
277,Movie 277,Horror|Adventure|Children,38000000,131,2017,6.7,418,0
278,Movie 278,Action|Animation|Horror,183000000,178,2012,8.5,177,0
279,Movie 279,Children,172000000,125,2005,7.3,227,0
280,Movie 280,Adventure,199000000,176,2006,9.6,71,0
281,Movie 281,Thriller,113000000,155,2003,7.6,24,1
282,Movie 282,Action|Children|Thriller,17000000,128,1992,7.8,380,0
283,Movie 283,Adventure|Documentary|Comedy,113000000,110,1998,5.2,147,1
284,Movie 284,Fantasy,178000000,81,2020,5.6,141,0
285,Movie 285,Sci-Fi|Documentary,89000000,110,2020,4.3,265,0
286,Movie 286,Animation,115000000,147,2011,5.9,81,0
287,Movie 287,Action,123000000,159,2010,6.7,96,0
288,Movie 288,Action,33000000,82,1991,7.1,98,0
289,Movie 289,Comedy|Children|Crime,128000000,178,1997,9.5,332,0
290,Movie 290,Horror|Documentary|Crime,59000000,166,1994,5.2,175,0
291,Movie 291,Horror|Children,9000000,158,2022,7.1,137,0
292,Movie 292,Animation|Crime,102000000,162,2015,2.5,84,0
293,Movie 293,Fantasy|Documentary,167000000,144,2000,7.1,84,0
294,Movie 294,Thriller,9000000,154,2006,6.0,410,0
295,Movie 295,Adventure|Comedy|Animation,63000000,176,2002,3.9,86,0
296,Movie 296,Adventure|Animation,34000000,137,1994,3.1,242,0
297,Movie 297,Documentary,111000000,146,2018,7.8,244,1
298,Movie 298,Adventure,109000000,176,1994,10.0,286,0
299,Movie 299,Thriller,175000000,97,2015,5.6,17,0
300,Movie 300,Drama|Children|Adventure,95000000,176,2004,4.6,90,0
301,Movie 301,Documentary|Crime,83000000,98,2024,6.3,219,0
302,Movie 302,Animation,130000000,132,2016,9.4,322,0
303,Movie 303,Adventure,182000000,89,1998,2.9,104,0
304,Movie 304,Adventure,145000000,154,2010,3.6,116,0
305,Movie 305,Animation|Comedy|Adventure,143000000,137,2016,6.4,293,0
306,Movie 306,Crime,195000000,127,2017,8.4,99,1
307,Movie 307,Horror|Sci-Fi|Adventure,135000000,133,1998,5.5,337,0
308,Movie 308,Adventure,60000000,175,1995,4.5,366,1
309,Movie 309,Horror|Children|Comedy,118000000,159,1998,3.7,384,0
310,Movie 310,Drama|Sci-Fi|Adventure,16000000,109,2006,9.8,129,0
311,Movie 311,Action|Crime|Thriller,175000000,132,2012,5.8,424,0
312,Movie 312,Children,146000000,135,2016,6.8,178,0
313,Movie 313,Children|Fantasy,99000000,85,2015,4.5,28,0
314,Movie 314,Crime|Horror|Documentary,37000000,150,1997,2.3,390,0
315,Movie 315,Horror,64000000,154,2014,7.5,84,0
316,Movie 316,Comedy|Animation,66000000,161,2000,2.8,275,0
317,Movie 317,Sci-Fi|Documentary,28000000,178,2012,9.0,359,0
318,Movie 318,Sci-Fi|Children,133000000,104,2008,8.2,289,0
319,Movie 319,Sci-Fi|Documentary|Crime,143000000,135,2004,6.1,12,0
320,Movie 320,Horror|Animation,42000000,98,1994,4.9,473,0
321,Movie 321,Action|Crime|Fantasy,3000000,82,2004,6.3,24,0
322,Movie 322,Animation|Horror,80000000,91,2002,3.4,493,0
323,Movie 323,Drama,186000000,84,1999,7.4,286,0
324,Movie 324,Thriller|Horror|Action,179000000,114,2024,8.5,144,0
325,Movie 325,Sci-Fi|Children|Animation,76000000,91,2023,6.6,302,0
326,Movie 326,Sci-Fi|Horror|Thriller,45000000,105,2017,9.8,219,0
327,Movie 327,Animation,38000000,178,2019,3.0,417,1
328,Movie 328,Sci-Fi,83000000,117,2010,3.0,65,0
329,Movie 329,Comedy|Thriller|Animation,137000000,166,2012,8.1,25,1
330,Movie 330,Horror|Fantasy|Thriller,107000000,120,1997,3.8,113,1
331,Movie 331,Thriller|Crime,86000000,109,2009,6.4,81,0
332,Movie 332,Fantasy,122000000,82,2014,7.8,111,0
333,Movie 333,Fantasy|Thriller|Crime,165000000,85,2019,5.9,319,0
334,Movie 334,Comedy,161000000,140,2006,8.4,228,0
335,Movie 335,Thriller,12000000,172,2021,7.1,200,1
336,Movie 336,Sci-Fi|Comedy|Horror,140000000,152,1994,7.9,307,1
337,Movie 337,Documentary|Animation,155000000,142,2011,9.6,339,0
338,Movie 338,Drama|Fantasy,156000000,156,2004,5.9,350,0
339,Movie 339,Comedy,173000000,157,2021,7.0,316,0
340,Movie 340,Fantasy|Sci-Fi,131000000,140,2004,9.7,299,0
341,Movie 341,Thriller,121000000,155,2003,8.1,180,0
342,Movie 342,Action|Animation|Horror,124000000,114,1996,9.4,97,1
343,Movie 343,Documentary|Adventure,44000000,123,1996,3.0,460,0
344,Movie 344,Children,122000000,145,1998,5.2,436,0
345,Movie 345,Fantasy,83000000,83,2020,6.7,89,0
346,Movie 346,Action,133000000,113,2005,3.3,417,0
347,Movie 347,Crime,97000000,161,2017,7.3,220,0
348,Movie 348,Crime,139000000,148,2016,4.1,318,1
349,Movie 349,Drama,13000000,141,1992,8.3,161,0
350,Movie 350,Drama|Action|Documentary,86000000,104,1999,3.8,235,0
351,Movie 351,Comedy|Action,30000000,90,1998,3.4,163,0
352,Movie 352,Animation,162000000,113,1994,8.4,476,0
353,Movie 353,Comedy,82000000,168,2014,7.2,238,0
354,Movie 354,Action|Thriller,184000000,152,2016,6.6,339,0
355,Movie 355,Thriller|Animation|Children,15000000,96,2023,3.4,9,0
356,Movie 356,Crime|Adventure,130000000,173,1998,9.7,432,0
357,Movie 357,Horror,175000000,112,2002,3.9,293,0
358,Movie 358,Sci-Fi,127000000,161,2024,9.3,308,0
359,Movie 359,Children|Fantasy|Sci-Fi,62000000,100,2021,6.2,70,0
360,Movie 360,Sci-Fi|Action,107000000,159,2016,9.3,357,0
361,Movie 361,Adventure,180000000,178,1998,3.0,303,0
362,Movie 362,Drama,89000000,130,1993,7.6,238,0
363,Movie 363,Crime|Animation,54000000,83,2016,2.9,218,0
364,Movie 364,Documentary|Action|Fantasy,36000000,175,2001,5.0,12,0
365,Movie 365,Adventure,44000000,116,1998,9.7,332,0
366,Movie 366,Drama|Fantasy,90000000,92,2006,5.1,405,0
367,Movie 367,Animation|Fantasy|Adventure,160000000,96,2007,4.2,360,0
368,Movie 368,Fantasy,15000000,117,2004,4.8,418,0
369,Movie 369,Drama|Crime,141000000,96,2019,4.6,118,0
370,Movie 370,Comedy,48000000,93,1996,5.1,253,0
371,Movie 371,Animation|Horror|Fantasy,165000000,106,2014,6.0,303,0
372,Movie 372,Crime|Fantasy,191000000,87,1992,2.9,194,0
373,Movie 373,Thriller|Action|Fantasy,128000000,163,2014,9.5,194,0
374,Movie 374,Documentary,158000000,164,1995,2.4,198,0
375,Movie 375,Drama,166000000,177,2017,7.9,371,1
376,Movie 376,Fantasy|Children,176000000,133,2012,9.9,225,0
377,Movie 377,Fantasy|Thriller,88000000,106,2024,8.5,198,0
378,Movie 378,Adventure|Horror|Crime,177000000,114,2018,4.2,291,0
379,Movie 379,Drama|Action|Thriller,178000000,170,2013,9.9,428,0
380,Movie 380,Fantasy|Adventure,32000000,167,1991,2.3,43,0
381,Movie 381,Adventure|Animation|Action,121000000,114,2020,2.6,447,0
382,Movie 382,Action|Horror|Animation,30000000,118,2019,4.6,24,1
383,Movie 383,Drama|Action|Fantasy,142000000,111,2021,6.2,249,1
384,Movie 384,Action,161000000,171,1992,8.7,451,1
385,Movie 385,Children|Adventure|Crime,36000000,111,2016,8.1,466,0
386,Movie 386,Comedy|Animation|Documentary,33000000,174,2008,8.6,23,0
387,Movie 387,Crime,141000000,103,2002,5.8,262,0
388,Movie 388,Sci-Fi|Comedy|Fantasy,172000000,121,2005,7.7,382,0
389,Movie 389,Horror,73000000,156,2017,8.5,210,0
390,Movie 390,Adventure,167000000,128,1991,4.5,411,1
391,Movie 391,Documentary|Action|Horror,134000000,95,1998,9.6,403,0
392,Movie 392,Thriller|Drama|Animation,44000000,131,1991,3.9,441,0
393,Movie 393,Animation|Action,173000000,165,2000,2.1,182,1
394,Movie 394,Documentary|Drama|Adventure,101000000,84,2012,4.8,205,0
395,Movie 395,Adventure|Animation|Comedy,123000000,86,2019,3.2,303,0
396,Movie 396,Horror|Comedy|Documentary,192000000,176,2014,6.9,80,0
397,Movie 397,Adventure,72000000,161,1995,5.0,278,0
398,Movie 398,Action|Sci-Fi|Comedy,102000000,153,2018,8.0,12,0
399,Movie 399,Adventure|Sci-Fi,93000000,105,2002,9.9,166,0
400,Movie 400,Fantasy|Thriller,90000000,164,2010,4.2,193,0
401,Movie 401,Thriller|Action|Documentary,79000000,174,2012,6.0,379,0
402,Movie 402,Action,86000000,132,2007,7.3,20,1
403,Movie 403,Documentary,149000000,83,2001,4.7,119,1
404,Movie 404,Children,194000000,136,2007,7.2,431,0
405,Movie 405,Action|Animation|Thriller,184000000,119,2000,3.5,98,0
406,Movie 406,Crime,192000000,82,2013,7.1,264,0
407,Movie 407,Horror|Drama|Children,132000000,177,2023,5.0,47,0
408,Movie 408,Documentary|Horror,7000000,109,2023,4.9,202,0
409,Movie 409,Comedy,135000000,154,2017,9.0,411,0
410,Movie 410,Thriller|Children|Fantasy,87000000,161,2020,9.4,76,0
411,Movie 411,Fantasy,90000000,140,2007,5.0,282,0
412,Movie 412,Adventure|Crime|Thriller,52000000,152,2009,9.2,214,1
413,Movie 413,Sci-Fi|Children,180000000,160,2000,5.9,227,0
414,Movie 414,Adventure|Drama,94000000,100,1994,8.7,273,0
415,Movie 415,Action,67000000,83,2021,6.3,66,0
416,Movie 416,Action,21000000,159,1995,7.2,15,0
417,Movie 417,Action,150000000,100,2018,2.6,95,0
418,Movie 418,Thriller,127000000,143,2016,9.8,476,0
419,Movie 419,Thriller|Children,52000000,161,1993,5.9,111,1
420,Movie 420,Sci-Fi|Comedy|Horror,176000000,141,2021,4.4,229,0
421,Movie 421,Action|Sci-Fi|Documentary,56000000,115,2009,5.8,257,1
422,Movie 422,Fantasy|Crime,98000000,105,2005,5.8,331,1
423,Movie 423,Adventure|Fantasy|Action,139000000,178,2009,3.2,334,0
424,Movie 424,Sci-Fi|Adventure|Fantasy,110000000,95,1994,6.2,302,0
425,Movie 425,Horror|Children,138000000,104,1998,5.4,105,0
426,Movie 426,Comedy,104000000,157,2017,6.9,109,1
427,Movie 427,Action|Drama|Children,89000000,104,2014,6.4,464,0
428,Movie 428,Drama,143000000,126,2007,8.2,169,0
429,Movie 429,Fantasy|Thriller,166000000,116,2009,6.6,52,0
430,Movie 430,Fantasy|Comedy,52000000,171,2018,7.9,112,0
431,Movie 431,Adventure|Horror,172000000,110,2005,2.3,351,0
432,Movie 432,Comedy,187000000,106,1997,6.2,116,1
433,Movie 433,Crime|Drama|Horror,190000000,81,2012,5.1,308,0
434,Movie 434,Adventure,163000000,128,1997,6.1,367,0
435,Movie 435,Drama|Sci-Fi|Crime,143000000,142,1998,2.7,62,0
436,Movie 436,Documentary|Sci-Fi|Drama,6000000,175,1998,8.8,299,1
437,Movie 437,Horror|Fantasy|Animation,96000000,176,2003,3.7,243,1
438,Movie 438,Animation|Action,97000000,174,1990,7.8,331,0
439,Movie 439,Sci-Fi,195000000,141,2019,2.2,213,0
440,Movie 440,Thriller|Sci-Fi,16000000,176,2010,2.1,204,0
441,Movie 441,Fantasy,137000000,112,2020,4.4,2,1
442,Movie 442,Crime,147000000,160,2005,7.3,428,0
443,Movie 443,Fantasy,84000000,88,2016,9.9,236,0
444,Movie 444,Fantasy|Sci-Fi,155000000,100,2018,5.7,360,0
445,Movie 445,Comedy|Action,146000000,178,2014,8.5,163,0
446,Movie 446,Thriller|Sci-Fi,38000000,102,2022,4.4,490,0
447,Movie 447,Documentary|Comedy,107000000,136,2008,4.3,293,0
448,Movie 448,Thriller|Children,46000000,82,2016,4.9,196,0
449,Movie 449,Action,43000000,173,2024,6.4,265,0
450,Movie 450,Drama,187000000,135,2012,3.5,71,0
451,Movie 451,Sci-Fi|Crime,27000000,157,1993,3.8,218,1
452,Movie 452,Adventure|Drama|Thriller,160000000,96,1999,2.7,335,0
453,Movie 453,Documentary,163000000,174,2022,5.8,243,1
454,Movie 454,Children,123000000,112,1995,4.4,87,0
455,Movie 455,Animation,5000000,151,1990,9.4,325,0
456,Movie 456,Crime|Documentary|Animation,139000000,158,1995,2.3,439,0
457,Movie 457,Comedy,77000000,123,2006,9.6,126,0
458,Movie 458,Comedy|Thriller,86000000,89,2004,9.8,218,0
459,Movie 459,Drama|Children,1000000,106,1992,3.7,108,0
460,Movie 460,Action|Documentary|Drama,120000000,138,2023,3.6,70,0
461,Movie 461,Drama|Crime,64000000,97,2019,8.5,462,0
462,Movie 462,Crime|Children,73000000,102,1997,9.1,350,0
463,Movie 463,Thriller,166000000,155,2018,7.5,409,0
464,Movie 464,Crime|Children,11000000,101,1999,7.5,481,0
465,Movie 465,Animation|Comedy|Children,97000000,142,1998,6.9,156,0
466,Movie 466,Crime|Action|Drama,142000000,122,2014,8.7,447,0
467,Movie 467,Animation|Thriller|Crime,32000000,80,2003,5.0,228,1
468,Movie 468,Thriller|Sci-Fi,85000000,137,2000,4.6,282,0
469,Movie 469,Fantasy|Children|Crime,149000000,88,2019,5.4,20,0
470,Movie 470,Drama|Adventure|Sci-Fi,30000000,159,1999,6.2,348,1
471,Movie 471,Action,105000000,127,1992,4.4,192,0
472,Movie 472,Adventure|Crime|Animation,53000000,107,1991,5.1,383,0
473,Movie 473,Thriller|Comedy|Documentary,123000000,101,2007,7.0,463,0
474,Movie 474,Fantasy|Action|Comedy,47000000,110,2019,5.0,119,1
475,Movie 475,Fantasy|Action|Drama,62000000,98,2006,3.9,274,0
476,Movie 476,Action|Drama,154000000,83,2022,8.6,202,0
477,Movie 477,Horror|Action,172000000,142,2002,2.7,309,1
478,Movie 478,Documentary|Children,100000000,160,2016,8.8,495,0
479,Movie 479,Drama|Crime,67000000,122,2006,8.8,276,0
480,Movie 480,Documentary,45000000,113,2005,7.6,11,0
481,Movie 481,Documentary,138000000,177,2008,2.2,399,0
482,Movie 482,Horror,61000000,80,1996,2.9,119,0
483,Movie 483,Fantasy|Thriller,104000000,168,1997,3.2,395,0
484,Movie 484,Adventure|Horror,74000000,116,2002,2.1,111,0
485,Movie 485,Crime,147000000,137,2017,3.2,55,0
486,Movie 486,Action,48000000,167,2023,3.6,436,1
487,Movie 487,Drama|Action|Documentary,19000000,179,2023,2.5,144,1
488,Movie 488,Comedy,175000000,111,2000,3.0,210,0
489,Movie 489,Thriller,10000000,150,2013,3.2,220,0
490,Movie 490,Thriller,156000000,176,1997,4.4,77,0
491,Movie 491,Animation,3000000,142,2001,6.9,231,1
492,Movie 492,Adventure|Documentary|Horror,39000000,168,1996,7.2,446,0
493,Movie 493,Crime,24000000,135,1990,4.6,293,0
494,Movie 494,Drama|Action,20000000,119,2019,7.2,182,0
495,Movie 495,Thriller|Animation,148000000,117,2012,5.5,53,0
496,Movie 496,Comedy,188000000,121,2020,2.2,85,0
497,Movie 497,Comedy|Thriller|Adventure,148000000,91,2012,6.8,101,1
498,Movie 498,Crime|Sci-Fi|Documentary,183000000,136,2011,6.2,457,0
499,Movie 499,Action|Fantasy|Documentary,199000000,114,1991,7.2,107,1
500,Movie 500,Sci-Fi|Fantasy,166000000,148,1996,5.7,395,0
501,Movie 501,Adventure|Sci-Fi|Comedy,99000000,123,2000,8.5,342,1
502,Movie 502,Fantasy|Crime|Adventure,92000000,172,1994,7.3,154,0
503,Movie 503,Thriller|Crime,31000000,91,2021,9.9,431,0
504,Movie 504,Thriller,140000000,119,2004,3.0,32,0
505,Movie 505,Thriller|Action|Drama,176000000,119,2017,4.7,86,1
506,Movie 506,Action|Drama,169000000,163,1997,4.1,26,0
507,Movie 507,Drama|Sci-Fi,179000000,171,2015,4.3,71,1
508,Movie 508,Action|Drama|Fantasy,17000000,80,2003,4.8,35,1
509,Movie 509,Drama|Sci-Fi,114000000,158,1992,5.0,226,1
510,Movie 510,Action,48000000,165,2014,2.5,204,0
511,Movie 511,Sci-Fi|Fantasy|Adventure,35000000,176,1991,4.2,266,0
512,Movie 512,Crime,175000000,121,2022,9.2,33,1
513,Movie 513,Thriller|Comedy|Documentary,49000000,135,2015,2.0,388,0
514,Movie 514,Crime|Horror|Sci-Fi,121000000,156,1996,6.0,303,0
515,Movie 515,Adventure|Children,165000000,171,2002,2.1,495,0
516,Movie 516,Comedy|Action,70000000,128,2022,9.2,239,0
517,Movie 517,Sci-Fi,134000000,119,1998,2.9,271,0
518,Movie 518,Documentary,132000000,173,2013,8.8,228,0
519,Movie 519,Animation|Thriller,72000000,125,2015,2.6,46,1
520,Movie 520,Adventure,47000000,127,2023,3.9,284,0
521,Movie 521,Horror,26000000,128,2009,2.8,151,0
522,Movie 522,Action|Thriller,6000000,131,2008,6.8,498,0
523,Movie 523,Sci-Fi|Horror|Crime,69000000,81,2019,9.4,312,0
524,Movie 524,Animation|Crime,163000000,154,1993,2.2,69,0
525,Movie 525,Crime,110000000,81,1990,4.0,234,0
526,Movie 526,Thriller|Comedy|Action,75000000,102,2019,7.6,51,0
527,Movie 527,Thriller|Fantasy|Action,149000000,156,2019,8.4,158,1
528,Movie 528,Animation|Documentary,115000000,88,2003,4.5,450,1
529,Movie 529,Fantasy,134000000,153,2005,4.4,172,0
530,Movie 530,Crime,122000000,156,2008,4.9,493,1
531,Movie 531,Crime|Adventure|Children,69000000,110,1995,6.4,150,0
532,Movie 532,Crime,180000000,130,2024,3.5,51,0
533,Movie 533,Fantasy|Crime|Sci-Fi,111000000,168,2019,2.4,86,1
534,Movie 534,Fantasy,54000000,173,2022,3.3,276,1
535,Movie 535,Thriller|Documentary,26000000,129,2005,9.3,15,0
536,Movie 536,Thriller|Crime,88000000,146,2019,7.0,96,1
537,Movie 537,Fantasy|Adventure|Action,8000000,142,1991,4.0,350,0
538,Movie 538,Fantasy,127000000,172,2023,8.8,280,0
539,Movie 539,Animation,15000000,120,1997,7.1,186,0
540,Movie 540,Animation|Documentary|Sci-Fi,62000000,175,2006,3.7,217,0
541,Movie 541,Action|Horror,189000000,168,2008,4.4,286,0
542,Movie 542,Fantasy|Animation|Drama,134000000,113,2004,9.2,183,0
543,Movie 543,Animation|Fantasy|Children,172000000,135,1995,6.4,382,0
544,Movie 544,Adventure,10000000,122,2006,6.6,340,0
545,Movie 545,Crime|Action,74000000,103,2008,9.1,278,0
546,Movie 546,Children|Adventure,168000000,128,2006,8.7,293,0
547,Movie 547,Adventure|Comedy,153000000,155,1995,3.4,316,0
548,Movie 548,Documentary|Comedy|Thriller,141000000,169,2011,3.5,452,0
549,Movie 549,Horror|Adventure,4000000,139,1993,6.4,65,0
550,Movie 550,Comedy|Drama|Children,111000000,156,1994,5.4,74,0
551,Movie 551,Crime|Animation,122000000,154,1997,9.0,384,1
552,Movie 552,Documentary|Action,134000000,137,2009,5.1,40,0
553,Movie 553,Crime|Adventure,77000000,102,2023,4.7,356,0
554,Movie 554,Documentary|Thriller|Comedy,76000000,126,2016,8.8,87,0
555,Movie 555,Action|Thriller|Documentary,81000000,148,2023,4.9,298,0
556,Movie 556,Horror|Children|Thriller,71000000,105,2011,7.6,410,0
557,Movie 557,Children|Action|Sci-Fi,121000000,142,2013,8.4,362,0
558,Movie 558,Horror|Fantasy|Animation,71000000,176,2003,4.9,341,1
559,Movie 559,Adventure,37000000,156,2021,7.2,240,0
560,Movie 560,Drama|Documentary|Sci-Fi,96000000,109,2007,3.5,10,0
561,Movie 561,Animation|Adventure,83000000,147,2022,9.2,199,0
562,Movie 562,Thriller,63000000,135,2014,5.7,188,1
563,Movie 563,Thriller|Action|Drama,37000000,176,1993,3.9,316,0
564,Movie 564,Drama|Action,68000000,83,1992,4.7,204,0
565,Movie 565,Documentary|Crime,95000000,120,2019,9.5,125,0
566,Movie 566,Fantasy,142000000,120,2000,7.9,256,1
567,Movie 567,Action|Sci-Fi,108000000,126,1993,7.6,142,1
568,Movie 568,Crime|Thriller,73000000,174,2024,5.6,373,0
569,Movie 569,Thriller,144000000,147,1993,3.4,419,1
570,Movie 570,Children|Crime|Animation,49000000,94,2008,5.0,129,0
571,Movie 571,Action,56000000,130,2001,6.7,82,0
572,Movie 572,Animation|Children|Thriller,35000000,170,2023,7.8,496,0
573,Movie 573,Documentary,146000000,141,2004,3.2,41,0
574,Movie 574,Comedy,48000000,112,1997,9.4,392,0
575,Movie 575,Adventure|Comedy,159000000,117,2023,5.6,40,0
576,Movie 576,Children|Animation,191000000,170,2005,2.6,117,0
577,Movie 577,Drama|Children,9000000,125,2008,7.1,349,0
578,Movie 578,Action|Fantasy|Comedy,27000000,157,2001,2.1,104,0
579,Movie 579,Drama,175000000,165,2011,5.1,461,0
580,Movie 580,Thriller|Animation,35000000,162,2018,5.2,249,0
581,Movie 581,Children,174000000,143,1998,3.4,159,0
582,Movie 582,Animation,132000000,103,2005,6.7,161,0
583,Movie 583,Documentary|Fantasy,1000000,80,2016,2.7,77,0
584,Movie 584,Children,162000000,82,1990,8.3,195,0
585,Movie 585,Sci-Fi,144000000,97,1994,3.8,446,0
586,Movie 586,Crime,154000000,122,2018,5.8,449,1
587,Movie 587,Animation|Thriller,79000000,154,2010,8.8,31,0
588,Movie 588,Crime|Documentary,159000000,96,2014,4.1,194,0
589,Movie 589,Fantasy|Adventure|Sci-Fi,142000000,169,1999,4.9,108,0
590,Movie 590,Fantasy|Crime|Adventure,171000000,136,1991,7.5,142,0
591,Movie 591,Horror,167000000,137,2020,6.2,174,0
592,Movie 592,Fantasy,135000000,163,1997,8.6,51,0
593,Movie 593,Documentary|Action|Crime,4000000,111,2012,2.2,66,0
594,Movie 594,Documentary|Fantasy,188000000,118,2003,8.5,260,0
595,Movie 595,Comedy|Horror|Adventure,56000000,178,2012,3.0,361,0
596,Movie 596,Adventure|Animation,32000000,126,2003,6.7,375,1
597,Movie 597,Thriller|Comedy,124000000,163,2017,9.2,282,0
598,Movie 598,Documentary|Adventure,103000000,179,1999,9.1,425,0
599,Movie 599,Children,97000000,116,2012,4.3,319,0
600,Movie 600,Horror,115000000,82,2017,2.8,237,0
601,Movie 601,Sci-Fi|Comedy,159000000,104,2004,8.6,326,0
602,Movie 602,Adventure|Comedy|Fantasy,195000000,171,2016,7.1,108,0
603,Movie 603,Children,107000000,131,1990,2.3,365,0
604,Movie 604,Adventure,188000000,149,1994,4.1,243,0
605,Movie 605,Sci-Fi,105000000,160,2020,3.8,169,0
606,Movie 606,Action|Horror,66000000,118,1990,2.1,58,0
607,Movie 607,Adventure|Animation,60000000,98,1996,8.0,272,0
608,Movie 608,Thriller|Action|Adventure,11000000,137,2017,9.1,432,0
609,Movie 609,Fantasy|Thriller,87000000,166,2020,6.9,309,1
610,Movie 610,Adventure,195000000,151,2003,8.1,376,1
611,Movie 611,Children,16000000,102,2003,4.7,337,0
612,Movie 612,Thriller,40000000,149,2009,3.5,315,0
613,Movie 613,Fantasy,135000000,89,2013,6.2,337,1
614,Movie 614,Fantasy|Documentary,116000000,174,2012,6.2,88,0
615,Movie 615,Children|Horror,73000000,150,2018,8.3,164,0
616,Movie 616,Documentary,138000000,130,1999,7.9,182,0
617,Movie 617,Drama|Animation,48000000,81,2007,5.4,230,1
618,Movie 618,Thriller,24000000,115,1995,4.3,65,1
619,Movie 619,Action,41000000,110,2008,2.1,109,0
620,Movie 620,Drama|Documentary,13000000,90,1990,4.6,81,1
621,Movie 621,Drama,102000000,108,1990,8.6,138,1
622,Movie 622,Action,55000000,101,1994,7.1,198,0
623,Movie 623,Children|Animation,140000000,179,2022,8.0,311,0
624,Movie 624,Fantasy|Comedy|Action,152000000,101,2004,4.9,421,0
625,Movie 625,Documentary|Crime|Sci-Fi,184000000,89,2013,3.4,251,1
626,Movie 626,Comedy|Sci-Fi,49000000,139,2020,3.2,140,1
627,Movie 627,Crime,79000000,166,2022,8.6,289,0
628,Movie 628,Sci-Fi,94000000,90,2024,4.4,206,0
629,Movie 629,Fantasy,114000000,152,2015,7.8,41,1
630,Movie 630,Animation|Horror|Adventure,43000000,172,2024,5.0,447,0
631,Movie 631,Horror|Comedy|Thriller,59000000,138,2006,3.2,142,0
632,Movie 632,Drama|Action,40000000,166,2023,4.6,124,1
633,Movie 633,Action,28000000,83,2004,8.2,218,0
634,Movie 634,Fantasy,171000000,133,2012,9.2,183,1
635,Movie 635,Horror|Fantasy|Documentary,20000000,148,2011,8.5,330,0
636,Movie 636,Adventure|Fantasy|Horror,64000000,147,2015,5.1,241,1
637,Movie 637,Drama|Documentary,111000000,152,1993,2.6,165,0
638,Movie 638,Sci-Fi,157000000,118,2012,4.9,343,0
639,Movie 639,Action,159000000,162,1994,5.2,410,0
640,Movie 640,Animation,106000000,111,2012,4.3,282,0
641,Movie 641,Horror|Action,94000000,175,1995,3.9,298,0
642,Movie 642,Comedy|Crime|Fantasy,46000000,170,2018,9.1,262,0
643,Movie 643,Action|Children,126000000,134,2002,6.6,118,0
644,Movie 644,Adventure|Fantasy|Action,160000000,176,2013,8.8,284,0
645,Movie 645,Children|Action,167000000,155,2024,7.7,217,0
646,Movie 646,Horror|Animation|Fantasy,166000000,123,2011,4.2,283,0
647,Movie 647,Animation,159000000,135,2004,8.5,73,0
648,Movie 648,Adventure|Animation,45000000,125,2010,6.7,96,0
649,Movie 649,Horror|Crime,31000000,177,2019,9.3,243,1
650,Movie 650,Comedy|Children|Fantasy,190000000,100,2008,3.2,29,0
651,Movie 651,Comedy,121000000,156,1998,3.4,464,0
652,Movie 652,Fantasy|Thriller,181000000,176,2010,6.4,469,0
653,Movie 653,Comedy|Drama|Thriller,59000000,92,2002,5.6,352,0
654,Movie 654,Horror|Action,57000000,117,2017,2.6,88,0
655,Movie 655,Animation|Crime|Children,26000000,156,2020,7.5,110,1
656,Movie 656,Sci-Fi|Horror|Comedy,105000000,113,1997,7.7,485,0
657,Movie 657,Children|Horror|Comedy,127000000,102,1997,7.4,432,0
658,Movie 658,Horror,55000000,145,2021,8.1,486,0
659,Movie 659,Comedy|Drama,181000000,99,2007,9.7,375,0
660,Movie 660,Crime|Adventure,3000000,132,1994,6.1,13,0
661,Movie 661,Animation,23000000,162,2003,4.9,111,0
662,Movie 662,Children,34000000,167,2000,4.8,441,0
663,Movie 663,Action|Comedy|Horror,184000000,81,1994,3.0,358,0
664,Movie 664,Crime,98000000,152,2018,7.7,325,0
665,Movie 665,Horror|Children,154000000,159,1999,4.9,205,1
666,Movie 666,Animation|Thriller|Fantasy,32000000,169,2012,9.1,233,0
667,Movie 667,Action,34000000,88,2023,6.2,405,0
668,Movie 668,Fantasy|Thriller,182000000,95,1997,4.0,175,0
669,Movie 669,Sci-Fi,138000000,114,2009,2.7,483,0
670,Movie 670,Comedy|Adventure|Horror,13000000,167,2006,2.6,152,0
671,Movie 671,Sci-Fi,89000000,151,2004,9.2,177,1
672,Movie 672,Sci-Fi|Documentary,50000000,98,2018,2.1,181,0
673,Movie 673,Adventure|Children,78000000,178,1997,9.6,245,0
674,Movie 674,Fantasy,86000000,151,2005,8.5,31,0
675,Movie 675,Children,44000000,107,2008,4.7,323,0
676,Movie 676,Comedy|Thriller|Drama,171000000,113,2003,4.8,182,0
677,Movie 677,Fantasy|Documentary|Crime,176000000,140,1992,6.6,347,0
678,Movie 678,Children|Drama,102000000,124,2008,2.2,240,1
679,Movie 679,Sci-Fi,60000000,95,2007,3.2,112,0
680,Movie 680,Drama|Animation,86000000,148,2006,7.2,21,0
681,Movie 681,Adventure|Drama,72000000,98,2018,4.4,115,1
682,Movie 682,Horror,98000000,120,2004,4.5,93,0
683,Movie 683,Documentary|Adventure|Comedy,20000000,86,1992,8.7,403,0
684,Movie 684,Crime|Comedy,81000000,178,2009,4.7,79,1
685,Movie 685,Thriller,85000000,81,2010,2.1,27,1
686,Movie 686,Animation,64000000,93,1999,6.6,179,0
687,Movie 687,Thriller|Documentary|Fantasy,92000000,91,2024,8.3,477,0
688,Movie 688,Drama,15000000,142,2007,3.3,388,0
689,Movie 689,Action|Animation|Thriller,110000000,163,2014,3.7,377,0
690,Movie 690,Animation|Sci-Fi,196000000,171,2005,5.7,383,0
691,Movie 691,Documentary,187000000,175,1994,4.4,312,0
692,Movie 692,Documentary,100000000,165,1992,6.7,23,1
693,Movie 693,Thriller,162000000,109,2024,3.3,295,1
694,Movie 694,Animation,189000000,138,1997,10.0,191,1
695,Movie 695,Sci-Fi|Documentary,133000000,165,1999,8.3,406,0
696,Movie 696,Action,183000000,170,2024,9.8,55,0
697,Movie 697,Action|Animation,154000000,127,2012,9.0,290,0
698,Movie 698,Horror|Drama,12000000,112,2019,7.2,354,1
699,Movie 699,Adventure,177000000,126,1996,7.7,447,0
700,Movie 700,Horror,32000000,118,2018,6.7,431,0
701,Movie 701,Crime|Animation|Thriller,6000000,155,2004,10.0,479,0
702,Movie 702,Animation|Thriller|Action,83000000,154,2022,7.2,206,1
703,Movie 703,Adventure|Fantasy,118000000,118,2010,2.7,39,0
704,Movie 704,Horror|Drama,22000000,101,2003,8.4,140,0
705,Movie 705,Comedy|Thriller|Crime,105000000,138,2016,7.0,233,0
706,Movie 706,Comedy|Drama|Documentary,194000000,137,2002,8.1,326,0
707,Movie 707,Adventure,195000000,103,2010,9.0,7,0
708,Movie 708,Documentary|Drama|Thriller,93000000,110,2013,2.9,218,0
709,Movie 709,Fantasy,31000000,153,1994,5.8,451,1
710,Movie 710,Action|Adventure|Thriller,5000000,172,2009,8.1,234,0
711,Movie 711,Crime|Fantasy|Adventure,172000000,92,2006,5.6,418,0
712,Movie 712,Sci-Fi|Thriller|Comedy,169000000,97,2017,8.1,174,0
713,Movie 713,Documentary|Fantasy|Thriller,5000000,112,2015,7.5,445,1
714,Movie 714,Children|Thriller|Drama,14000000,128,1999,3.4,289,1
715,Movie 715,Documentary,19000000,177,2021,5.3,421,0
716,Movie 716,Crime|Fantasy,107000000,117,1997,6.0,203,0
717,Movie 717,Fantasy|Animation,61000000,144,2006,8.3,138,1
718,Movie 718,Sci-Fi|Animation|Fantasy,108000000,117,2015,5.3,25,1
719,Movie 719,Drama|Children,138000000,175,2002,9.3,280,1
720,Movie 720,Horror|Children|Crime,29000000,101,2006,7.1,159,0
721,Movie 721,Documentary|Adventure,146000000,146,2013,3.2,207,1
722,Movie 722,Drama,73000000,146,2007,5.6,361,0
723,Movie 723,Action,153000000,86,2008,9.6,57,0
724,Movie 724,Adventure|Horror,177000000,136,1995,8.3,189,0
725,Movie 725,Children|Crime,183000000,140,2001,3.2,194,0
726,Movie 726,Action,107000000,146,1995,8.6,37,1
727,Movie 727,Documentary|Adventure|Crime,90000000,158,1992,6.2,423,0
728,Movie 728,Adventure|Children|Drama,95000000,147,2005,7.8,94,0
729,Movie 729,Documentary|Adventure,110000000,111,1992,9.0,124,0
730,Movie 730,Horror|Comedy,181000000,136,2019,8.5,273,1
731,Movie 731,Fantasy,165000000,96,2012,9.8,323,0
732,Movie 732,Animation,135000000,145,2012,3.1,19,0
733,Movie 733,Adventure|Crime,130000000,123,2013,8.2,388,0
734,Movie 734,Drama|Children,154000000,85,2020,9.4,408,0
735,Movie 735,Documentary,37000000,131,2001,2.6,256,1
736,Movie 736,Sci-Fi|Adventure|Crime,46000000,114,2022,4.7,326,0
737,Movie 737,Drama|Documentary,57000000,168,2006,5.5,120,1
738,Movie 738,Action|Comedy,117000000,165,2015,7.3,456,0
739,Movie 739,Adventure,47000000,96,2010,5.1,29,0
740,Movie 740,Animation|Adventure,77000000,120,2000,6.7,309,0
741,Movie 741,Children|Animation|Fantasy,56000000,151,1997,4.4,492,0
742,Movie 742,Drama|Thriller|Children,26000000,105,1996,6.5,228,1
743,Movie 743,Adventure|Children,35000000,136,2023,9.9,252,1
744,Movie 744,Horror,191000000,120,1995,4.5,41,0
745,Movie 745,Documentary|Adventure,28000000,126,2001,8.8,24,0
746,Movie 746,Comedy|Animation|Action,45000000,170,2000,7.4,496,0
747,Movie 747,Animation|Drama|Children,114000000,175,2020,8.4,405,0
748,Movie 748,Adventure,34000000,141,2015,2.1,380,0
749,Movie 749,Sci-Fi|Crime,56000000,109,2023,2.3,296,0
750,Movie 750,Documentary,123000000,89,2022,7.5,237,0
751,Movie 751,Adventure|Children|Thriller,98000000,92,2016,3.6,305,1
752,Movie 752,Comedy|Sci-Fi,97000000,137,2023,8.1,215,0
753,Movie 753,Adventure|Documentary|Fantasy,128000000,135,1995,6.8,336,0
754,Movie 754,Sci-Fi,147000000,131,2011,2.2,400,0
755,Movie 755,Sci-Fi|Action,54000000,126,2022,5.0,237,0
756,Movie 756,Thriller|Animation,84000000,128,2011,9.3,430,1
757,Movie 757,Crime|Documentary|Action,152000000,128,2022,5.2,93,0
758,Movie 758,Animation|Sci-Fi,57000000,126,2023,5.5,186,0
759,Movie 759,Action,148000000,129,2021,7.3,352,0
760,Movie 760,Children|Documentary|Sci-Fi,19000000,139,2013,9.2,71,0
761,Movie 761,Drama|Sci-Fi,118000000,169,1991,6.4,457,0
762,Movie 762,Action|Crime,78000000,105,2023,7.8,319,0
763,Movie 763,Children|Fantasy,109000000,90,1999,7.3,89,0
764,Movie 764,Children,94000000,85,2006,5.9,44,0
765,Movie 765,Documentary|Fantasy|Crime,192000000,117,2010,8.6,169,0
766,Movie 766,Adventure|Action|Documentary,35000000,101,2020,8.2,282,0
767,Movie 767,Animation|Drama|Adventure,89000000,175,2019,2.3,228,0
768,Movie 768,Horror|Children|Sci-Fi,165000000,167,2003,9.3,397,1
769,Movie 769,Comedy|Thriller|Sci-Fi,8000000,83,2008,3.8,374,0
770,Movie 770,Sci-Fi|Animation|Action,173000000,129,2021,6.7,104,0
771,Movie 771,Documentary|Comedy|Adventure,42000000,118,2004,3.6,458,1
772,Movie 772,Crime|Horror,168000000,144,2023,5.9,427,1
773,Movie 773,Sci-Fi|Crime|Horror,123000000,112,1997,6.7,89,0
774,Movie 774,Crime|Children,127000000,171,2005,4.9,110,0
775,Movie 775,Horror|Children|Adventure,50000000,109,1997,6.3,218,0
776,Movie 776,Fantasy|Drama|Thriller,140000000,88,2024,5.2,205,0
777,Movie 777,Thriller|Documentary|Horror,54000000,85,2003,4.7,397,0
778,Movie 778,Thriller,191000000,92,2023,3.6,81,0
779,Movie 779,Children|Fantasy|Sci-Fi,172000000,154,2004,7.5,294,0
780,Movie 780,Children,11000000,161,2007,7.1,306,1
781,Movie 781,Crime|Sci-Fi|Horror,13000000,106,1998,5.1,289,0
782,Movie 782,Drama|Comedy,125000000,117,1994,5.5,137,0
783,Movie 783,Drama,167000000,111,1990,8.6,447,0
784,Movie 784,Thriller|Documentary|Animation,180000000,98,2019,5.4,433,1
785,Movie 785,Animation|Crime|Adventure,36000000,85,2008,2.5,125,0
786,Movie 786,Fantasy|Crime|Thriller,130000000,150,2011,7.5,348,0
787,Movie 787,Horror|Adventure,80000000,91,1993,4.6,148,0
788,Movie 788,Action|Comedy|Horror,103000000,146,2019,5.3,65,0
789,Movie 789,Crime|Horror,171000000,113,1999,6.8,448,0
790,Movie 790,Documentary|Children,197000000,136,2002,9.5,441,0
791,Movie 791,Sci-Fi|Thriller,199000000,103,2005,5.2,160,0
792,Movie 792,Animation|Crime|Documentary,22000000,133,1999,7.7,487,0
793,Movie 793,Action|Crime,2000000,143,1990,3.0,124,0
794,Movie 794,Animation,158000000,155,1992,5.4,223,1
795,Movie 795,Comedy|Crime|Horror,165000000,143,2002,6.3,398,0
796,Movie 796,Children|Documentary,119000000,161,2000,8.0,378,0
797,Movie 797,Children,126000000,170,1994,9.9,146,0
798,Movie 798,Thriller|Horror|Fantasy,165000000,95,1999,3.0,85,0
799,Movie 799,Thriller|Horror|Action,42000000,80,2005,8.2,315,0
800,Movie 800,Adventure,44000000,132,2022,6.3,115,0
801,Movie 801,Drama|Adventure|Fantasy,192000000,92,1998,3.2,470,1
802,Movie 802,Horror|Comedy,116000000,107,2007,8.3,261,1
803,Movie 803,Documentary|Adventure,10000000,89,2010,8.7,441,0
804,Movie 804,Horror,81000000,147,1996,6.5,230,0
805,Movie 805,Children,143000000,152,1991,4.2,274,0
806,Movie 806,Adventure|Fantasy|Thriller,136000000,138,2023,8.8,281,0
807,Movie 807,Adventure,92000000,120,2020,7.8,57,0
808,Movie 808,Documentary,119000000,103,2009,6.2,195,1
809,Movie 809,Children|Fantasy,156000000,89,2001,8.3,418,0
810,Movie 810,Fantasy,158000000,133,2023,7.1,97,0
811,Movie 811,Crime|Sci-Fi|Horror,9000000,136,2018,4.2,147,0
812,Movie 812,Fantasy|Adventure,12000000,150,2022,8.8,464,0
813,Movie 813,Drama|Sci-Fi|Animation,126000000,147,2015,8.0,437,0
814,Movie 814,Horror|Action|Children,6000000,133,2007,5.8,232,1
815,Movie 815,Fantasy,111000000,121,2001,3.5,237,0
816,Movie 816,Documentary|Fantasy,153000000,112,2022,3.2,189,0
817,Movie 817,Thriller|Sci-Fi|Crime,114000000,153,1998,9.1,257,0
818,Movie 818,Action|Animation|Drama,193000000,144,1993,4.4,447,0
819,Movie 819,Documentary|Action,94000000,130,1994,8.8,430,0
820,Movie 820,Action|Animation|Drama,39000000,96,2011,4.7,147,0
821,Movie 821,Action,92000000,103,2021,8.9,479,0
822,Movie 822,Crime|Fantasy|Drama,176000000,90,1998,6.9,196,0
823,Movie 823,Action|Animation|Crime,126000000,145,2010,5.4,92,0
824,Movie 824,Documentary,37000000,98,2008,8.8,289,0
825,Movie 825,Children|Documentary|Fantasy,129000000,163,2024,5.9,128,0
826,Movie 826,Drama,150000000,158,2019,8.0,125,1
827,Movie 827,Adventure|Horror|Sci-Fi,67000000,122,2016,7.2,19,1
828,Movie 828,Fantasy|Drama|Animation,47000000,163,2007,4.9,191,0
829,Movie 829,Comedy|Horror,187000000,141,2000,8.1,177,1
830,Movie 830,Fantasy,19000000,91,2015,6.4,132,0
831,Movie 831,Crime,192000000,109,2000,3.5,435,1
832,Movie 832,Fantasy,136000000,119,2018,9.4,40,0
833,Movie 833,Drama|Fantasy|Sci-Fi,5000000,93,2000,9.1,95,0
834,Movie 834,Thriller|Fantasy,143000000,176,2003,9.4,91,0
835,Movie 835,Horror|Drama|Crime,62000000,88,2016,5.9,261,0
836,Movie 836,Horror,171000000,144,1995,7.6,48,0
837,Movie 837,Action|Adventure|Thriller,167000000,152,1990,9.3,380,0
838,Movie 838,Documentary|Children|Drama,85000000,85,1999,5.7,262,0
839,Movie 839,Horror|Documentary,141000000,164,2011,3.1,443,0
840,Movie 840,Sci-Fi|Crime,75000000,89,2006,7.3,94,1
841,Movie 841,Children,74000000,175,2024,7.3,409,0
842,Movie 842,Animation|Adventure,131000000,83,2016,5.3,160,0
843,Movie 843,Fantasy|Children|Crime,10000000,174,2001,2.9,342,1
844,Movie 844,Adventure|Drama|Action,152000000,174,2020,7.8,133,0
845,Movie 845,Sci-Fi|Animation,51000000,117,1994,8.8,381,0
846,Movie 846,Adventure|Fantasy,67000000,126,2012,6.9,86,1
847,Movie 847,Comedy|Horror|Crime,162000000,136,2006,6.2,478,0
848,Movie 848,Fantasy,69000000,129,1994,4.3,388,0
849,Movie 849,Adventure,49000000,122,2024,4.7,440,0
850,Movie 850,Fantasy,191000000,109,1992,2.5,226,0
851,Movie 851,Documentary|Comedy|Children,2000000,111,2019,5.1,486,0
852,Movie 852,Drama|Animation|Horror,100000000,122,2014,9.0,212,1
853,Movie 853,Animation|Adventure,16000000,120,1995,9.7,134,1
854,Movie 854,Thriller,163000000,100,1995,6.8,483,0
855,Movie 855,Adventure|Thriller,25000000,107,2004,2.5,23,0
856,Movie 856,Horror|Crime,18000000,141,1993,6.4,224,0
857,Movie 857,Thriller|Sci-Fi,188000000,155,2011,2.6,309,0
858,Movie 858,Sci-Fi,29000000,122,2015,7.7,433,0
859,Movie 859,Children|Documentary,88000000,160,2018,6.5,422,0
860,Movie 860,Action|Sci-Fi|Thriller,170000000,94,2009,4.7,480,0
861,Movie 861,Horror|Fantasy|Comedy,172000000,118,1999,7.4,55,0
862,Movie 862,Thriller,188000000,90,2007,3.1,146,1
863,Movie 863,Documentary|Adventure|Comedy,4000000,146,1995,9.9,406,0
864,Movie 864,Thriller|Fantasy,118000000,129,2002,4.5,247,0
865,Movie 865,Adventure|Animation,139000000,162,2007,9.5,298,0
866,Movie 866,Crime|Sci-Fi,87000000,135,2016,9.9,327,1
867,Movie 867,Crime,11000000,146,2024,4.4,264,0
868,Movie 868,Comedy|Fantasy|Thriller,91000000,98,2019,2.5,332,0
869,Movie 869,Adventure|Sci-Fi|Documentary,197000000,111,1994,5.0,228,0
870,Movie 870,Action|Documentary|Sci-Fi,138000000,96,2012,6.4,226,0
871,Movie 871,Sci-Fi|Animation|Drama,120000000,99,1992,6.9,354,1
872,Movie 872,Children|Animation,125000000,152,2002,9.1,463,0
873,Movie 873,Action|Children,170000000,110,2012,6.8,161,0
874,Movie 874,Thriller|Horror,154000000,163,2022,2.6,399,1
875,Movie 875,Fantasy,141000000,124,2016,4.0,55,0
876,Movie 876,Action,163000000,169,2014,3.1,355,0
877,Movie 877,Adventure|Animation,125000000,111,1990,3.1,485,0
878,Movie 878,Comedy|Crime,83000000,93,2009,5.1,136,0
879,Movie 879,Animation|Action,23000000,114,2003,6.8,489,1
880,Movie 880,Comedy|Sci-Fi|Action,46000000,173,2013,4.2,113,0
881,Movie 881,Drama,128000000,103,2020,5.3,233,0
882,Movie 882,Sci-Fi,190000000,133,2014,2.5,298,0
883,Movie 883,Documentary,143000000,177,2003,4.9,13,1
884,Movie 884,Comedy|Animation|Children,77000000,88,1991,9.1,246,0
885,Movie 885,Documentary,158000000,153,1997,6.4,242,0
886,Movie 886,Comedy,77000000,140,2021,2.8,221,0
887,Movie 887,Crime|Action|Horror,61000000,146,1992,5.7,197,0
888,Movie 888,Adventure|Fantasy|Horror,38000000,125,2005,4.2,284,1
889,Movie 889,Crime|Children,107000000,174,2019,4.8,313,0
890,Movie 890,Sci-Fi|Animation|Adventure,178000000,84,2008,9.5,399,0
891,Movie 891,Comedy,46000000,145,2000,9.9,160,0
892,Movie 892,Comedy|Animation|Fantasy,171000000,116,1999,2.5,248,0
893,Movie 893,Crime|Fantasy,95000000,111,2008,4.0,455,0
894,Movie 894,Adventure|Children,65000000,172,2019,5.1,220,0
895,Movie 895,Horror|Fantasy,167000000,103,2022,8.2,431,0
896,Movie 896,Horror,111000000,109,2020,6.1,323,0
897,Movie 897,Children|Comedy,163000000,145,2016,4.5,244,0
898,Movie 898,Adventure|Drama,137000000,127,2002,3.1,496,1
899,Movie 899,Adventure,129000000,162,2007,2.5,231,1
900,Movie 900,Drama|Documentary|Children,49000000,165,2023,3.4,122,1
901,Movie 901,Fantasy|Comedy|Animation,43000000,120,2004,4.5,483,0
902,Movie 902,Sci-Fi|Comedy,108000000,91,2007,9.0,194,0
903,Movie 903,Sci-Fi,157000000,148,2013,5.7,176,0
904,Movie 904,Thriller,187000000,143,2024,3.3,54,0
905,Movie 905,Children|Horror|Action,144000000,160,2016,5.5,181,0
906,Movie 906,Thriller|Sci-Fi|Fantasy,64000000,148,2013,3.7,449,0
907,Movie 907,Action,34000000,101,2005,6.2,472,0
908,Movie 908,Drama,102000000,87,2012,6.6,13,0
909,Movie 909,Drama,81000000,94,2009,6.8,413,0
910,Movie 910,Documentary|Fantasy,105000000,144,2012,5.7,132,0
911,Movie 911,Children|Crime|Documentary,35000000,158,1993,9.8,79,1
912,Movie 912,Sci-Fi,102000000,97,1993,8.6,90,0
913,Movie 913,Sci-Fi,87000000,86,2007,8.1,418,1
914,Movie 914,Documentary|Adventure|Action,77000000,141,2007,10.0,329,0
915,Movie 915,Crime,63000000,134,2012,8.9,56,0
916,Movie 916,Horror|Sci-Fi,93000000,105,2006,3.0,55,1
917,Movie 917,Drama,68000000,159,1996,4.4,17,0
918,Movie 918,Adventure|Action,48000000,122,2022,4.9,478,0
919,Movie 919,Sci-Fi,11000000,139,2006,5.7,176,0
920,Movie 920,Thriller,182000000,81,1996,5.4,407,0
921,Movie 921,Animation,60000000,168,2003,8.8,392,1
922,Movie 922,Fantasy|Children|Thriller,156000000,114,2001,9.9,43,1
923,Movie 923,Crime,6000000,145,1992,6.9,138,0
924,Movie 924,Thriller,51000000,168,2000,6.6,431,0
925,Movie 925,Horror,136000000,144,2010,6.0,473,0
926,Movie 926,Children,131000000,102,2010,5.2,421,0
927,Movie 927,Sci-Fi,119000000,123,2001,2.3,154,0
928,Movie 928,Adventure,181000000,174,2017,4.5,4,0
929,Movie 929,Horror|Sci-Fi|Adventure,71000000,157,2009,4.4,100,0
930,Movie 930,Drama|Crime|Horror,87000000,143,2018,3.0,201,0
931,Movie 931,Children,81000000,104,2013,2.0,174,1
932,Movie 932,Drama|Comedy,147000000,81,2013,3.8,201,0
933,Movie 933,Crime|Sci-Fi,20000000,113,1997,4.7,42,0
934,Movie 934,Fantasy|Children|Horror,9000000,138,1991,7.1,228,1
935,Movie 935,Comedy,157000000,177,2016,6.3,133,0
936,Movie 936,Crime|Thriller|Horror,99000000,159,2003,3.4,241,0
937,Movie 937,Fantasy|Comedy,23000000,136,1991,8.6,374,0
938,Movie 938,Action|Comedy|Animation,172000000,85,1990,9.3,213,0
939,Movie 939,Horror|Documentary,56000000,118,1994,7.6,401,0
940,Movie 940,Sci-Fi,4000000,117,2008,8.1,24,0
941,Movie 941,Horror,63000000,157,2004,5.7,261,0
942,Movie 942,Action|Children,156000000,125,2010,9.5,57,0
943,Movie 943,Sci-Fi|Children,160000000,124,2004,4.6,386,1
944,Movie 944,Children|Documentary,70000000,107,2021,3.8,191,0
945,Movie 945,Comedy|Crime|Children,95000000,148,2017,8.0,246,0
946,Movie 946,Comedy|Fantasy,45000000,171,2015,4.3,462,0
947,Movie 947,Sci-Fi,88000000,103,2001,7.9,165,0
948,Movie 948,Children,89000000,152,2008,2.5,430,0
949,Movie 949,Adventure,148000000,154,1992,2.2,419,0
950,Movie 950,Sci-Fi|Drama,125000000,145,2006,2.9,424,0
951,Movie 951,Adventure,126000000,171,2006,4.6,53,1
952,Movie 952,Horror|Crime|Action,106000000,119,1997,3.4,402,0
953,Movie 953,Drama,91000000,97,2020,8.6,450,0
954,Movie 954,Sci-Fi|Thriller,82000000,93,1995,3.2,41,0
955,Movie 955,Documentary|Horror,170000000,173,2008,9.7,6,0
956,Movie 956,Children|Thriller,122000000,151,2016,7.2,261,0
957,Movie 957,Thriller,196000000,142,2010,7.4,333,0
958,Movie 958,Sci-Fi|Drama,18000000,144,2010,7.5,210,0
959,Movie 959,Crime|Comedy|Drama,30000000,115,1994,5.6,388,1
960,Movie 960,Animation,14000000,99,2019,3.2,257,0
961,Movie 961,Children|Drama|Horror,151000000,120,2015,9.5,377,1
962,Movie 962,Children|Horror|Adventure,104000000,123,2003,4.6,492,0
963,Movie 963,Thriller|Action|Horror,175000000,110,2016,5.7,6,0
964,Movie 964,Action|Animation,169000000,161,1993,7.6,199,0
965,Movie 965,Animation|Horror,155000000,155,2010,7.4,473,0
966,Movie 966,Crime|Sci-Fi|Thriller,4000000,148,2017,8.7,288,0
967,Movie 967,Comedy|Animation|Action,80000000,111,2010,6.2,50,0
968,Movie 968,Documentary|Fantasy|Action,142000000,169,2003,5.0,164,0
969,Movie 969,Comedy,182000000,116,2004,2.3,489,1
970,Movie 970,Sci-Fi|Fantasy,66000000,130,1994,2.3,365,0
971,Movie 971,Fantasy|Drama|Sci-Fi,127000000,98,2003,6.0,451,0
972,Movie 972,Animation|Action,75000000,161,2021,9.2,447,0
973,Movie 973,Documentary|Drama,173000000,145,2002,4.5,137,0
974,Movie 974,Animation|Thriller|Comedy,48000000,121,2024,3.9,350,0
975,Movie 975,Horror|Animation|Action,128000000,140,2006,7.4,47,0
976,Movie 976,Fantasy,61000000,156,2022,6.4,161,0
977,Movie 977,Drama|Comedy|Fantasy,89000000,164,2017,5.2,270,0
978,Movie 978,Animation|Crime,197000000,86,2013,3.7,259,0
979,Movie 979,Comedy|Animation|Thriller,65000000,81,2006,9.8,318,0
980,Movie 980,Comedy|Drama,167000000,163,1998,2.6,475,0
981,Movie 981,Fantasy|Documentary,15000000,117,1994,5.9,423,0
982,Movie 982,Fantasy|Sci-Fi,92000000,95,2015,4.7,195,1
983,Movie 983,Fantasy|Thriller,156000000,100,2006,6.2,237,0
984,Movie 984,Fantasy|Adventure,19000000,94,1998,7.9,348,0
985,Movie 985,Crime,178000000,138,2022,9.2,285,1
986,Movie 986,Fantasy|Horror|Children,53000000,112,1991,7.1,156,0
987,Movie 987,Children|Thriller,31000000,163,1997,6.3,53,0
988,Movie 988,Horror|Thriller|Documentary,57000000,119,2000,5.1,201,1
989,Movie 989,Comedy|Animation|Sci-Fi,171000000,132,1991,6.2,206,0
990,Movie 990,Horror|Crime|Animation,18000000,171,2004,8.4,334,0
991,Movie 991,Adventure,159000000,158,2016,4.2,417,1
992,Movie 992,Animation|Horror|Documentary,137000000,112,2015,6.8,412,0
993,Movie 993,Drama|Thriller|Comedy,197000000,107,1994,7.8,180,1
994,Movie 994,Children|Comedy|Documentary,38000000,139,2022,8.3,290,0
995,Movie 995,Documentary|Crime|Action,2000000,114,2015,8.8,481,0
996,Movie 996,Children|Horror,164000000,123,1992,7.6,87,1
997,Movie 997,Adventure|Thriller|Sci-Fi,48000000,167,1999,4.7,107,0
998,Movie 998,Adventure|Documentary,40000000,156,2015,9.1,309,0
999,Movie 999,Thriller,179000000,133,2015,3.0,194,1
1000,Movie 1000,Animation|Children,189000000,155,2012,5.8,301,0
1001,Movie 1001,Comedy|Adventure,21000000,125,2007,7.0,43,0
1002,Movie 1002,Comedy|Drama|Sci-Fi,20000000,124,2011,9.6,427,0
1003,Movie 1003,Drama,152000000,97,1993,4.3,295,0
1004,Movie 1004,Thriller|Documentary|Horror,131000000,129,2011,6.4,241,0
1005,Movie 1005,Children,31000000,127,1994,8.1,107,0
1006,Movie 1006,Horror|Comedy|Action,35000000,173,1995,8.1,334,1
1007,Movie 1007,Documentary,32000000,115,1999,8.9,317,1
1008,Movie 1008,Animation|Comedy,145000000,162,2004,5.8,339,0
1009,Movie 1009,Horror|Animation|Comedy,194000000,147,1998,2.5,285,0
1010,Movie 1010,Action|Sci-Fi,121000000,127,2022,2.7,247,0
1011,Movie 1011,Thriller,77000000,150,1999,8.2,5,0
1012,Movie 1012,Comedy|Animation,148000000,117,2016,5.3,6,1
1013,Movie 1013,Sci-Fi|Horror,22000000,135,2018,8.5,343,1
1014,Movie 1014,Comedy,196000000,87,1997,8.7,170,0
1015,Movie 1015,Crime,63000000,168,1996,6.9,497,1
1016,Movie 1016,Comedy|Crime|Animation,182000000,108,1995,7.6,345,0
1017,Movie 1017,Adventure|Children,149000000,97,1993,6.7,160,0
1018,Movie 1018,Drama|Documentary,189000000,174,1999,4.2,378,0
1019,Movie 1019,Fantasy,172000000,99,2022,9.5,108,0
1020,Movie 1020,Fantasy,12000000,97,2001,2.8,233,0
1021,Movie 1021,Action,156000000,118,2007,4.0,108,0
1022,Movie 1022,Crime|Children,184000000,96,1995,5.4,352,0
1023,Movie 1023,Comedy,40000000,143,1995,2.3,461,1
1024,Movie 1024,Action|Crime,5000000,136,2007,6.9,287,1
1025,Movie 1025,Documentary,170000000,126,2011,8.9,253,0
1026,Movie 1026,Crime|Drama,181000000,135,2002,5.6,315,0
1027,Movie 1027,Children,163000000,125,2009,6.7,154,0
1028,Movie 1028,Drama,176000000,154,2017,8.7,366,0
1029,Movie 1029,Horror,114000000,147,2010,3.0,320,1
1030,Movie 1030,Horror|Documentary,85000000,118,2018,5.7,217,0
1031,Movie 1031,Action,73000000,94,2014,2.6,374,0
1032,Movie 1032,Animation,48000000,135,2012,4.5,67,1
1033,Movie 1033,Adventure,35000000,164,2021,9.3,45,1
1034,Movie 1034,Crime,165000000,95,2019,7.6,133,0
1035,Movie 1035,Drama,68000000,135,2019,2.5,453,0
1036,Movie 1036,Horror|Action,176000000,148,2014,3.9,491,0
1037,Movie 1037,Drama|Action,127000000,102,2017,5.0,203,0
1038,Movie 1038,Thriller,54000000,106,2008,5.7,63,0
1039,Movie 1039,Animation|Horror,195000000,143,1998,3.9,92,0
1040,Movie 1040,Drama|Documentary,55000000,161,2023,8.7,352,0
1041,Movie 1041,Horror|Adventure,34000000,150,1990,3.9,290,0
1042,Movie 1042,Animation|Children,16000000,135,1998,5.1,359,0
1043,Movie 1043,Fantasy,99000000,178,2002,7.8,256,0
1044,Movie 1044,Adventure,41000000,101,2008,7.3,409,1
1045,Movie 1045,Documentary,52000000,109,2020,7.1,356,1
1046,Movie 1046,Sci-Fi|Thriller|Animation,122000000,107,1998,4.6,78,0
1047,Movie 1047,Action|Horror|Fantasy,35000000,108,2018,3.5,3,0
1048,Movie 1048,Comedy,175000000,138,2002,2.1,68,1
1049,Movie 1049,Adventure|Documentary|Sci-Fi,129000000,85,2011,9.6,1,0
1050,Movie 1050,Crime|Animation,92000000,156,1992,2.8,295,1
1051,Movie 1051,Sci-Fi|Animation,196000000,140,2011,4.9,116,0
1052,Movie 1052,Sci-Fi,128000000,131,2016,3.0,393,0
1053,Movie 1053,Fantasy|Horror,132000000,105,2022,9.0,143,0
1054,Movie 1054,Crime|Horror|Children,42000000,162,2013,5.6,223,0
1055,Movie 1055,Thriller|Documentary|Adventure,161000000,112,2006,5.2,50,1
1056,Movie 1056,Crime|Sci-Fi|Fantasy,166000000,138,1997,3.8,229,0
1057,Movie 1057,Thriller|Action|Adventure,164000000,166,2002,3.4,218,0
1058,Movie 1058,Documentary|Comedy,185000000,106,1999,7.1,100,0
1059,Movie 1059,Action,41000000,130,2011,2.8,227,0
1060,Movie 1060,Action|Crime|Fantasy,187000000,168,2008,5.1,405,0
1061,Movie 1061,Drama|Children,9000000,143,2019,3.9,352,1
1062,Movie 1062,Children|Thriller,138000000,122,2013,2.9,407,0
1063,Movie 1063,Comedy|Fantasy,161000000,174,2021,4.4,130,0
1064,Movie 1064,Thriller,162000000,144,1995,7.6,89,1
1065,Movie 1065,Adventure,75000000,144,2021,7.2,351,0
1066,Movie 1066,Action|Children,36000000,85,2012,7.1,261,0
1067,Movie 1067,Sci-Fi,54000000,125,2005,2.2,330,0
1068,Movie 1068,Children|Documentary,10000000,161,2019,8.4,113,0
1069,Movie 1069,Comedy|Sci-Fi|Horror,187000000,117,2019,9.9,107,0
1070,Movie 1070,Adventure|Thriller|Fantasy,56000000,104,2005,4.3,21,0
1071,Movie 1071,Children|Adventure,78000000,95,2021,9.6,363,0
1072,Movie 1072,Drama|Documentary|Horror,168000000,138,2020,4.1,256,0
1073,Movie 1073,Drama,134000000,84,1992,2.3,176,0
1074,Movie 1074,Children,186000000,140,2005,8.8,79,0
1075,Movie 1075,Drama|Adventure|Horror,133000000,166,1995,4.8,244,0
1076,Movie 1076,Horror|Documentary,146000000,85,2003,6.2,465,0
1077,Movie 1077,Fantasy|Drama|Comedy,8000000,178,1993,7.8,96,0
1078,Movie 1078,Children|Adventure|Action,181000000,146,2009,4.8,68,0
1079,Movie 1079,Children,30000000,136,2012,4.7,20,0
1080,Movie 1080,Sci-Fi,175000000,123,2014,7.1,317,0
1081,Movie 1081,Fantasy|Crime,25000000,119,1998,3.9,473,0
1082,Movie 1082,Documentary,88000000,145,2014,3.0,200,0
1083,Movie 1083,Horror,1000000,166,2015,8.0,354,0
1084,Movie 1084,Documentary,19000000,102,1993,6.7,427,0
1085,Movie 1085,Children|Animation|Fantasy,139000000,143,2002,3.4,322,1
1086,Movie 1086,Action|Sci-Fi|Crime,176000000,140,2014,10.0,44,0
1087,Movie 1087,Horror,76000000,114,1999,6.9,91,0
1088,Movie 1088,Documentary,23000000,127,2011,2.5,230,0
1089,Movie 1089,Children,72000000,141,2005,3.6,183,1
1090,Movie 1090,Documentary|Fantasy|Adventure,178000000,128,1991,2.7,87,0
1091,Movie 1091,Sci-Fi,55000000,156,2021,9.8,134,1
1092,Movie 1092,Sci-Fi,158000000,89,2005,5.7,71,0
1093,Movie 1093,Comedy,141000000,153,2023,4.7,331,0
1094,Movie 1094,Children|Horror,13000000,152,2020,2.3,147,0
1095,Movie 1095,Documentary,47000000,83,1999,5.0,183,0
1096,Movie 1096,Thriller,46000000,172,1990,3.6,18,0
1097,Movie 1097,Documentary,136000000,151,2002,6.1,429,1
1098,Movie 1098,Drama,60000000,113,1990,2.9,432,0
1099,Movie 1099,Fantasy|Children|Documentary,113000000,105,2016,5.3,466,0
1100,Movie 1100,Animation|Thriller,22000000,84,1999,5.9,423,0
1101,Movie 1101,Comedy|Documentary,146000000,130,2018,9.6,139,1
1102,Movie 1102,Comedy|Action|Fantasy,135000000,89,2008,2.9,240,1
1103,Movie 1103,Adventure|Animation,162000000,145,1990,4.5,252,0
1104,Movie 1104,Crime|Action,139000000,141,1992,4.9,59,0
1105,Movie 1105,Thriller|Drama,177000000,151,2003,2.7,224,1
1106,Movie 1106,Children,22000000,122,2005,9.8,287,0
1107,Movie 1107,Fantasy,167000000,96,2006,4.8,192,0
1108,Movie 1108,Crime|Thriller,118000000,132,2016,6.9,447,0
1109,Movie 1109,Crime,83000000,113,2002,4.2,232,0
1110,Movie 1110,Crime|Action,141000000,81,1991,2.6,453,0
1111,Movie 1111,Drama|Horror|Action,158000000,131,2022,4.1,198,0
1112,Movie 1112,Sci-Fi|Adventure,120000000,104,2005,9.7,195,0
1113,Movie 1113,Fantasy,93000000,143,2003,9.8,260,0
1114,Movie 1114,Action|Drama|Fantasy,147000000,157,2007,7.3,371,0
1115,Movie 1115,Comedy|Action|Sci-Fi,79000000,107,1996,7.0,118,0
1116,Movie 1116,Fantasy|Action,176000000,162,1995,5.1,481,0
1117,Movie 1117,Fantasy,26000000,153,1996,3.0,101,0
1118,Movie 1118,Fantasy|Animation|Adventure,29000000,166,2007,6.5,201,0
1119,Movie 1119,Children|Horror|Adventure,157000000,135,2014,8.2,269,0
1120,Movie 1120,Crime,70000000,100,2023,6.7,206,0
1121,Movie 1121,Action,39000000,130,2003,6.2,430,1
1122,Movie 1122,Sci-Fi,51000000,139,1996,9.7,83,0
1123,Movie 1123,Horror|Thriller,63000000,139,2019,2.8,93,0
1124,Movie 1124,Documentary|Sci-Fi,195000000,86,1995,5.7,302,0
1125,Movie 1125,Crime,153000000,146,2022,6.7,316,0
1126,Movie 1126,Horror|Animation|Sci-Fi,91000000,131,1993,9.5,390,0
1127,Movie 1127,Horror|Action|Comedy,71000000,169,2021,6.8,489,0
1128,Movie 1128,Fantasy,156000000,104,2019,3.6,356,0
1129,Movie 1129,Animation,5000000,140,2002,4.4,78,0
1130,Movie 1130,Comedy|Fantasy|Drama,137000000,112,1999,6.5,106,1
1131,Movie 1131,Comedy|Horror|Crime,39000000,90,2002,4.6,290,0
1132,Movie 1132,Action,189000000,117,1994,7.0,344,0
1133,Movie 1133,Horror|Documentary|Children,186000000,148,2018,4.4,477,0
1134,Movie 1134,Horror,139000000,111,2017,3.2,207,0
1135,Movie 1135,Documentary|Sci-Fi|Comedy,142000000,145,2003,8.6,226,0
1136,Movie 1136,Documentary|Animation|Sci-Fi,167000000,100,1994,5.0,413,1
1137,Movie 1137,Crime,38000000,146,2003,8.9,434,0
1138,Movie 1138,Fantasy,7000000,148,2002,9.8,216,1
1139,Movie 1139,Children|Adventure,167000000,109,2003,2.3,21,0
1140,Movie 1140,Fantasy|Children,114000000,154,2022,7.1,117,1
1141,Movie 1141,Fantasy,161000000,142,1990,3.3,416,0
1142,Movie 1142,Thriller|Action|Crime,40000000,154,1995,5.8,446,1
1143,Movie 1143,Adventure|Horror,122000000,159,1995,3.6,188,0
1144,Movie 1144,Children,100000000,142,2018,3.2,380,0
1145,Movie 1145,Documentary|Comedy|Action,107000000,143,1991,7.0,338,0
1146,Movie 1146,Horror|Animation,154000000,94,1998,7.7,438,1
1147,Movie 1147,Crime,191000000,95,2008,6.8,129,0
1148,Movie 1148,Children|Crime,187000000,175,2012,4.8,179,1
1149,Movie 1149,Horror,19000000,82,2019,7.7,461,0
1150,Movie 1150,Drama|Crime,133000000,154,1992,6.2,6,0
1151,Movie 1151,Horror,6000000,101,1997,3.5,24,0
1152,Movie 1152,Sci-Fi,43000000,160,2008,8.8,310,1
1153,Movie 1153,Documentary,83000000,131,2002,9.9,349,0
1154,Movie 1154,Drama|Thriller,27000000,169,2001,8.2,264,1
1155,Movie 1155,Documentary|Drama|Fantasy,155000000,145,2022,8.5,100,0
1156,Movie 1156,Children|Thriller|Drama,12000000,171,2024,3.5,479,1
1157,Movie 1157,Horror,114000000,84,2004,5.9,58,0
1158,Movie 1158,Thriller|Children|Animation,156000000,120,2003,5.4,366,0
1159,Movie 1159,Children,101000000,111,2004,9.0,484,0
1160,Movie 1160,Documentary|Children,13000000,105,1992,3.3,238,0
1161,Movie 1161,Children,182000000,94,2012,6.6,293,0
1162,Movie 1162,Crime|Fantasy,108000000,158,2023,9.8,384,1
1163,Movie 1163,Documentary|Crime,31000000,166,1996,7.6,253,1
1164,Movie 1164,Action|Children,60000000,165,1997,5.0,356,0
1165,Movie 1165,Horror|Animation,89000000,85,2011,4.4,53,0
1166,Movie 1166,Fantasy|Sci-Fi,172000000,103,1998,3.7,471,1
1167,Movie 1167,Adventure|Children|Action,102000000,168,2023,7.1,320,0
1168,Movie 1168,Crime,156000000,139,2007,8.3,467,0
1169,Movie 1169,Documentary|Drama|Horror,30000000,167,2011,4.8,65,1
1170,Movie 1170,Children|Crime|Documentary,67000000,121,2009,6.4,126,0
1171,Movie 1171,Sci-Fi|Action|Crime,131000000,161,1998,7.2,356,0
1172,Movie 1172,Crime,55000000,175,2022,2.9,361,1
1173,Movie 1173,Adventure|Documentary,156000000,111,1991,4.9,195,0
1174,Movie 1174,Children,71000000,154,2008,9.1,352,0
1175,Movie 1175,Comedy|Children|Drama,80000000,149,2022,4.9,138,1
1176,Movie 1176,Adventure|Fantasy,14000000,175,2013,7.7,380,1
1177,Movie 1177,Children|Sci-Fi|Adventure,80000000,102,2013,7.4,265,0
1178,Movie 1178,Drama|Thriller|Comedy,111000000,157,2001,2.0,14,0
1179,Movie 1179,Animation|Comedy,125000000,145,1998,3.9,196,0
1180,Movie 1180,Horror|Documentary,132000000,147,2002,6.7,258,0
1181,Movie 1181,Documentary,62000000,106,2016,4.1,199,0
1182,Movie 1182,Comedy,8000000,93,2011,7.8,75,0
1183,Movie 1183,Horror|Fantasy,180000000,111,1999,2.2,302,0
1184,Movie 1184,Drama|Sci-Fi|Children,122000000,122,2010,9.4,273,0
1185,Movie 1185,Sci-Fi|Thriller,66000000,134,2013,4.1,483,1
1186,Movie 1186,Action|Horror,105000000,125,2009,3.6,133,1
1187,Movie 1187,Horror,2000000,173,2010,8.2,430,0
1188,Movie 1188,Animation|Adventure,42000000,150,2017,9.2,394,0
1189,Movie 1189,Animation|Fantasy,161000000,159,1995,2.4,229,0
1190,Movie 1190,Thriller|Drama|Sci-Fi,105000000,133,1998,2.3,294,0
1191,Movie 1191,Comedy|Sci-Fi|Horror,97000000,148,2016,3.5,51,0
1192,Movie 1192,Action|Drama|Thriller,80000000,125,2004,7.5,383,0
1193,Movie 1193,Drama|Fantasy|Documentary,106000000,174,2002,4.1,11,0
1194,Movie 1194,Children|Documentary,33000000,100,2020,3.3,378,0
1195,Movie 1195,Documentary,145000000,97,1994,3.8,306,1
1196,Movie 1196,Horror,174000000,89,2015,3.3,135,0
1197,Movie 1197,Animation|Drama,10000000,177,1992,4.0,478,0
1198,Movie 1198,Children,114000000,92,1996,4.8,21,1
1199,Movie 1199,Documentary|Children,41000000,121,2014,6.2,213,0
1200,Movie 1200,Fantasy,102000000,156,2007,9.0,400,0
1201,Movie 1201,Horror,74000000,101,2019,9.5,27,0
1202,Movie 1202,Horror,94000000,112,1993,2.7,455,0
1203,Movie 1203,Animation|Action,116000000,117,2005,5.4,464,0
1204,Movie 1204,Adventure|Horror,23000000,119,2016,3.3,487,0
1205,Movie 1205,Comedy,190000000,145,2016,4.6,332,0
1206,Movie 1206,Documentary|Action|Fantasy,74000000,110,1995,7.5,490,0
1207,Movie 1207,Animation,17000000,128,1995,7.2,276,0
1208,Movie 1208,Documentary,31000000,159,2005,6.9,217,0
1209,Movie 1209,Fantasy|Adventure,158000000,120,2002,6.5,333,0
1210,Movie 1210,Animation|Crime|Action,8000000,101,2010,4.0,241,0
1211,Movie 1211,Animation|Drama,136000000,176,1990,6.0,345,1
1212,Movie 1212,Sci-Fi,177000000,179,2009,8.6,30,0
1213,Movie 1213,Adventure,162000000,99,1999,4.9,290,0
1214,Movie 1214,Fantasy|Horror,44000000,98,1991,4.3,437,0
1215,Movie 1215,Horror|Action,176000000,135,2019,8.7,324,0
1216,Movie 1216,Horror,125000000,124,1991,5.5,10,0
1217,Movie 1217,Children|Comedy|Horror,96000000,84,2016,6.0,306,0
1218,Movie 1218,Crime,40000000,160,2011,8.3,387,0
1219,Movie 1219,Crime|Comedy|Sci-Fi,159000000,108,1990,4.2,400,0
1220,Movie 1220,Action,185000000,105,2011,5.8,380,0
1221,Movie 1221,Horror,141000000,153,2012,5.8,352,0
1222,Movie 1222,Fantasy,166000000,101,2000,8.1,129,0
1223,Movie 1223,Action,69000000,145,2010,4.7,143,0
1224,Movie 1224,Animation,123000000,118,2023,8.0,176,0
1225,Movie 1225,Children|Thriller,64000000,134,1993,2.6,58,0
1226,Movie 1226,Documentary|Drama|Animation,103000000,138,2014,9.9,299,0
1227,Movie 1227,Thriller|Children|Crime,68000000,157,1998,7.1,91,0
1228,Movie 1228,Horror,80000000,107,1996,8.9,14,0
1229,Movie 1229,Drama,43000000,103,2004,9.4,467,0
1230,Movie 1230,Drama|Comedy,11000000,177,2007,7.6,399,0
1231,Movie 1231,Horror,122000000,140,2002,9.8,149,0
1232,Movie 1232,Documentary|Thriller,56000000,94,2007,4.9,284,0
1233,Movie 1233,Documentary|Animation,43000000,167,2009,6.8,365,1
1234,Movie 1234,Horror|Children|Action,50000000,133,2000,5.1,78,0
1235,Movie 1235,Children,6000000,99,2019,6.8,409,0
1236,Movie 1236,Action,175000000,102,1999,7.4,53,0
1237,Movie 1237,Action|Thriller,77000000,127,1990,7.4,346,1
1238,Movie 1238,Children|Crime,177000000,114,1991,7.3,407,1
1239,Movie 1239,Fantasy,93000000,150,2018,9.1,428,0
1240,Movie 1240,Animation|Thriller,66000000,163,2005,3.0,95,0
1241,Movie 1241,Thriller,5000000,106,2016,5.9,205,0
1242,Movie 1242,Fantasy|Crime|Horror,86000000,160,1992,9.6,365,0
1243,Movie 1243,Fantasy,18000000,92,2024,8.3,185,0
1244,Movie 1244,Documentary,104000000,90,1998,7.7,336,1
1245,Movie 1245,Sci-Fi,140000000,100,1995,6.1,279,0
1246,Movie 1246,Comedy|Documentary|Action,6000000,103,1997,8.7,68,0
1247,Movie 1247,Children|Crime,68000000,95,1998,3.4,324,1
1248,Movie 1248,Thriller|Action|Crime,195000000,138,2018,3.9,108,0
1249,Movie 1249,Drama,195000000,107,2023,6.0,320,1
1250,Movie 1250,Fantasy|Thriller,96000000,94,2011,9.1,115,0
1251,Movie 1251,Thriller,189000000,85,2001,2.7,107,0
1252,Movie 1252,Thriller|Fantasy,169000000,98,1990,8.1,397,0
1253,Movie 1253,Sci-Fi|Thriller|Drama,97000000,100,1994,8.0,101,0
1254,Movie 1254,Drama,52000000,160,2005,6.7,467,0
1255,Movie 1255,Crime|Adventure,83000000,151,2020,5.3,242,0
1256,Movie 1256,Children,164000000,173,2010,2.5,159,1
1257,Movie 1257,Documentary|Crime|Drama,143000000,131,1991,4.1,310,1
1258,Movie 1258,Thriller,184000000,150,2001,2.8,434,0
1259,Movie 1259,Horror|Adventure|Animation,12000000,115,2018,9.3,187,1
1260,Movie 1260,Comedy|Action,63000000,95,2008,4.1,183,0
1261,Movie 1261,Documentary,169000000,119,2012,9.6,431,1
1262,Movie 1262,Children,27000000,168,2011,2.9,204,0
1263,Movie 1263,Action|Adventure|Animation,120000000,91,1999,3.2,352,0
1264,Movie 1264,Thriller|Crime|Animation,157000000,131,2005,2.3,8,0
1265,Movie 1265,Thriller|Horror|Comedy,112000000,142,2020,9.7,468,0
1266,Movie 1266,Children|Horror,54000000,115,2021,5.2,208,1
1267,Movie 1267,Crime|Documentary|Comedy,121000000,119,2019,2.3,368,0
1268,Movie 1268,Comedy|Fantasy,40000000,114,1997,8.4,425,0
1269,Movie 1269,Documentary|Animation,8000000,118,2007,8.6,190,0
1270,Movie 1270,Action,55000000,129,2022,2.9,47,0
1271,Movie 1271,Horror,70000000,93,2008,9.2,404,0
1272,Movie 1272,Drama|Children,157000000,146,2000,4.7,171,0
1273,Movie 1273,Documentary,24000000,126,2015,3.7,229,0
1274,Movie 1274,Horror|Adventure,139000000,149,1991,8.1,224,0
1275,Movie 1275,Adventure|Sci-Fi,133000000,176,2022,8.5,481,0
1276,Movie 1276,Children,118000000,86,2008,7.6,177,0
1277,Movie 1277,Children|Crime|Documentary,198000000,153,2020,8.2,307,1
1278,Movie 1278,Documentary|Horror,176000000,157,2007,5.1,95,1
1279,Movie 1279,Crime|Sci-Fi,88000000,115,1997,6.5,197,1
1280,Movie 1280,Children,85000000,172,2016,7.5,126,0
1281,Movie 1281,Documentary|Thriller|Adventure,50000000,84,2004,8.0,345,0
1282,Movie 1282,Adventure,43000000,118,2012,4.0,314,0
1283,Movie 1283,Fantasy|Children|Horror,88000000,88,2011,8.7,444,0
1284,Movie 1284,Adventure|Comedy|Sci-Fi,148000000,87,2011,2.3,204,0
1285,Movie 1285,Crime|Action|Children,137000000,127,1991,8.3,278,0
1286,Movie 1286,Action,42000000,171,2018,3.5,447,0
1287,Movie 1287,Fantasy|Action,77000000,96,2014,5.0,353,0
1288,Movie 1288,Fantasy|Animation|Documentary,34000000,123,1990,2.9,393,0
1289,Movie 1289,Horror|Adventure|Crime,109000000,169,2012,5.0,89,0
1290,Movie 1290,Adventure|Children,186000000,121,2001,8.5,95,1
1291,Movie 1291,Thriller,164000000,135,2018,7.1,323,0
1292,Movie 1292,Thriller,111000000,105,2020,5.8,308,0
1293,Movie 1293,Comedy|Sci-Fi|Adventure,188000000,113,1996,6.1,200,0
1294,Movie 1294,Documentary|Fantasy,188000000,167,2010,2.1,153,0
1295,Movie 1295,Sci-Fi,62000000,125,2003,9.7,5,0
1296,Movie 1296,Horror|Fantasy|Animation,80000000,93,2024,6.9,482,0
1297,Movie 1297,Adventure|Thriller|Drama,136000000,177,1998,8.2,455,1
1298,Movie 1298,Fantasy|Documentary,5000000,147,1990,5.8,266,1
1299,Movie 1299,Sci-Fi|Thriller,52000000,109,1990,8.6,228,0
1300,Movie 1300,Comedy|Fantasy|Horror,7000000,108,1999,7.5,13,0
1301,Movie 1301,Adventure,93000000,149,2024,6.7,137,0
1302,Movie 1302,Documentary|Adventure|Crime,62000000,132,2018,7.6,150,0
1303,Movie 1303,Animation,87000000,175,2020,5.2,403,1
1304,Movie 1304,Animation,53000000,144,2023,4.3,297,0
1305,Movie 1305,Sci-Fi,179000000,116,2008,6.3,335,1
1306,Movie 1306,Children,18000000,154,2008,8.0,210,1
1307,Movie 1307,Documentary,144000000,167,1991,2.3,463,1
1308,Movie 1308,Action,177000000,166,1990,6.9,383,1
1309,Movie 1309,Action,86000000,102,2003,9.2,305,1
1310,Movie 1310,Horror|Action,182000000,171,2007,4.3,2,0
1311,Movie 1311,Adventure,112000000,118,2018,7.6,327,0
1312,Movie 1312,Sci-Fi|Horror,95000000,93,2011,8.4,492,0
1313,Movie 1313,Fantasy|Children,6000000,119,2017,8.7,269,0
1314,Movie 1314,Adventure,72000000,86,2006,7.3,268,0
1315,Movie 1315,Thriller|Documentary|Sci-Fi,87000000,112,2008,4.4,460,0
1316,Movie 1316,Animation|Action,3000000,108,2009,6.1,431,0
1317,Movie 1317,Children|Action|Sci-Fi,59000000,94,2015,9.4,212,0
1318,Movie 1318,Adventure|Children,185000000,124,2016,2.4,80,1
1319,Movie 1319,Horror,54000000,86,2014,8.6,351,0
1320,Movie 1320,Action|Comedy|Drama,35000000,175,2023,4.5,14,0
1321,Movie 1321,Animation,6000000,87,2002,9.4,180,0
1322,Movie 1322,Comedy|Children|Animation,80000000,149,2007,2.1,269,0
1323,Movie 1323,Crime|Animation,111000000,116,2023,6.1,307,0
1324,Movie 1324,Adventure|Fantasy,113000000,176,2015,2.8,139,1
1325,Movie 1325,Drama|Documentary,198000000,141,2012,6.1,237,0
1326,Movie 1326,Thriller|Adventure|Drama,142000000,142,2015,2.6,145,0
1327,Movie 1327,Adventure|Horror,50000000,82,1993,2.7,411,0
1328,Movie 1328,Animation|Children|Horror,37000000,90,2013,3.2,59,0
1329,Movie 1329,Horror,47000000,106,1990,9.2,367,0
1330,Movie 1330,Fantasy|Documentary,20000000,169,2020,8.2,70,0
1331,Movie 1331,Crime,177000000,164,2020,6.1,364,1
1332,Movie 1332,Documentary,157000000,90,2003,8.1,188,0
1333,Movie 1333,Children|Adventure,74000000,85,2020,9.7,238,0
1334,Movie 1334,Children|Sci-Fi|Horror,198000000,110,2014,3.4,150,0
1335,Movie 1335,Action,105000000,113,2008,8.7,382,0
1336,Movie 1336,Sci-Fi|Documentary,30000000,127,2012,7.4,423,0
1337,Movie 1337,Animation,94000000,138,2004,8.2,331,0
1338,Movie 1338,Horror|Children|Fantasy,33000000,87,2010,4.2,182,0
1339,Movie 1339,Action,26000000,98,1990,7.9,78,0
1340,Movie 1340,Action|Children,95000000,164,1997,9.4,99,0
1341,Movie 1341,Comedy,162000000,103,2018,5.1,389,0
1342,Movie 1342,Action,56000000,155,2022,4.8,9,1
1343,Movie 1343,Drama|Horror|Animation,66000000,93,2018,3.8,174,1
1344,Movie 1344,Comedy,84000000,168,2015,9.3,458,0
1345,Movie 1345,Crime|Comedy,51000000,116,2008,5.7,390,0
1346,Movie 1346,Documentary,121000000,168,2001,7.5,416,0
1347,Movie 1347,Drama,53000000,108,2024,7.8,69,0
1348,Movie 1348,Children|Drama,193000000,163,1994,5.6,466,1
1349,Movie 1349,Thriller|Comedy|Documentary,52000000,173,1990,7.4,14,0
1350,Movie 1350,Documentary,149000000,128,2010,5.5,421,0
1351,Movie 1351,Crime|Animation,150000000,95,2009,4.0,186,1
1352,Movie 1352,Animation|Horror,126000000,81,1996,3.3,485,0
1353,Movie 1353,Drama|Fantasy|Animation,125000000,133,2002,7.8,162,0
1354,Movie 1354,Crime|Animation,107000000,145,1995,5.2,155,0
1355,Movie 1355,Comedy|Animation,168000000,81,2009,9.6,478,1
1356,Movie 1356,Animation|Adventure,40000000,142,2007,7.0,490,0
1357,Movie 1357,Thriller|Horror,160000000,177,2018,6.6,418,1
1358,Movie 1358,Fantasy,6000000,159,1991,8.0,308,0
1359,Movie 1359,Fantasy,191000000,82,2008,6.2,459,0
1360,Movie 1360,Animation|Comedy|Fantasy,182000000,103,2003,9.7,3,0
1361,Movie 1361,Comedy|Fantasy|Adventure,198000000,148,1990,4.9,2,0
1362,Movie 1362,Sci-Fi|Animation|Fantasy,37000000,132,2000,8.0,410,0
1363,Movie 1363,Thriller,10000000,113,2012,7.5,485,0
1364,Movie 1364,Action|Sci-Fi,117000000,108,2011,5.3,14,1
1365,Movie 1365,Fantasy,175000000,167,1998,2.3,25,0
1366,Movie 1366,Comedy|Action|Horror,104000000,96,2020,5.3,46,1
1367,Movie 1367,Children|Animation|Fantasy,63000000,142,2012,3.9,130,0
1368,Movie 1368,Fantasy,114000000,124,2015,9.9,455,0
1369,Movie 1369,Fantasy|Action|Drama,72000000,155,2002,7.3,106,0
1370,Movie 1370,Documentary,30000000,159,1995,6.8,111,0
1371,Movie 1371,Thriller,125000000,155,2013,6.9,239,1
1372,Movie 1372,Action|Thriller,103000000,151,2016,4.2,6,0
1373,Movie 1373,Animation|Documentary|Horror,141000000,168,2013,5.2,53,0
1374,Movie 1374,Crime,185000000,126,1994,7.5,401,0
1375,Movie 1375,Crime|Horror,75000000,176,1998,8.8,134,0
1376,Movie 1376,Sci-Fi|Thriller,189000000,136,2006,5.2,296,0
1377,Movie 1377,Animation,67000000,171,2011,3.1,246,0
1378,Movie 1378,Horror|Fantasy,153000000,107,1994,3.2,453,0
1379,Movie 1379,Animation|Adventure,165000000,157,1998,4.3,284,1
1380,Movie 1380,Drama|Comedy|Horror,62000000,155,2010,9.1,427,0
1381,Movie 1381,Animation,160000000,107,2022,10.0,162,0
1382,Movie 1382,Sci-Fi|Animation,40000000,83,2006,3.8,362,1
1383,Movie 1383,Drama,68000000,137,2000,5.1,202,0
1384,Movie 1384,Adventure|Documentary,96000000,143,2022,9.7,408,0
1385,Movie 1385,Fantasy|Comedy,179000000,146,2013,2.5,220,0
1386,Movie 1386,Documentary,102000000,80,1999,7.3,196,0
1387,Movie 1387,Fantasy,138000000,90,2000,8.8,156,0
1388,Movie 1388,Documentary|Comedy|Drama,130000000,161,2008,3.9,391,0
1389,Movie 1389,Thriller|Comedy,49000000,141,1999,8.9,466,0
1390,Movie 1390,Children,68000000,99,2000,6.1,327,0
1391,Movie 1391,Crime|Comedy,107000000,146,2018,8.6,184,0
1392,Movie 1392,Fantasy,197000000,162,2004,5.3,495,0
1393,Movie 1393,Adventure|Comedy,10000000,85,2023,5.8,347,0
1394,Movie 1394,Documentary|Animation|Children,103000000,97,1996,2.2,183,0
1395,Movie 1395,Fantasy|Crime|Action,157000000,121,2011,9.2,157,0
1396,Movie 1396,Adventure,169000000,102,1990,8.0,455,0
1397,Movie 1397,Thriller|Adventure|Documentary,85000000,124,2003,8.7,163,0
1398,Movie 1398,Thriller|Crime,106000000,158,2015,8.9,79,0
1399,Movie 1399,Thriller|Drama,24000000,104,1992,7.5,312,0
1400,Movie 1400,Documentary|Animation,33000000,156,1995,5.7,402,0
1401,Movie 1401,Comedy,171000000,152,2011,6.6,279,0
1402,Movie 1402,Horror|Fantasy|Thriller,8000000,164,2024,9.1,18,0
1403,Movie 1403,Thriller,98000000,100,2020,7.5,297,0
1404,Movie 1404,Thriller|Sci-Fi,85000000,107,2000,6.4,116,0
1405,Movie 1405,Thriller|Children|Horror,33000000,125,2008,9.2,327,0
1406,Movie 1406,Crime,80000000,145,1999,2.0,182,0
1407,Movie 1407,Children|Crime,149000000,107,1994,9.8,99,0
1408,Movie 1408,Drama|Horror,179000000,131,1992,5.7,60,0
1409,Movie 1409,Horror,96000000,139,2001,5.9,236,0
1410,Movie 1410,Sci-Fi|Drama,121000000,177,2020,8.2,209,0
1411,Movie 1411,Crime,120000000,151,2018,3.8,133,0
1412,Movie 1412,Animation|Adventure,137000000,138,1995,3.6,94,0
1413,Movie 1413,Children,72000000,174,2012,9.8,46,0
1414,Movie 1414,Comedy,141000000,150,2005,8.6,125,0
1415,Movie 1415,Thriller,135000000,135,2013,6.3,103,0
1416,Movie 1416,Documentary|Action|Animation,27000000,172,2003,7.9,150,0
1417,Movie 1417,Documentary,130000000,135,2014,6.4,174,0
1418,Movie 1418,Action|Documentary|Thriller,131000000,159,1995,2.8,365,1
1419,Movie 1419,Documentary|Drama,126000000,86,2015,6.6,363,0
1420,Movie 1420,Adventure|Sci-Fi|Drama,160000000,98,1990,7.4,211,0
1421,Movie 1421,Children,178000000,143,1994,3.9,143,0
1422,Movie 1422,Sci-Fi,9000000,128,2004,9.4,490,0
1423,Movie 1423,Comedy,36000000,173,2015,5.3,279,0
1424,Movie 1424,Crime,13000000,145,2009,2.9,271,0
1425,Movie 1425,Thriller|Fantasy|Crime,127000000,162,2024,4.2,6,0
1426,Movie 1426,Thriller|Horror,117000000,149,2001,5.6,171,1
1427,Movie 1427,Comedy|Action|Adventure,79000000,83,2014,2.4,142,0
1428,Movie 1428,Adventure|Drama|Horror,136000000,147,2004,7.8,353,0
1429,Movie 1429,Children|Animation,65000000,82,1990,7.1,408,0
1430,Movie 1430,Horror|Sci-Fi,1000000,167,2011,9.3,222,0
1431,Movie 1431,Crime,73000000,167,2008,7.9,56,0
1432,Movie 1432,Sci-Fi,13000000,100,2019,7.7,308,0
1433,Movie 1433,Children,101000000,106,1993,6.0,15,0
1434,Movie 1434,Children|Documentary,18000000,87,1994,9.6,305,1
1435,Movie 1435,Action,91000000,172,2022,4.1,144,1
1436,Movie 1436,Comedy|Children,141000000,136,2006,7.1,218,1
1437,Movie 1437,Adventure|Horror|Thriller,186000000,93,1996,4.7,369,0
1438,Movie 1438,Thriller|Documentary,172000000,87,1998,4.7,199,0
1439,Movie 1439,Crime,23000000,166,2023,2.6,471,1
1440,Movie 1440,Drama|Adventure,47000000,126,2022,2.3,475,0
1441,Movie 1441,Thriller|Comedy|Sci-Fi,58000000,95,2017,4.6,284,0
1442,Movie 1442,Crime|Animation|Horror,72000000,130,2008,4.6,281,1
1443,Movie 1443,Action|Comedy|Adventure,126000000,94,1991,2.6,175,0
1444,Movie 1444,Children|Animation,144000000,164,2018,4.1,21,1
1445,Movie 1445,Animation|Comedy,100000000,152,2014,2.7,259,1
1446,Movie 1446,Crime,17000000,117,1999,3.1,10,0
1447,Movie 1447,Action|Animation,75000000,171,2019,9.3,375,0
1448,Movie 1448,Thriller|Horror,32000000,144,1999,2.3,466,0
1449,Movie 1449,Sci-Fi|Children|Drama,127000000,135,1998,4.3,261,0
1450,Movie 1450,Thriller,115000000,156,2018,9.1,432,0
1451,Movie 1451,Documentary,57000000,154,2003,8.3,170,0
1452,Movie 1452,Documentary|Fantasy|Adventure,139000000,99,2003,2.4,217,1
1453,Movie 1453,Horror|Adventure,25000000,143,2003,2.7,473,0
1454,Movie 1454,Comedy|Animation|Crime,93000000,97,1994,9.2,258,0
1455,Movie 1455,Adventure|Sci-Fi,156000000,99,1996,9.0,183,0
1456,Movie 1456,Adventure|Thriller|Horror,45000000,104,2001,6.5,352,0
1457,Movie 1457,Children|Thriller,130000000,102,1996,4.2,210,0
1458,Movie 1458,Comedy|Crime,60000000,89,1992,5.7,36,0
1459,Movie 1459,Fantasy|Adventure,169000000,112,2010,2.6,380,1
1460,Movie 1460,Comedy,83000000,177,2019,7.3,388,0
1461,Movie 1461,Documentary,51000000,166,2004,4.6,85,0
1462,Movie 1462,Comedy|Adventure,63000000,140,1992,8.0,113,0
1463,Movie 1463,Thriller,191000000,162,1990,7.5,309,0
1464,Movie 1464,Documentary,149000000,176,2016,5.1,366,0
1465,Movie 1465,Drama|Crime|Animation,72000000,110,2002,5.9,67,1
1466,Movie 1466,Drama|Documentary,7000000,102,1994,3.8,169,0
1467,Movie 1467,Thriller|Action|Comedy,46000000,96,2000,7.2,146,0
1468,Movie 1468,Animation|Crime|Documentary,2000000,97,1997,3.4,291,0
1469,Movie 1469,Sci-Fi|Action,91000000,137,2001,4.8,228,1
1470,Movie 1470,Sci-Fi|Adventure,130000000,81,1994,5.7,2,1
1471,Movie 1471,Action,18000000,92,2014,2.4,497,0
1472,Movie 1472,Thriller,85000000,96,2017,4.6,89,1
1473,Movie 1473,Horror,196000000,160,2005,4.1,104,0
1474,Movie 1474,Adventure|Horror|Crime,188000000,145,2007,9.1,255,0
1475,Movie 1475,Sci-Fi|Drama|Thriller,172000000,165,2003,8.3,139,0
1476,Movie 1476,Children|Animation|Thriller,151000000,97,1992,8.3,61,1
1477,Movie 1477,Children|Crime|Thriller,28000000,144,2008,9.5,75,0
1478,Movie 1478,Documentary|Children|Thriller,174000000,117,2004,2.1,410,1
1479,Movie 1479,Fantasy|Children|Horror,38000000,108,1998,5.8,264,1
1480,Movie 1480,Fantasy,64000000,165,2008,6.7,205,0
1481,Movie 1481,Drama|Sci-Fi,26000000,159,2003,5.7,252,1
1482,Movie 1482,Sci-Fi|Thriller,32000000,177,2017,7.0,192,1
1483,Movie 1483,Sci-Fi|Thriller,157000000,163,1999,7.4,237,0
1484,Movie 1484,Documentary,106000000,136,2009,7.7,213,0
1485,Movie 1485,Adventure,34000000,96,2017,9.1,470,1
1486,Movie 1486,Drama|Crime,22000000,137,2020,8.0,70,1
1487,Movie 1487,Crime,5000000,162,2006,6.0,434,0
1488,Movie 1488,Drama|Sci-Fi,60000000,148,2005,9.8,37,0
1489,Movie 1489,Action|Fantasy,3000000,158,1991,5.5,235,1
1490,Movie 1490,Documentary|Comedy|Sci-Fi,71000000,179,1994,5.3,216,0
1491,Movie 1491,Animation,62000000,87,1992,7.3,111,0
1492,Movie 1492,Thriller|Children,33000000,125,1991,4.6,153,0
1493,Movie 1493,Thriller,79000000,178,2017,7.8,94,0
1494,Movie 1494,Documentary|Action|Sci-Fi,26000000,106,1995,2.1,139,0
1495,Movie 1495,Comedy|Adventure,102000000,160,2000,5.1,429,1
1496,Movie 1496,Crime|Horror,174000000,148,2021,3.3,219,0
1497,Movie 1497,Sci-Fi|Thriller,169000000,112,2011,6.0,63,0
1498,Movie 1498,Crime|Fantasy,114000000,100,2024,9.6,385,1
1499,Movie 1499,Animation|Comedy,128000000,137,2019,8.1,100,0
1500,Movie 1500,Thriller|Comedy|Children,89000000,113,1990,4.9,310,1
1501,Movie 1501,Sci-Fi|Crime,12000000,122,2021,7.9,354,0
1502,Movie 1502,Animation|Horror|Sci-Fi,76000000,145,1996,4.6,131,0
1503,Movie 1503,Children,119000000,130,2000,4.4,306,1
1504,Movie 1504,Sci-Fi|Horror,28000000,100,2009,3.7,235,0
1505,Movie 1505,Thriller|Horror|Children,125000000,165,2004,8.5,290,0
1506,Movie 1506,Comedy,60000000,174,2003,9.3,95,0
1507,Movie 1507,Animation,134000000,96,2000,9.8,335,0
1508,Movie 1508,Adventure,82000000,136,1990,4.7,239,0
1509,Movie 1509,Drama|Thriller,128000000,176,2010,9.5,498,1
1510,Movie 1510,Drama|Adventure,109000000,127,2009,8.6,359,0
1511,Movie 1511,Animation|Adventure|Children,191000000,164,2021,6.9,362,1
1512,Movie 1512,Animation,101000000,179,2008,5.4,219,1
1513,Movie 1513,Action,18000000,105,1997,4.6,56,0
1514,Movie 1514,Comedy|Adventure,178000000,163,1992,2.4,434,0
1515,Movie 1515,Animation|Crime,121000000,105,2018,9.7,125,0
1516,Movie 1516,Children|Sci-Fi|Crime,186000000,100,1997,8.1,223,0
1517,Movie 1517,Animation|Comedy,49000000,98,2015,9.8,498,0
1518,Movie 1518,Crime,111000000,179,2013,9.7,322,0
1519,Movie 1519,Fantasy|Thriller,170000000,166,2002,8.0,401,0
1520,Movie 1520,Comedy|Horror|Sci-Fi,73000000,162,2020,6.6,211,0
1521,Movie 1521,Animation,172000000,98,2017,8.2,15,1
1522,Movie 1522,Children,193000000,98,2010,6.9,163,0
1523,Movie 1523,Fantasy,73000000,117,2021,2.4,388,0
1524,Movie 1524,Fantasy|Horror,65000000,143,2013,7.7,391,0
1525,Movie 1525,Sci-Fi|Fantasy,153000000,106,1991,3.5,19,0
1526,Movie 1526,Drama,166000000,170,2019,5.3,306,1
1527,Movie 1527,Thriller|Horror,59000000,116,2022,9.0,435,0
1528,Movie 1528,Horror,44000000,159,2022,8.4,220,0
1529,Movie 1529,Drama|Children|Comedy,108000000,91,2023,4.9,371,1
1530,Movie 1530,Fantasy|Animation|Drama,173000000,89,2015,3.2,180,1
1531,Movie 1531,Documentary,146000000,145,1993,4.0,17,1
1532,Movie 1532,Drama,31000000,147,2021,3.2,315,0
1533,Movie 1533,Thriller|Action|Children,65000000,159,2004,7.0,104,0
1534,Movie 1534,Documentary,22000000,112,2008,8.1,388,1
1535,Movie 1535,Adventure,97000000,113,1996,3.7,200,0
1536,Movie 1536,Horror,145000000,100,1999,6.2,80,0
1537,Movie 1537,Sci-Fi,194000000,160,2008,3.1,490,1
1538,Movie 1538,Horror|Thriller|Action,16000000,116,1996,5.4,23,1
1539,Movie 1539,Comedy,187000000,82,2020,7.4,219,0
1540,Movie 1540,Animation,124000000,134,2007,3.5,68,0
1541,Movie 1541,Adventure,82000000,128,2015,9.8,434,1
1542,Movie 1542,Sci-Fi|Action|Fantasy,198000000,167,2007,9.9,135,1
1543,Movie 1543,Action,177000000,144,1990,8.2,425,0
1544,Movie 1544,Documentary|Horror,57000000,163,1994,2.0,306,0
1545,Movie 1545,Animation,51000000,141,2023,5.2,289,1
1546,Movie 1546,Documentary|Action,68000000,119,1997,9.0,134,1
1547,Movie 1547,Crime|Fantasy,25000000,119,2005,4.0,88,0
1548,Movie 1548,Fantasy|Documentary|Adventure,110000000,138,1996,2.3,464,0
1549,Movie 1549,Adventure|Sci-Fi,62000000,138,1998,5.4,4,0
1550,Movie 1550,Animation,112000000,161,2011,2.8,325,0
1551,Movie 1551,Drama|Children,2000000,133,2006,3.6,343,0
1552,Movie 1552,Drama|Thriller,142000000,169,2007,9.8,19,1
1553,Movie 1553,Comedy|Crime,147000000,161,2010,2.2,164,1
1554,Movie 1554,Comedy|Fantasy|Thriller,141000000,174,2016,3.3,413,0
1555,Movie 1555,Crime,59000000,80,2002,8.7,450,1
1556,Movie 1556,Crime,146000000,80,1992,7.8,457,0
1557,Movie 1557,Animation|Adventure,74000000,128,2015,5.8,87,0
1558,Movie 1558,Animation,53000000,131,2005,7.7,280,0
1559,Movie 1559,Horror|Thriller,121000000,105,2017,2.4,381,0
1560,Movie 1560,Comedy|Adventure|Sci-Fi,189000000,116,1993,5.0,366,0
1561,Movie 1561,Action|Drama|Children,50000000,157,2016,8.7,41,0
1562,Movie 1562,Children,157000000,138,2003,2.3,284,1
1563,Movie 1563,Documentary,81000000,100,2023,6.2,422,0
1564,Movie 1564,Animation|Comedy,170000000,103,2020,7.6,203,0
1565,Movie 1565,Animation|Fantasy,183000000,103,2016,6.5,36,0
1566,Movie 1566,Documentary|Crime,17000000,175,2005,4.9,313,0
1567,Movie 1567,Adventure,5000000,162,1993,7.2,305,0
1568,Movie 1568,Adventure|Animation|Horror,53000000,95,2022,8.3,464,0
1569,Movie 1569,Crime|Thriller|Horror,159000000,110,1996,7.2,208,0
1570,Movie 1570,Comedy,52000000,173,2015,3.9,87,1
1571,Movie 1571,Animation,103000000,161,2012,8.0,309,0
1572,Movie 1572,Thriller|Action|Sci-Fi,49000000,169,2005,6.0,50,1
1573,Movie 1573,Adventure|Horror,157000000,161,1993,6.9,476,0
1574,Movie 1574,Action|Crime|Drama,123000000,110,2001,9.5,356,1
1575,Movie 1575,Crime|Fantasy,133000000,177,2011,3.3,418,0
1576,Movie 1576,Sci-Fi|Crime|Action,178000000,139,1992,7.3,190,0
1577,Movie 1577,Action|Drama|Adventure,86000000,88,1991,2.9,314,1
1578,Movie 1578,Comedy|Drama|Animation,187000000,97,2019,9.6,245,0
1579,Movie 1579,Adventure,158000000,153,1998,2.1,264,0
1580,Movie 1580,Animation|Comedy,145000000,159,1997,7.8,345,0
1581,Movie 1581,Drama|Action,189000000,120,2002,3.0,134,0
1582,Movie 1582,Action,25000000,112,2003,2.7,176,0
1583,Movie 1583,Sci-Fi|Adventure,30000000,116,1993,9.0,157,0
1584,Movie 1584,Horror,25000000,139,2018,8.5,37,0
1585,Movie 1585,Action|Drama|Documentary,187000000,127,2011,3.1,10,0
1586,Movie 1586,Drama|Animation|Crime,20000000,116,2016,2.0,355,0
1587,Movie 1587,Comedy|Action,77000000,127,2000,4.4,47,0
1588,Movie 1588,Horror|Documentary,189000000,141,2021,5.8,468,0
1589,Movie 1589,Horror,6000000,176,1995,8.4,269,1
1590,Movie 1590,Documentary|Action,51000000,166,2001,2.2,193,1
1591,Movie 1591,Horror|Documentary,10000000,159,2001,3.5,26,0
1592,Movie 1592,Animation|Adventure,101000000,132,2005,6.7,371,1
1593,Movie 1593,Documentary,192000000,121,2017,4.3,96,0
1594,Movie 1594,Comedy|Drama|Crime,59000000,97,2016,7.3,428,0
1595,Movie 1595,Comedy|Crime|Adventure,60000000,99,1999,7.1,182,0
1596,Movie 1596,Sci-Fi|Adventure,105000000,159,2012,3.5,233,1
1597,Movie 1597,Sci-Fi|Children,98000000,175,2003,3.9,74,0
1598,Movie 1598,Fantasy|Adventure|Comedy,40000000,125,2013,2.8,245,1
1599,Movie 1599,Drama|Action,65000000,156,1994,4.7,276,0
1600,Movie 1600,Animation,2000000,118,2019,7.7,137,0
1601,Movie 1601,Action,89000000,177,2010,6.2,330,0
1602,Movie 1602,Adventure,165000000,113,2011,4.5,85,1
1603,Movie 1603,Sci-Fi|Documentary,159000000,175,2021,7.2,408,1
1604,Movie 1604,Children|Sci-Fi,33000000,107,1998,8.9,39,0
1605,Movie 1605,Sci-Fi,184000000,121,2022,6.1,92,0
1606,Movie 1606,Adventure|Sci-Fi|Thriller,39000000,139,2018,4.9,118,0
1607,Movie 1607,Documentary,37000000,152,2003,7.8,343,1
1608,Movie 1608,Fantasy|Sci-Fi,23000000,145,1996,9.0,117,0
1609,Movie 1609,Children|Adventure,76000000,154,2012,9.0,335,0
1610,Movie 1610,Documentary|Horror|Crime,146000000,173,2021,8.2,310,0
1611,Movie 1611,Adventure,93000000,95,2008,4.2,132,0
1612,Movie 1612,Sci-Fi,116000000,170,2013,7.5,331,0
1613,Movie 1613,Thriller|Drama|Documentary,104000000,168,1999,5.3,229,0
1614,Movie 1614,Thriller,56000000,148,2012,2.9,449,1
1615,Movie 1615,Action|Sci-Fi,173000000,141,2024,8.6,61,0
1616,Movie 1616,Horror,190000000,136,2022,4.7,48,0
1617,Movie 1617,Documentary,65000000,135,1992,6.1,465,0
1618,Movie 1618,Action|Documentary,33000000,174,2001,2.2,60,0
1619,Movie 1619,Fantasy|Comedy,190000000,82,1991,7.3,296,0
1620,Movie 1620,Children|Comedy|Fantasy,135000000,136,2017,3.3,301,0
1621,Movie 1621,Crime,106000000,132,2007,7.2,450,0
1622,Movie 1622,Adventure,160000000,105,2023,2.3,11,0
1623,Movie 1623,Adventure|Horror|Crime,140000000,105,2000,7.9,161,0
1624,Movie 1624,Action,89000000,166,1990,4.0,429,0
1625,Movie 1625,Fantasy,164000000,100,1991,3.7,464,0
1626,Movie 1626,Animation|Horror|Sci-Fi,42000000,138,2014,7.2,372,0
1627,Movie 1627,Animation|Sci-Fi|Adventure,191000000,125,2006,6.2,237,1
1628,Movie 1628,Crime|Fantasy,128000000,162,2018,7.5,331,0
1629,Movie 1629,Drama|Horror|Action,16000000,97,1992,5.5,420,0
1630,Movie 1630,Documentary,11000000,96,2007,5.1,297,0
1631,Movie 1631,Horror|Children|Fantasy,107000000,135,2020,3.6,296,1
1632,Movie 1632,Children,54000000,92,2007,8.1,3,1
1633,Movie 1633,Crime|Horror,192000000,99,2014,6.1,50,0
1634,Movie 1634,Animation|Adventure,84000000,160,1994,3.4,494,0
1635,Movie 1635,Horror,32000000,149,2011,8.0,78,0
1636,Movie 1636,Thriller,114000000,83,2005,7.2,111,0
1637,Movie 1637,Crime,129000000,164,1994,7.3,234,0
1638,Movie 1638,Children|Horror,38000000,99,2017,4.1,343,0
1639,Movie 1639,Thriller|Fantasy|Animation,187000000,165,2005,3.7,430,0
1640,Movie 1640,Adventure|Horror|Thriller,84000000,112,2018,8.2,289,0
1641,Movie 1641,Thriller|Drama|Children,73000000,119,2018,4.3,231,0
1642,Movie 1642,Fantasy|Adventure,19000000,168,1999,9.8,357,0
1643,Movie 1643,Sci-Fi|Crime|Animation,27000000,93,2016,3.8,165,0
1644,Movie 1644,Adventure,95000000,151,2001,8.2,112,0
1645,Movie 1645,Thriller,58000000,176,1997,9.0,159,1
1646,Movie 1646,Drama,164000000,107,2008,2.5,244,1
1647,Movie 1647,Fantasy|Action|Crime,40000000,171,2000,3.6,187,0
1648,Movie 1648,Horror|Drama,163000000,137,1993,6.2,230,0
1649,Movie 1649,Horror,96000000,168,1998,4.3,314,1
1650,Movie 1650,Animation,56000000,101,2007,6.8,129,0
1651,Movie 1651,Drama|Fantasy,10000000,124,2001,4.4,449,0
1652,Movie 1652,Action,142000000,174,2004,6.1,310,1
1653,Movie 1653,Documentary|Drama|Animation,71000000,109,2009,8.5,139,0
1654,Movie 1654,Action|Documentary,102000000,102,2009,4.8,194,1
1655,Movie 1655,Crime,175000000,156,2022,5.0,60,0
1656,Movie 1656,Fantasy,146000000,110,1999,7.8,405,1
1657,Movie 1657,Children|Sci-Fi|Fantasy,109000000,148,1997,9.1,62,1
1658,Movie 1658,Crime|Documentary,29000000,85,2003,7.0,333,0
1659,Movie 1659,Adventure|Drama|Animation,36000000,175,2019,2.8,355,0
1660,Movie 1660,Crime,134000000,170,2011,7.6,345,0
1661,Movie 1661,Children,23000000,124,2023,10.0,376,0
1662,Movie 1662,Fantasy|Drama,10000000,116,2015,6.8,360,0
1663,Movie 1663,Documentary|Sci-Fi,45000000,82,2017,4.7,78,0
1664,Movie 1664,Comedy|Children|Animation,87000000,92,1993,2.4,49,1
1665,Movie 1665,Sci-Fi|Crime|Comedy,111000000,107,2024,6.7,411,0
1666,Movie 1666,Comedy|Action,123000000,128,2012,3.7,20,0
1667,Movie 1667,Crime|Animation|Drama,76000000,93,2010,9.2,12,0
1668,Movie 1668,Thriller|Drama|Sci-Fi,118000000,118,2000,6.4,481,0
1669,Movie 1669,Horror|Children|Animation,106000000,129,1995,5.5,393,0
1670,Movie 1670,Comedy|Sci-Fi|Crime,142000000,130,1998,3.2,311,0
1671,Movie 1671,Drama|Comedy|Horror,136000000,164,1999,4.7,340,0
1672,Movie 1672,Children|Animation,84000000,139,1993,4.4,430,1
1673,Movie 1673,Crime|Sci-Fi,90000000,97,1991,4.9,172,0
1674,Movie 1674,Action|Animation,6000000,134,2014,5.3,46,1
1675,Movie 1675,Children|Horror,68000000,88,2010,2.1,353,0
1676,Movie 1676,Documentary,61000000,111,2001,7.1,199,0
1677,Movie 1677,Documentary|Animation,91000000,147,2016,4.0,309,1
1678,Movie 1678,Children|Action|Animation,25000000,163,2003,3.5,408,0
1679,Movie 1679,Sci-Fi|Animation,144000000,178,1996,6.6,340,0
1680,Movie 1680,Fantasy,127000000,126,2004,10.0,166,0
1681,Movie 1681,Sci-Fi|Horror,33000000,107,2013,3.7,323,0
1682,Movie 1682,Fantasy|Children|Action,73000000,162,1993,2.9,52,1
1683,Movie 1683,Thriller|Action|Adventure,7000000,156,2001,6.9,430,0
1684,Movie 1684,Fantasy|Sci-Fi,150000000,115,1990,2.4,33,0
1685,Movie 1685,Comedy,38000000,156,2011,3.6,437,1
1686,Movie 1686,Comedy,78000000,105,1994,7.2,371,0
1687,Movie 1687,Fantasy,198000000,152,2003,5.7,373,0
1688,Movie 1688,Comedy|Documentary,101000000,131,1994,9.6,79,1
1689,Movie 1689,Documentary|Comedy,164000000,145,2008,4.3,314,1
1690,Movie 1690,Horror|Comedy,67000000,119,2002,5.3,97,1
1691,Movie 1691,Sci-Fi|Documentary,130000000,173,2022,5.0,145,0
1692,Movie 1692,Drama|Comedy,47000000,157,1997,7.0,304,0
1693,Movie 1693,Crime,15000000,87,2012,3.9,6,0
1694,Movie 1694,Thriller|Sci-Fi,84000000,175,2022,5.9,385,1
1695,Movie 1695,Comedy,28000000,111,1998,6.5,388,0
1696,Movie 1696,Action|Thriller|Animation,132000000,100,1994,2.4,270,0
1697,Movie 1697,Adventure|Sci-Fi,149000000,99,2008,2.9,328,0
1698,Movie 1698,Fantasy|Crime|Sci-Fi,174000000,108,2013,7.4,133,0
1699,Movie 1699,Sci-Fi|Children,57000000,160,2011,7.7,409,0
1700,Movie 1700,Thriller|Action|Children,181000000,157,1994,2.7,94,0
1701,Movie 1701,Thriller,145000000,110,1990,8.0,477,0
1702,Movie 1702,Children|Sci-Fi|Adventure,104000000,96,2004,3.2,166,1
1703,Movie 1703,Animation|Drama,197000000,116,2002,5.9,212,0
1704,Movie 1704,Horror|Action|Adventure,84000000,122,2015,6.5,311,0
1705,Movie 1705,Sci-Fi|Drama|Comedy,128000000,118,2000,7.6,121,0
1706,Movie 1706,Adventure|Horror|Animation,120000000,169,1994,5.3,92,0
1707,Movie 1707,Adventure|Crime,128000000,168,2014,9.1,263,0
1708,Movie 1708,Crime|Horror|Documentary,155000000,92,2012,4.6,157,1
1709,Movie 1709,Comedy,158000000,134,2002,2.1,227,0
1710,Movie 1710,Crime|Animation|Horror,141000000,179,2005,4.6,139,0
1711,Movie 1711,Horror|Action|Fantasy,66000000,144,2000,5.2,457,0
1712,Movie 1712,Comedy,83000000,105,2009,8.8,226,0
1713,Movie 1713,Adventure,5000000,103,1996,3.2,425,1
1714,Movie 1714,Horror,63000000,172,2022,6.0,315,1
1715,Movie 1715,Horror|Animation,68000000,114,1997,5.8,337,1
1716,Movie 1716,Fantasy,25000000,91,2004,2.5,142,0
1717,Movie 1717,Adventure|Sci-Fi|Fantasy,6000000,109,2006,3.7,456,1
1718,Movie 1718,Thriller|Comedy|Horror,4000000,135,2002,9.5,300,1
1719,Movie 1719,Fantasy,46000000,89,2018,3.1,59,1
1720,Movie 1720,Thriller|Comedy,69000000,150,2012,3.1,54,0
1721,Movie 1721,Drama|Children|Action,85000000,134,1991,3.0,498,1
1722,Movie 1722,Thriller|Sci-Fi,26000000,144,2018,7.9,482,0
1723,Movie 1723,Adventure|Action|Comedy,90000000,151,2023,8.3,149,1
1724,Movie 1724,Horror|Fantasy,149000000,112,1993,2.9,271,0
1725,Movie 1725,Animation|Sci-Fi,53000000,161,1994,6.4,159,1
1726,Movie 1726,Adventure,196000000,162,1991,6.4,197,0
1727,Movie 1727,Crime|Adventure|Drama,88000000,172,2016,9.8,406,0
1728,Movie 1728,Adventure|Drama|Horror,63000000,176,2023,7.9,308,0
1729,Movie 1729,Comedy,110000000,82,2023,7.8,398,0
1730,Movie 1730,Horror,196000000,86,1992,2.4,218,1
1731,Movie 1731,Crime|Horror|Children,14000000,116,2006,6.4,413,0
1732,Movie 1732,Adventure|Horror|Children,142000000,175,2021,8.3,63,0
1733,Movie 1733,Adventure,9000000,81,2012,9.4,41,1
1734,Movie 1734,Children|Action|Sci-Fi,77000000,154,1991,4.6,243,1
1735,Movie 1735,Drama,99000000,146,2021,8.1,162,1
1736,Movie 1736,Crime|Adventure,56000000,91,1991,8.8,444,0
1737,Movie 1737,Documentary,172000000,85,1999,8.8,383,0
1738,Movie 1738,Animation|Documentary|Crime,40000000,155,1996,3.2,84,0
1739,Movie 1739,Animation|Sci-Fi|Fantasy,171000000,90,2024,9.7,252,1
1740,Movie 1740,Adventure|Children|Fantasy,134000000,114,2005,9.2,157,0
1741,Movie 1741,Documentary|Adventure,140000000,146,2005,3.8,102,0
1742,Movie 1742,Adventure|Documentary,44000000,141,2017,10.0,150,0
1743,Movie 1743,Children|Drama,110000000,100,2009,7.8,340,0
1744,Movie 1744,Horror,132000000,100,1991,4.9,66,0
1745,Movie 1745,Documentary|Animation,94000000,114,2002,5.2,50,1
1746,Movie 1746,Animation,90000000,120,1994,9.8,390,0
1747,Movie 1747,Horror,166000000,95,2010,3.0,250,0
1748,Movie 1748,Animation,54000000,134,1997,4.3,107,0
1749,Movie 1749,Adventure|Drama,148000000,144,2006,3.0,106,0
1750,Movie 1750,Drama|Children,111000000,123,1994,6.7,189,0
1751,Movie 1751,Thriller|Animation|Crime,43000000,80,2001,5.8,480,0
1752,Movie 1752,Crime|Action,142000000,157,1993,3.1,128,0
1753,Movie 1753,Drama|Horror,137000000,164,1993,7.9,151,0
1754,Movie 1754,Adventure|Crime|Comedy,47000000,95,2020,2.3,499,0
1755,Movie 1755,Animation|Thriller,198000000,161,2001,2.9,106,0
1756,Movie 1756,Comedy|Sci-Fi,20000000,100,1998,5.5,489,0
1757,Movie 1757,Drama,44000000,107,2021,8.0,324,0
1758,Movie 1758,Documentary|Animation|Adventure,55000000,147,2003,6.2,458,0
1759,Movie 1759,Documentary|Sci-Fi,173000000,127,2015,8.3,150,1
1760,Movie 1760,Crime|Horror,187000000,125,2008,8.5,161,1
1761,Movie 1761,Children,34000000,84,2008,9.1,277,0
1762,Movie 1762,Animation,63000000,129,2018,4.6,485,0
1763,Movie 1763,Documentary,184000000,115,1990,6.1,14,0
1764,Movie 1764,Children,46000000,89,1994,2.4,359,0
1765,Movie 1765,Documentary,196000000,101,1995,7.9,95,1
1766,Movie 1766,Drama|Thriller,139000000,91,2004,5.5,41,0
1767,Movie 1767,Crime|Action|Comedy,178000000,177,2008,2.1,329,1
1768,Movie 1768,Fantasy|Children,23000000,179,2019,6.5,310,0
1769,Movie 1769,Sci-Fi|Horror,11000000,123,2012,8.1,373,0
1770,Movie 1770,Drama,185000000,93,2012,2.6,148,0
1771,Movie 1771,Thriller,129000000,158,1991,8.5,172,0
1772,Movie 1772,Horror|Fantasy|Thriller,64000000,174,2014,6.5,7,1
1773,Movie 1773,Children,141000000,104,1993,7.0,441,0
1774,Movie 1774,Crime|Animation,123000000,96,2014,8.0,449,0
1775,Movie 1775,Fantasy,87000000,82,1996,7.2,192,0
1776,Movie 1776,Children|Thriller|Animation,26000000,120,2009,8.5,17,0
1777,Movie 1777,Horror,132000000,127,2014,7.3,481,0
1778,Movie 1778,Adventure|Action|Animation,42000000,130,2007,3.2,86,0
1779,Movie 1779,Sci-Fi,29000000,127,2002,7.8,213,0
1780,Movie 1780,Children|Horror|Animation,54000000,176,2024,9.2,271,0
1781,Movie 1781,Action,152000000,114,2018,3.8,333,0
1782,Movie 1782,Horror|Adventure,64000000,165,1993,7.4,222,1
1783,Movie 1783,Drama|Sci-Fi|Documentary,113000000,136,2010,8.8,53,0
1784,Movie 1784,Adventure,142000000,142,1993,6.3,412,0
1785,Movie 1785,Children|Documentary,52000000,101,2016,6.3,190,0
1786,Movie 1786,Comedy|Crime|Animation,132000000,111,2007,3.4,403,0
1787,Movie 1787,Drama,181000000,138,2000,8.8,159,0
1788,Movie 1788,Crime,5000000,160,2023,3.4,146,0
1789,Movie 1789,Fantasy|Drama,54000000,85,1996,4.9,256,0
1790,Movie 1790,Adventure|Children|Horror,35000000,83,2022,2.2,78,0
1791,Movie 1791,Children|Animation|Action,12000000,154,2024,6.5,38,0
1792,Movie 1792,Crime,177000000,150,2012,4.7,27,0
1793,Movie 1793,Crime|Drama|Fantasy,53000000,160,1992,6.5,84,0
1794,Movie 1794,Animation|Sci-Fi|Action,156000000,144,1996,3.7,493,0
1795,Movie 1795,Children|Drama|Action,90000000,87,1992,2.3,170,0
1796,Movie 1796,Comedy|Animation|Fantasy,97000000,130,2008,3.0,99,0
1797,Movie 1797,Documentary|Action,127000000,143,2009,3.3,71,0
1798,Movie 1798,Crime|Animation,44000000,166,2016,9.1,433,0
1799,Movie 1799,Fantasy|Children|Crime,114000000,130,2024,6.8,42,0
1800,Movie 1800,Documentary|Horror|Adventure,198000000,176,2020,6.1,418,0
1801,Movie 1801,Documentary|Children|Comedy,13000000,137,2002,4.8,475,0
1802,Movie 1802,Horror|Thriller,4000000,151,2019,8.0,1,1
1803,Movie 1803,Fantasy|Horror,181000000,110,1998,7.0,31,0
1804,Movie 1804,Adventure|Animation,155000000,112,1991,9.8,326,0
1805,Movie 1805,Children|Animation|Action,70000000,122,2005,8.2,192,1
1806,Movie 1806,Fantasy|Documentary,75000000,94,2000,7.7,244,0
1807,Movie 1807,Drama,147000000,96,2024,7.6,308,1
1808,Movie 1808,Thriller,101000000,133,2009,3.9,344,0
1809,Movie 1809,Thriller|Action,98000000,144,2012,6.0,201,0
1810,Movie 1810,Action|Animation,82000000,109,2004,9.4,338,1
1811,Movie 1811,Thriller,71000000,131,1999,2.5,307,0
1812,Movie 1812,Children|Sci-Fi|Fantasy,7000000,97,2016,5.4,246,1
1813,Movie 1813,Action|Comedy,38000000,137,1991,2.6,324,1
1814,Movie 1814,Documentary|Children|Drama,27000000,124,2006,9.3,248,0
1815,Movie 1815,Animation|Comedy,60000000,131,1994,2.5,219,0
1816,Movie 1816,Animation|Children,64000000,164,2009,6.0,241,0
1817,Movie 1817,Animation|Comedy,137000000,139,2008,2.0,412,0
1818,Movie 1818,Drama,66000000,166,1990,9.6,439,0
1819,Movie 1819,Documentary|Drama,17000000,133,2010,5.1,439,1
1820,Movie 1820,Adventure,27000000,175,2011,4.9,74,0
1821,Movie 1821,Horror,166000000,144,1993,9.0,30,1
1822,Movie 1822,Adventure,113000000,80,2018,9.2,341,0
1823,Movie 1823,Thriller,23000000,93,2018,4.2,116,0
1824,Movie 1824,Thriller,61000000,127,2012,7.3,427,0
1825,Movie 1825,Thriller|Drama,156000000,113,2011,6.4,472,0
1826,Movie 1826,Crime|Drama|Animation,61000000,128,2023,6.2,247,0
1827,Movie 1827,Sci-Fi|Animation|Children,114000000,175,2002,4.1,374,1
1828,Movie 1828,Comedy,199000000,115,2013,4.5,459,1
1829,Movie 1829,Drama|Documentary,23000000,142,1994,5.9,195,0
1830,Movie 1830,Horror,100000000,96,1995,3.4,340,0
1831,Movie 1831,Children,159000000,147,1993,5.6,330,1
1832,Movie 1832,Documentary|Adventure,163000000,99,2014,4.1,44,1
1833,Movie 1833,Comedy,119000000,170,2011,8.2,372,0
1834,Movie 1834,Drama,161000000,154,1994,3.0,401,0
1835,Movie 1835,Children,92000000,165,1997,2.6,429,1
1836,Movie 1836,Crime|Adventure,194000000,170,2024,8.9,488,0
1837,Movie 1837,Action|Sci-Fi,59000000,107,1992,7.4,471,0
1838,Movie 1838,Documentary|Drama|Comedy,125000000,152,2020,5.3,83,0
1839,Movie 1839,Horror|Drama|Comedy,16000000,172,2020,2.8,137,0
1840,Movie 1840,Documentary|Sci-Fi|Action,67000000,120,2010,7.3,405,0
1841,Movie 1841,Crime|Fantasy,153000000,81,1991,2.9,306,0
1842,Movie 1842,Drama|Thriller|Children,47000000,162,2010,7.6,366,1
1843,Movie 1843,Comedy|Children|Horror,107000000,172,2020,4.3,493,0
1844,Movie 1844,Horror|Adventure,138000000,108,1992,5.5,207,0
1845,Movie 1845,Comedy|Action|Children,117000000,136,2007,8.0,61,0
1846,Movie 1846,Adventure|Action|Documentary,166000000,119,2006,3.9,183,0
1847,Movie 1847,Documentary,46000000,164,1992,2.3,95,1
1848,Movie 1848,Horror,91000000,109,2013,7.8,149,0
1849,Movie 1849,Horror,5000000,149,2016,3.1,64,0
1850,Movie 1850,Animation|Documentary,45000000,142,2015,7.3,200,0
1851,Movie 1851,Children|Thriller,193000000,106,1994,4.6,409,0
1852,Movie 1852,Comedy,117000000,97,2012,5.6,263,0
1853,Movie 1853,Thriller|Adventure,74000000,114,2019,3.5,324,0
1854,Movie 1854,Adventure|Documentary|Fantasy,19000000,171,2003,3.3,52,0
1855,Movie 1855,Animation|Comedy,35000000,129,2023,6.2,16,0
1856,Movie 1856,Action|Comedy|Adventure,184000000,132,2019,3.0,353,0
1857,Movie 1857,Action,185000000,154,2012,5.5,382,1
1858,Movie 1858,Thriller|Comedy|Crime,135000000,122,2021,4.4,401,0
1859,Movie 1859,Documentary|Crime,159000000,111,2013,8.3,49,0
1860,Movie 1860,Animation|Thriller|Horror,169000000,178,2010,5.8,259,0
1861,Movie 1861,Crime|Drama,4000000,100,2010,8.6,446,0
1862,Movie 1862,Horror|Drama,23000000,154,1992,7.7,304,0
1863,Movie 1863,Sci-Fi|Documentary|Animation,16000000,163,1990,2.2,67,0
1864,Movie 1864,Horror,36000000,126,2007,6.6,4,0
1865,Movie 1865,Documentary|Drama|Animation,49000000,133,2007,2.8,486,0
1866,Movie 1866,Fantasy,150000000,103,1999,3.5,466,0
1867,Movie 1867,Adventure|Drama,121000000,89,2007,7.1,254,0
1868,Movie 1868,Thriller,142000000,168,2023,9.4,12,0
1869,Movie 1869,Sci-Fi,139000000,111,2011,7.1,369,0
1870,Movie 1870,Sci-Fi|Animation,186000000,176,2007,2.5,355,1
1871,Movie 1871,Drama|Children|Horror,140000000,108,2000,8.7,437,0
1872,Movie 1872,Documentary|Thriller|Horror,154000000,85,2001,3.5,472,0
1873,Movie 1873,Comedy,37000000,169,1993,8.0,410,0
1874,Movie 1874,Action|Comedy,67000000,126,1992,7.4,393,1
1875,Movie 1875,Animation|Drama|Children,113000000,178,2011,8.7,372,0
1876,Movie 1876,Thriller|Drama,1000000,128,2022,8.8,141,0
1877,Movie 1877,Thriller|Animation,195000000,163,2008,2.6,421,1
1878,Movie 1878,Adventure|Comedy|Horror,76000000,115,2004,3.8,483,1
1879,Movie 1879,Fantasy|Crime,80000000,152,2005,5.9,485,0
1880,Movie 1880,Action|Documentary|Comedy,15000000,98,2021,4.8,137,0
1881,Movie 1881,Comedy,162000000,81,2006,4.0,252,1
1882,Movie 1882,Sci-Fi,146000000,116,1990,4.4,54,0
1883,Movie 1883,Crime|Sci-Fi|Documentary,128000000,81,1997,4.9,148,0
1884,Movie 1884,Sci-Fi|Fantasy|Documentary,96000000,167,2003,5.1,87,0
1885,Movie 1885,Action|Drama,159000000,107,2019,4.4,71,0
1886,Movie 1886,Sci-Fi,116000000,139,2002,7.4,373,1
1887,Movie 1887,Documentary|Comedy|Action,106000000,156,2018,9.8,359,0
1888,Movie 1888,Animation|Horror,86000000,143,1998,8.2,22,1
1889,Movie 1889,Animation,57000000,176,1998,7.8,90,1
1890,Movie 1890,Documentary|Children,24000000,152,2001,2.7,32,0
1891,Movie 1891,Adventure|Animation,60000000,115,2003,2.7,103,0
1892,Movie 1892,Fantasy|Sci-Fi,131000000,105,1993,8.5,221,0
1893,Movie 1893,Children|Crime,66000000,137,2021,7.2,454,0
1894,Movie 1894,Animation|Action|Crime,2000000,160,1997,4.2,177,0
1895,Movie 1895,Thriller|Crime|Comedy,44000000,137,2012,2.2,447,1
1896,Movie 1896,Action,104000000,103,2024,5.9,340,0
1897,Movie 1897,Documentary|Crime,48000000,93,2020,4.2,88,0
1898,Movie 1898,Children|Drama,20000000,160,2012,5.4,92,1
1899,Movie 1899,Children,57000000,179,2000,5.2,42,0
1900,Movie 1900,Children|Documentary|Fantasy,78000000,91,1999,8.4,236,0
1901,Movie 1901,Children,165000000,162,2012,6.5,454,0
1902,Movie 1902,Adventure|Documentary,5000000,131,1999,7.8,401,0
1903,Movie 1903,Comedy|Fantasy|Adventure,85000000,105,2005,2.5,42,0
1904,Movie 1904,Thriller|Sci-Fi|Fantasy,159000000,157,2009,7.6,390,0
1905,Movie 1905,Action,91000000,159,2008,5.7,58,0
1906,Movie 1906,Adventure|Crime,115000000,158,2012,4.7,419,1
1907,Movie 1907,Crime|Sci-Fi,137000000,119,2002,8.7,157,0
1908,Movie 1908,Comedy,132000000,96,2013,5.4,489,0
1909,Movie 1909,Fantasy|Drama,14000000,118,2010,7.3,40,0
1910,Movie 1910,Fantasy|Crime|Action,55000000,129,2016,3.7,13,0
1911,Movie 1911,Adventure|Thriller|Documentary,48000000,80,2010,3.9,450,0
1912,Movie 1912,Animation|Comedy|Action,187000000,131,2023,9.2,146,0
1913,Movie 1913,Drama|Crime|Thriller,162000000,138,2000,3.6,267,0
1914,Movie 1914,Action|Documentary,18000000,162,2001,3.9,177,0
1915,Movie 1915,Fantasy|Documentary|Horror,156000000,163,2013,4.0,418,0
1916,Movie 1916,Comedy|Crime|Animation,128000000,114,2008,3.2,88,0
1917,Movie 1917,Adventure|Animation|Documentary,140000000,99,2008,8.8,225,0
1918,Movie 1918,Thriller|Horror|Drama,66000000,113,2020,4.5,147,1
1919,Movie 1919,Adventure|Sci-Fi|Documentary,180000000,98,1990,3.2,142,0
1920,Movie 1920,Children|Adventure|Fantasy,77000000,170,2001,5.6,279,0
1921,Movie 1921,Sci-Fi|Fantasy,87000000,174,2013,7.7,477,0
1922,Movie 1922,Action|Animation,105000000,117,2022,4.5,216,0
1923,Movie 1923,Comedy|Crime,57000000,159,2002,7.6,328,0
1924,Movie 1924,Adventure|Comedy|Horror,131000000,146,1993,8.5,429,0
1925,Movie 1925,Drama|Thriller|Children,42000000,115,1992,6.5,18,1
1926,Movie 1926,Crime|Animation,155000000,164,2023,2.9,472,0
1927,Movie 1927,Documentary|Comedy,25000000,110,1996,8.0,52,1
1928,Movie 1928,Sci-Fi|Thriller|Comedy,57000000,146,1997,2.1,444,0
1929,Movie 1929,Crime|Fantasy,136000000,172,2022,8.6,207,1
1930,Movie 1930,Documentary|Action,18000000,97,1993,7.6,75,1
1931,Movie 1931,Thriller|Horror,7000000,162,2006,2.6,313,0
1932,Movie 1932,Children|Documentary,189000000,119,2017,9.4,31,1
1933,Movie 1933,Animation|Action,42000000,174,1993,3.9,465,0
1934,Movie 1934,Comedy|Drama,134000000,107,2015,8.5,12,1
1935,Movie 1935,Drama|Children,84000000,149,2020,9.0,370,0
1936,Movie 1936,Sci-Fi|Fantasy,98000000,113,2015,6.0,149,0
1937,Movie 1937,Documentary|Children,107000000,136,2014,4.7,157,0
1938,Movie 1938,Horror|Comedy|Adventure,49000000,85,2017,9.7,71,1
1939,Movie 1939,Sci-Fi,155000000,112,2013,8.1,210,0
1940,Movie 1940,Documentary|Children,197000000,170,2007,5.4,93,0
1941,Movie 1941,Comedy|Horror|Drama,10000000,112,2012,8.9,459,1
1942,Movie 1942,Adventure|Crime,124000000,103,1992,6.4,306,0
1943,Movie 1943,Horror|Crime|Children,14000000,129,2009,5.8,328,0
1944,Movie 1944,Action|Adventure,14000000,110,2018,3.8,437,0
1945,Movie 1945,Fantasy|Comedy,95000000,165,1990,5.7,226,0
1946,Movie 1946,Horror|Adventure,27000000,141,2017,9.4,194,0
1947,Movie 1947,Comedy|Action|Crime,81000000,130,2024,6.4,20,0
1948,Movie 1948,Crime|Comedy|Animation,75000000,113,2006,2.1,202,1
1949,Movie 1949,Adventure|Thriller,142000000,92,2024,9.7,489,0
1950,Movie 1950,Adventure|Comedy,35000000,140,1994,2.2,87,1
1951,Movie 1951,Action,3000000,101,1997,7.7,293,0
1952,Movie 1952,Documentary|Horror,116000000,168,2022,9.3,222,0
1953,Movie 1953,Documentary|Animation|Children,45000000,93,2014,8.9,1,0
1954,Movie 1954,Thriller,73000000,122,2008,6.1,315,0
1955,Movie 1955,Comedy,92000000,102,1990,7.0,94,0
1956,Movie 1956,Animation,172000000,139,1995,6.8,334,0
1957,Movie 1957,Horror|Documentary|Sci-Fi,161000000,126,2014,4.1,396,0
1958,Movie 1958,Animation,29000000,99,2004,2.5,493,0
1959,Movie 1959,Adventure|Action|Animation,22000000,139,1991,7.3,364,0
1960,Movie 1960,Crime,121000000,105,2011,9.7,368,1
1961,Movie 1961,Action,71000000,82,2017,5.5,28,0
1962,Movie 1962,Sci-Fi|Comedy,196000000,142,2020,9.8,431,0
1963,Movie 1963,Children,189000000,104,1991,9.1,218,0
1964,Movie 1964,Crime,86000000,125,2018,6.9,239,0
1965,Movie 1965,Animation,138000000,88,2015,5.7,464,0
1966,Movie 1966,Thriller|Sci-Fi|Drama,63000000,156,2005,5.8,438,0
1967,Movie 1967,Drama|Action|Comedy,106000000,103,1994,9.9,83,1
1968,Movie 1968,Children|Action,141000000,121,1999,7.3,147,0
1969,Movie 1969,Sci-Fi|Adventure|Comedy,196000000,152,2006,7.8,312,0
1970,Movie 1970,Sci-Fi,134000000,84,1997,8.5,178,0
1971,Movie 1971,Thriller,9000000,117,2007,5.2,407,0
1972,Movie 1972,Sci-Fi,115000000,115,1997,7.7,265,0
1973,Movie 1973,Horror,77000000,141,2005,4.6,247,0
1974,Movie 1974,Action|Comedy|Horror,198000000,102,1999,2.6,348,0
1975,Movie 1975,Action,124000000,165,2011,6.3,347,0
1976,Movie 1976,Animation|Crime,105000000,159,1993,3.3,152,0
1977,Movie 1977,Thriller|Horror,32000000,145,1990,5.3,17,0
1978,Movie 1978,Drama,84000000,102,1993,6.7,454,1
1979,Movie 1979,Fantasy|Crime,139000000,153,2004,5.8,293,0
1980,Movie 1980,Action|Children|Crime,58000000,158,2004,6.6,17,0
1981,Movie 1981,Sci-Fi|Children,90000000,123,2020,9.1,279,0
1982,Movie 1982,Horror|Comedy|Adventure,188000000,163,1990,2.5,178,0
1983,Movie 1983,Comedy|Fantasy|Adventure,48000000,111,2022,7.6,388,1
1984,Movie 1984,Fantasy,122000000,177,1992,7.8,4,0
1985,Movie 1985,Documentary|Sci-Fi|Thriller,185000000,146,2022,2.3,26,0
1986,Movie 1986,Sci-Fi,18000000,135,2009,2.6,283,0
1987,Movie 1987,Comedy|Sci-Fi,28000000,168,1999,3.8,382,1
1988,Movie 1988,Children|Sci-Fi|Horror,129000000,167,2014,6.2,447,1
1989,Movie 1989,Drama|Children,96000000,138,1998,8.0,215,0
1990,Movie 1990,Documentary,152000000,172,2024,2.3,18,0
1991,Movie 1991,Drama,61000000,105,2023,3.8,286,1
1992,Movie 1992,Crime|Documentary|Horror,45000000,176,1998,5.9,175,0
1993,Movie 1993,Action|Thriller,137000000,115,1990,2.7,414,0
1994,Movie 1994,Children,58000000,84,1994,8.7,246,0
1995,Movie 1995,Action|Documentary,138000000,157,2006,3.1,317,0
1996,Movie 1996,Animation|Sci-Fi|Fantasy,159000000,166,2011,2.9,383,0
1997,Movie 1997,Thriller|Animation|Documentary,165000000,112,2013,2.3,50,0
1998,Movie 1998,Fantasy|Thriller|Animation,170000000,151,2022,8.3,303,0
1999,Movie 1999,Sci-Fi|Comedy|Adventure,70000000,156,2019,8.5,373,0
2000,Movie 2000,Adventure|Documentary|Children,30000000,105,1998,8.7,99,0
2001,Movie 2001,Sci-Fi|Crime|Comedy,1000000,129,2004,3.8,470,1
2002,Movie 2002,Drama|Animation|Comedy,3000000,151,2018,5.8,226,0
2003,Movie 2003,Children|Adventure,102000000,128,2018,4.8,426,1
2004,Movie 2004,Fantasy,9000000,177,2018,8.3,173,0
2005,Movie 2005,Animation|Sci-Fi,189000000,80,2023,2.8,378,0
2006,Movie 2006,Crime|Comedy,163000000,91,1990,9.7,483,0
2007,Movie 2007,Action,3000000,109,1997,3.1,343,0
2008,Movie 2008,Children|Animation,155000000,143,2021,2.3,37,0
2009,Movie 2009,Children,19000000,135,2024,4.4,75,0
2010,Movie 2010,Thriller,191000000,165,2003,2.9,446,0
2011,Movie 2011,Children|Comedy,162000000,87,1999,7.3,172,1
2012,Movie 2012,Thriller,28000000,93,2002,9.3,455,0
2013,Movie 2013,Documentary|Comedy,168000000,126,2016,5.1,274,0
2014,Movie 2014,Animation|Documentary,188000000,96,2014,2.1,42,0
2015,Movie 2015,Documentary|Action|Adventure,10000000,111,2024,5.7,359,0
2016,Movie 2016,Adventure|Action,135000000,109,1998,6.6,108,0
2017,Movie 2017,Comedy|Thriller|Documentary,164000000,148,2013,3.6,446,0
2018,Movie 2018,Adventure|Horror,151000000,139,2011,5.7,480,1
2019,Movie 2019,Animation,123000000,140,1996,2.7,429,0
2020,Movie 2020,Animation,131000000,86,2023,9.5,242,0
2021,Movie 2021,Animation,185000000,160,1994,6.1,478,0
2022,Movie 2022,Drama|Thriller,127000000,126,2019,7.1,171,0
2023,Movie 2023,Adventure,10000000,158,2005,9.8,209,0
2024,Movie 2024,Children,165000000,163,1995,3.0,342,0
2025,Movie 2025,Comedy,100000000,115,2006,5.9,464,0
2026,Movie 2026,Drama|Horror|Fantasy,101000000,129,2012,6.4,398,0
2027,Movie 2027,Documentary|Fantasy,69000000,95,1996,5.1,432,0
2028,Movie 2028,Action|Horror|Animation,102000000,160,2019,9.8,138,0
2029,Movie 2029,Fantasy,71000000,83,1996,6.1,43,1
2030,Movie 2030,Horror,116000000,108,2001,5.2,353,0
2031,Movie 2031,Comedy|Sci-Fi|Action,185000000,118,2002,7.3,53,0
2032,Movie 2032,Sci-Fi|Animation|Comedy,113000000,138,2007,9.8,113,0
2033,Movie 2033,Thriller,164000000,89,2022,8.7,382,1
2034,Movie 2034,Adventure,32000000,127,2024,8.8,485,0
2035,Movie 2035,Sci-Fi|Children,131000000,135,2018,5.4,400,0
2036,Movie 2036,Documentary|Drama,93000000,135,2022,9.5,315,0
2037,Movie 2037,Sci-Fi|Drama|Crime,100000000,168,1991,4.6,5,1
2038,Movie 2038,Animation,7000000,175,2001,3.2,384,0
2039,Movie 2039,Thriller|Sci-Fi|Horror,166000000,105,1998,6.9,369,1
2040,Movie 2040,Crime,58000000,100,2015,3.6,64,1
2041,Movie 2041,Horror,167000000,123,2002,2.6,378,0
2042,Movie 2042,Fantasy,130000000,156,2019,2.5,52,0
2043,Movie 2043,Drama|Children,116000000,156,1999,2.6,22,0
2044,Movie 2044,Comedy|Documentary|Crime,100000000,110,2021,7.2,86,0
2045,Movie 2045,Documentary|Adventure,138000000,90,2002,3.6,285,0
2046,Movie 2046,Animation|Sci-Fi|Comedy,79000000,157,2022,8.4,160,0
2047,Movie 2047,Action|Children|Thriller,42000000,158,1990,7.1,134,0
2048,Movie 2048,Comedy,124000000,170,1990,2.1,173,0
2049,Movie 2049,Children,90000000,91,1998,5.2,87,1
2050,Movie 2050,Comedy,176000000,144,2023,4.9,296,0
2051,Movie 2051,Horror|Action|Adventure,196000000,98,2015,6.9,331,0
2052,Movie 2052,Crime|Action|Sci-Fi,147000000,90,2006,3.4,334,0
2053,Movie 2053,Documentary,193000000,115,2019,8.4,193,0
2054,Movie 2054,Documentary|Drama|Fantasy,81000000,113,1990,7.7,168,1
2055,Movie 2055,Crime,82000000,98,2021,3.4,478,0
2056,Movie 2056,Thriller|Crime,122000000,94,2021,5.5,451,0
2057,Movie 2057,Adventure|Animation|Thriller,27000000,160,2020,7.5,498,0
2058,Movie 2058,Fantasy|Animation,56000000,108,2010,8.0,337,0
2059,Movie 2059,Crime|Thriller,24000000,106,1993,2.6,106,0
2060,Movie 2060,Animation,185000000,94,2015,3.8,92,0
2061,Movie 2061,Animation|Fantasy|Horror,85000000,160,1992,3.8,180,0
2062,Movie 2062,Adventure|Children,151000000,132,1997,4.0,455,1
2063,Movie 2063,Sci-Fi,138000000,102,1996,9.6,263,0
2064,Movie 2064,Horror|Animation|Action,183000000,174,2009,8.3,20,0
2065,Movie 2065,Fantasy|Comedy,168000000,134,2014,6.7,122,0
2066,Movie 2066,Thriller|Children,98000000,125,2023,8.3,401,0
2067,Movie 2067,Adventure|Fantasy,63000000,118,1990,6.8,484,0
2068,Movie 2068,Comedy,77000000,90,1991,5.4,458,0
2069,Movie 2069,Documentary,175000000,89,2016,4.7,273,0
2070,Movie 2070,Fantasy,156000000,175,1990,7.2,329,1
2071,Movie 2071,Action|Horror|Adventure,15000000,152,1992,6.2,342,0
2072,Movie 2072,Comedy|Thriller,194000000,150,1993,7.8,247,1
2073,Movie 2073,Comedy|Children,121000000,111,2012,6.6,72,0
2074,Movie 2074,Comedy|Crime|Children,152000000,164,2006,6.9,288,0
2075,Movie 2075,Comedy|Thriller,72000000,167,1995,5.2,218,0
2076,Movie 2076,Animation|Fantasy|Adventure,143000000,130,2023,4.0,446,0
2077,Movie 2077,Documentary|Action,152000000,173,2015,4.4,245,1
2078,Movie 2078,Children|Drama|Fantasy,83000000,90,2001,2.3,341,0
2079,Movie 2079,Documentary|Animation,114000000,111,2006,6.4,451,0
2080,Movie 2080,Fantasy,85000000,150,2013,2.1,64,1
2081,Movie 2081,Drama,127000000,166,2024,4.4,405,0
2082,Movie 2082,Crime,44000000,91,2019,6.5,277,1
2083,Movie 2083,Action,22000000,89,1994,3.9,390,1
2084,Movie 2084,Sci-Fi|Adventure,82000000,175,2010,5.2,313,1
2085,Movie 2085,Fantasy|Comedy|Documentary,10000000,86,2009,9.0,498,0
2086,Movie 2086,Comedy,109000000,107,2023,8.5,477,0
2087,Movie 2087,Comedy|Action,144000000,135,2002,4.8,92,0
2088,Movie 2088,Action|Sci-Fi|Animation,148000000,138,1992,4.4,446,0
2089,Movie 2089,Children,24000000,120,2022,9.2,84,0
2090,Movie 2090,Crime,73000000,90,1996,6.7,179,0
2091,Movie 2091,Drama|Documentary,105000000,108,2004,4.2,50,0
2092,Movie 2092,Animation|Horror|Documentary,132000000,163,2005,6.6,215,0
2093,Movie 2093,Documentary|Fantasy,196000000,161,1995,7.5,442,1
2094,Movie 2094,Sci-Fi,50000000,110,2011,5.1,73,0
2095,Movie 2095,Sci-Fi|Documentary,176000000,156,2017,7.6,206,0
2096,Movie 2096,Sci-Fi|Thriller|Fantasy,76000000,90,2019,7.3,389,1
2097,Movie 2097,Fantasy|Children,113000000,133,2006,3.4,319,0
2098,Movie 2098,Horror,109000000,177,2020,3.4,226,1
2099,Movie 2099,Action|Children|Documentary,181000000,153,2008,3.4,446,0
2100,Movie 2100,Comedy,126000000,158,1996,7.3,243,0
2101,Movie 2101,Sci-Fi|Fantasy,154000000,142,2003,2.2,147,0
2102,Movie 2102,Adventure|Documentary,134000000,145,2007,5.3,381,1
2103,Movie 2103,Drama|Sci-Fi,90000000,159,2022,6.5,3,0
2104,Movie 2104,Adventure|Comedy|Documentary,68000000,111,2011,2.6,283,0
2105,Movie 2105,Thriller|Children,27000000,154,2017,6.0,14,0
2106,Movie 2106,Comedy,22000000,97,2003,7.1,37,0
2107,Movie 2107,Crime,182000000,113,1992,6.1,137,0
2108,Movie 2108,Adventure|Action,103000000,105,2022,3.8,61,0
2109,Movie 2109,Drama,77000000,80,2012,5.5,133,0
2110,Movie 2110,Sci-Fi|Horror,139000000,146,1991,4.7,397,0
2111,Movie 2111,Crime,122000000,122,2009,7.6,6,1
2112,Movie 2112,Sci-Fi,199000000,136,2024,5.8,450,0
2113,Movie 2113,Sci-Fi,101000000,148,1995,6.6,21,0
2114,Movie 2114,Children|Documentary,80000000,108,2024,2.5,296,0
2115,Movie 2115,Crime|Animation,62000000,96,2016,8.6,262,1
2116,Movie 2116,Documentary|Drama|Sci-Fi,34000000,122,2007,4.8,383,0
2117,Movie 2117,Horror,172000000,176,1992,4.5,438,0
2118,Movie 2118,Action,160000000,96,1998,4.2,189,0
2119,Movie 2119,Thriller|Documentary,56000000,117,2021,2.8,324,0
2120,Movie 2120,Animation|Fantasy|Drama,111000000,129,1995,9.4,12,0
2121,Movie 2121,Adventure,37000000,121,2024,5.6,260,1
2122,Movie 2122,Horror,79000000,148,2011,4.4,8,0
2123,Movie 2123,Crime|Comedy,52000000,80,2020,4.4,306,1
2124,Movie 2124,Crime|Sci-Fi,132000000,164,1996,6.8,318,0
2125,Movie 2125,Adventure|Crime,100000000,155,1990,3.1,14,0
2126,Movie 2126,Children|Crime,122000000,99,1998,2.8,158,0
2127,Movie 2127,Adventure|Documentary|Sci-Fi,166000000,155,2019,9.9,414,0
2128,Movie 2128,Fantasy|Drama|Documentary,108000000,164,2019,5.4,124,0
2129,Movie 2129,Horror|Thriller,149000000,171,2015,9.3,260,0
2130,Movie 2130,Adventure,96000000,105,2007,6.9,305,0
2131,Movie 2131,Comedy|Horror,169000000,152,1992,4.4,5,1
2132,Movie 2132,Crime,111000000,157,2015,6.3,314,0
2133,Movie 2133,Sci-Fi,113000000,100,2000,9.2,341,1
2134,Movie 2134,Animation|Thriller|Horror,88000000,106,1997,4.5,61,1
2135,Movie 2135,Children|Adventure,104000000,121,1993,3.6,335,0
2136,Movie 2136,Documentary|Sci-Fi,6000000,108,2010,5.6,29,0
2137,Movie 2137,Children,60000000,97,2015,6.2,223,0
2138,Movie 2138,Sci-Fi,136000000,144,2000,9.4,300,0
2139,Movie 2139,Thriller|Action|Drama,38000000,103,2017,9.0,480,0
2140,Movie 2140,Documentary|Comedy,189000000,146,1997,4.3,473,0
2141,Movie 2141,Thriller,134000000,131,1993,7.5,498,0
2142,Movie 2142,Fantasy|Animation|Crime,172000000,166,2007,2.6,487,1
2143,Movie 2143,Thriller|Animation,131000000,120,2022,9.8,189,0
2144,Movie 2144,Horror|Action|Drama,6000000,150,2019,5.4,139,0
2145,Movie 2145,Horror|Action|Thriller,148000000,85,2000,3.3,110,0
2146,Movie 2146,Drama|Sci-Fi,157000000,147,2006,8.6,27,0
2147,Movie 2147,Comedy|Thriller,164000000,101,2017,6.8,304,0
2148,Movie 2148,Crime|Documentary|Horror,154000000,164,1998,8.3,53,0
2149,Movie 2149,Crime|Documentary,161000000,103,1990,7.5,275,0
2150,Movie 2150,Thriller|Drama,98000000,101,2000,8.0,194,0
2151,Movie 2151,Fantasy,66000000,170,2008,2.7,108,0
2152,Movie 2152,Crime|Horror,147000000,134,1998,2.9,71,0
2153,Movie 2153,Comedy|Adventure,128000000,156,2018,4.1,230,1
2154,Movie 2154,Fantasy|Action|Drama,100000000,90,2016,4.8,495,0
2155,Movie 2155,Sci-Fi|Adventure,195000000,115,2016,4.6,288,0
2156,Movie 2156,Action|Adventure|Animation,12000000,139,2014,6.0,149,0
2157,Movie 2157,Drama,138000000,91,2012,2.6,2,0
2158,Movie 2158,Action|Documentary|Thriller,58000000,85,1991,9.3,449,1
2159,Movie 2159,Children,172000000,126,2022,9.5,97,0
2160,Movie 2160,Documentary,88000000,157,2022,4.1,136,0
2161,Movie 2161,Drama,155000000,154,1993,2.8,56,0
2162,Movie 2162,Thriller|Children,84000000,97,1990,7.8,211,0
2163,Movie 2163,Animation,9000000,158,2008,8.7,198,0
2164,Movie 2164,Sci-Fi,63000000,111,2020,2.5,75,0
2165,Movie 2165,Thriller,73000000,142,2006,2.8,416,0
2166,Movie 2166,Drama|Animation,49000000,136,2000,8.6,28,1
2167,Movie 2167,Animation,53000000,172,1999,7.3,333,0
2168,Movie 2168,Fantasy|Animation,118000000,162,2022,3.7,457,1
2169,Movie 2169,Action|Crime|Adventure,106000000,84,2000,9.6,281,0
2170,Movie 2170,Sci-Fi,78000000,156,2016,3.6,385,0
2171,Movie 2171,Adventure|Fantasy|Sci-Fi,5000000,114,2003,9.3,31,0
2172,Movie 2172,Action,5000000,136,2004,4.1,181,0
2173,Movie 2173,Sci-Fi|Horror,115000000,108,2004,4.0,53,0
2174,Movie 2174,Comedy,199000000,177,2015,6.8,409,0
2175,Movie 2175,Animation|Sci-Fi|Adventure,120000000,115,2019,9.5,444,0
2176,Movie 2176,Children|Thriller|Sci-Fi,116000000,94,2001,5.7,233,0
2177,Movie 2177,Children,136000000,169,1999,3.7,48,0
2178,Movie 2178,Adventure|Animation|Fantasy,45000000,81,2018,4.3,152,0
2179,Movie 2179,Adventure|Fantasy,76000000,142,2016,4.3,411,0
2180,Movie 2180,Thriller|Sci-Fi,115000000,95,2001,3.2,260,1
2181,Movie 2181,Adventure,151000000,167,2010,3.5,297,0
2182,Movie 2182,Drama|Thriller|Children,165000000,142,2019,2.4,156,0
2183,Movie 2183,Adventure|Horror|Drama,181000000,109,2005,2.8,66,0
2184,Movie 2184,Fantasy,110000000,160,2008,2.7,100,0
2185,Movie 2185,Fantasy,4000000,166,2015,6.5,323,0
2186,Movie 2186,Comedy|Fantasy,104000000,148,2020,3.3,163,0
2187,Movie 2187,Crime,182000000,171,2022,4.5,309,0
2188,Movie 2188,Fantasy|Comedy|Thriller,23000000,123,2009,8.3,170,0
2189,Movie 2189,Adventure,61000000,89,2012,9.4,229,1
2190,Movie 2190,Action|Comedy|Fantasy,156000000,101,1993,5.6,80,1
2191,Movie 2191,Action,145000000,151,2009,8.0,69,0
2192,Movie 2192,Crime,10000000,99,2016,6.5,346,0
2193,Movie 2193,Thriller,162000000,131,1993,2.6,465,0
2194,Movie 2194,Thriller|Drama|Adventure,105000000,172,1993,5.8,358,0
2195,Movie 2195,Animation|Adventure,192000000,165,1994,8.5,142,0
2196,Movie 2196,Crime|Documentary|Sci-Fi,177000000,114,1998,9.8,427,1
2197,Movie 2197,Crime,158000000,155,2016,5.1,211,0
2198,Movie 2198,Comedy|Thriller,53000000,129,2015,4.0,28,0
2199,Movie 2199,Thriller|Comedy,133000000,97,2024,9.3,244,0
2200,Movie 2200,Fantasy,146000000,177,1991,9.0,440,0
2201,Movie 2201,Comedy,176000000,125,2004,6.8,380,1
2202,Movie 2202,Adventure,121000000,179,2015,3.6,410,1
2203,Movie 2203,Drama,37000000,141,1993,3.1,423,1
2204,Movie 2204,Animation|Comedy,7000000,147,2003,6.9,418,0
2205,Movie 2205,Thriller,167000000,125,2005,5.8,106,0
2206,Movie 2206,Sci-Fi,153000000,83,2009,7.6,15,0
2207,Movie 2207,Fantasy|Children|Sci-Fi,19000000,148,2019,7.7,231,1
2208,Movie 2208,Horror,116000000,102,2012,2.1,286,0
2209,Movie 2209,Horror,176000000,94,1997,5.9,469,1
2210,Movie 2210,Action,190000000,172,2012,2.1,426,0
2211,Movie 2211,Animation|Fantasy|Crime,94000000,103,1998,2.5,217,0
2212,Movie 2212,Crime|Animation,115000000,176,1994,9.6,332,0
2213,Movie 2213,Adventure|Sci-Fi|Fantasy,64000000,106,2018,6.7,174,0
2214,Movie 2214,Comedy,24000000,121,2013,7.2,393,0
2215,Movie 2215,Documentary|Animation|Children,191000000,82,2016,9.0,467,0
2216,Movie 2216,Children,107000000,153,2017,6.6,237,0
2217,Movie 2217,Animation,77000000,178,1995,7.1,344,0
2218,Movie 2218,Sci-Fi|Documentary,13000000,116,1995,4.8,294,0
2219,Movie 2219,Fantasy|Thriller|Documentary,165000000,100,2017,3.1,366,0
2220,Movie 2220,Drama|Thriller|Action,123000000,142,1999,6.1,339,1
2221,Movie 2221,Adventure|Horror|Drama,114000000,131,2005,5.7,401,1
2222,Movie 2222,Thriller|Comedy,133000000,106,2013,3.6,288,0
2223,Movie 2223,Comedy|Documentary,140000000,152,1993,4.8,9,1
2224,Movie 2224,Horror,99000000,105,2011,3.8,135,0
2225,Movie 2225,Sci-Fi|Crime,90000000,134,2020,9.1,272,0
2226,Movie 2226,Horror|Crime,109000000,156,2001,3.3,89,0
2227,Movie 2227,Action|Documentary,113000000,94,2016,4.1,109,0
2228,Movie 2228,Comedy,121000000,137,2005,9.4,36,0
2229,Movie 2229,Horror,4000000,129,2016,8.0,197,0
2230,Movie 2230,Animation,163000000,164,1997,6.2,400,0
2231,Movie 2231,Thriller,55000000,149,2013,3.7,274,0
2232,Movie 2232,Thriller|Animation,30000000,101,2010,7.0,67,0
2233,Movie 2233,Drama,106000000,139,1990,2.9,123,0
2234,Movie 2234,Action|Crime,126000000,167,2018,4.0,101,1
2235,Movie 2235,Sci-Fi|Drama,24000000,96,2012,8.4,362,0
2236,Movie 2236,Thriller,118000000,97,1991,3.5,365,0
2237,Movie 2237,Adventure|Crime,85000000,150,2004,4.2,409,0
2238,Movie 2238,Thriller|Adventure|Comedy,90000000,110,1995,2.8,21,0
2239,Movie 2239,Thriller|Action,20000000,163,1993,7.4,293,1
2240,Movie 2240,Drama|Children,6000000,104,2021,3.7,499,0
2241,Movie 2241,Drama|Action,15000000,85,2009,3.1,387,1
2242,Movie 2242,Action,128000000,101,2003,4.0,370,0
2243,Movie 2243,Horror,154000000,136,2022,7.0,428,0
2244,Movie 2244,Sci-Fi|Animation|Fantasy,73000000,89,2013,3.0,304,0
2245,Movie 2245,Thriller,87000000,98,2020,3.9,270,0
2246,Movie 2246,Drama,122000000,102,1991,6.7,158,0
2247,Movie 2247,Comedy|Horror,19000000,109,2024,8.4,458,1
2248,Movie 2248,Thriller|Children,51000000,153,1993,4.4,2,0
2249,Movie 2249,Thriller,102000000,107,2007,2.2,99,1
2250,Movie 2250,Thriller|Crime,127000000,155,1991,8.1,484,0
2251,Movie 2251,Documentary|Horror,57000000,99,2019,7.6,312,0
2252,Movie 2252,Thriller|Horror,34000000,178,1997,10.0,276,0
2253,Movie 2253,Adventure|Sci-Fi,80000000,175,2023,8.0,328,0
2254,Movie 2254,Documentary|Sci-Fi|Drama,169000000,96,2024,6.5,378,0
2255,Movie 2255,Animation|Adventure|Fantasy,33000000,111,2013,2.9,264,0
2256,Movie 2256,Comedy|Documentary|Adventure,55000000,127,1991,4.7,489,1
2257,Movie 2257,Fantasy|Action,40000000,161,2017,8.7,282,0
2258,Movie 2258,Action,184000000,142,2007,4.6,383,0
2259,Movie 2259,Drama|Adventure|Crime,172000000,130,2003,8.7,478,0
2260,Movie 2260,Animation|Crime|Sci-Fi,133000000,151,2009,5.8,212,0
2261,Movie 2261,Fantasy,148000000,82,2001,2.4,292,0
2262,Movie 2262,Thriller|Drama|Action,164000000,95,2000,5.0,261,0
2263,Movie 2263,Sci-Fi,33000000,125,2012,3.4,234,1
2264,Movie 2264,Action,15000000,173,2010,9.3,121,1
2265,Movie 2265,Comedy|Drama|Animation,110000000,174,2014,8.6,145,1
2266,Movie 2266,Thriller,42000000,122,2007,4.6,2,0
2267,Movie 2267,Children|Animation|Crime,171000000,122,2016,2.1,438,0
2268,Movie 2268,Adventure,172000000,130,2005,9.2,138,0
2269,Movie 2269,Children|Crime,58000000,138,1996,9.0,442,0
2270,Movie 2270,Crime|Horror,134000000,111,1994,5.0,441,0
2271,Movie 2271,Crime|Fantasy,50000000,171,1990,2.3,167,0
2272,Movie 2272,Animation|Drama|Adventure,65000000,169,1996,6.9,108,0
2273,Movie 2273,Animation|Drama|Children,91000000,86,1998,2.9,417,0
2274,Movie 2274,Fantasy|Thriller,21000000,162,2009,4.3,147,0
2275,Movie 2275,Animation,63000000,158,2020,3.7,357,0
2276,Movie 2276,Adventure,119000000,115,1993,4.2,28,0
2277,Movie 2277,Crime,55000000,86,2017,2.4,141,0
2278,Movie 2278,Documentary|Sci-Fi,79000000,179,2009,7.5,286,0
2279,Movie 2279,Comedy|Fantasy|Action,139000000,123,1995,8.2,453,0
2280,Movie 2280,Thriller|Action|Sci-Fi,31000000,157,1992,2.8,200,0
2281,Movie 2281,Comedy|Animation|Fantasy,196000000,103,1990,6.0,394,1
2282,Movie 2282,Adventure|Thriller,95000000,117,2001,7.8,157,0
2283,Movie 2283,Crime,188000000,102,2016,2.6,89,0
2284,Movie 2284,Thriller|Drama|Documentary,183000000,94,2002,4.6,449,0
2285,Movie 2285,Action|Adventure,187000000,153,2002,4.4,184,1
2286,Movie 2286,Comedy|Horror|Adventure,155000000,167,1997,6.0,221,0
2287,Movie 2287,Documentary,133000000,101,1997,2.4,43,0
2288,Movie 2288,Comedy|Crime,17000000,81,1991,8.7,25,1
2289,Movie 2289,Horror|Sci-Fi|Documentary,123000000,160,1994,5.9,328,0
2290,Movie 2290,Adventure|Sci-Fi,19000000,135,2019,7.5,447,0
2291,Movie 2291,Horror|Animation,136000000,93,2018,2.1,276,0
2292,Movie 2292,Animation|Sci-Fi|Fantasy,24000000,115,1992,9.6,72,0
2293,Movie 2293,Documentary|Drama|Horror,90000000,178,2018,5.8,140,0
2294,Movie 2294,Action|Crime|Thriller,10000000,112,1998,3.1,300,0
2295,Movie 2295,Drama,79000000,164,1995,3.5,63,1
2296,Movie 2296,Sci-Fi|Animation,180000000,157,2021,2.1,35,0
2297,Movie 2297,Thriller|Children,64000000,168,2022,9.9,339,0
2298,Movie 2298,Adventure,6000000,145,2008,2.4,493,0
2299,Movie 2299,Crime,79000000,176,2022,4.6,465,0
2300,Movie 2300,Drama|Animation|Fantasy,184000000,142,2018,4.2,49,0
2301,Movie 2301,Horror|Crime|Documentary,150000000,112,1996,7.0,19,0
2302,Movie 2302,Sci-Fi|Drama|Thriller,130000000,139,2010,6.8,398,1
2303,Movie 2303,Horror|Comedy,30000000,120,2007,7.9,255,0
2304,Movie 2304,Fantasy|Crime|Comedy,163000000,119,2002,2.0,135,0
2305,Movie 2305,Adventure|Thriller|Animation,184000000,169,2020,7.7,12,0
2306,Movie 2306,Animation|Comedy|Documentary,180000000,140,2017,3.3,458,0
2307,Movie 2307,Animation|Drama|Crime,75000000,142,1995,2.1,215,0
2308,Movie 2308,Children,188000000,151,2003,5.2,318,0
2309,Movie 2309,Drama|Thriller,91000000,145,2010,7.1,201,0
2310,Movie 2310,Comedy|Fantasy,135000000,103,2023,5.8,348,1
2311,Movie 2311,Documentary|Action,151000000,91,2009,2.7,21,0
2312,Movie 2312,Sci-Fi|Action,89000000,133,2003,9.5,307,0
2313,Movie 2313,Children|Drama|Adventure,8000000,159,1994,6.0,236,0
2314,Movie 2314,Crime,141000000,119,2021,4.0,379,0
2315,Movie 2315,Fantasy,48000000,139,1999,4.5,461,0
2316,Movie 2316,Drama|Horror|Children,100000000,122,1990,7.2,352,0
2317,Movie 2317,Adventure,126000000,138,2019,9.8,344,0
2318,Movie 2318,Animation,64000000,135,1990,6.5,189,0
2319,Movie 2319,Drama|Action|Documentary,38000000,108,2024,9.9,111,1
2320,Movie 2320,Thriller|Horror|Fantasy,24000000,99,2018,3.2,165,0
2321,Movie 2321,Children|Horror,28000000,121,1992,2.1,115,0
2322,Movie 2322,Drama,67000000,157,2006,2.2,494,1
2323,Movie 2323,Fantasy,136000000,102,2013,2.3,307,0
2324,Movie 2324,Drama,25000000,174,2001,5.7,357,0
2325,Movie 2325,Children|Thriller,138000000,116,2023,4.2,223,0
2326,Movie 2326,Horror|Comedy,56000000,109,2013,8.9,71,0
2327,Movie 2327,Sci-Fi|Fantasy|Horror,135000000,176,1996,5.9,220,0
2328,Movie 2328,Crime,53000000,120,2006,8.6,236,0
2329,Movie 2329,Adventure,132000000,116,2024,6.5,499,0
2330,Movie 2330,Action,76000000,95,2007,3.2,85,1
2331,Movie 2331,Thriller,47000000,149,2004,4.7,123,1
2332,Movie 2332,Horror,58000000,142,1990,5.6,396,1
2333,Movie 2333,Documentary,108000000,114,2014,2.1,322,0
2334,Movie 2334,Fantasy,106000000,93,2012,8.7,15,0
2335,Movie 2335,Horror|Fantasy,83000000,168,2020,2.5,46,1
2336,Movie 2336,Action|Children,13000000,139,2014,4.8,207,1
2337,Movie 2337,Horror|Thriller,104000000,127,2008,4.8,289,0
2338,Movie 2338,Fantasy|Sci-Fi|Adventure,177000000,110,2020,5.8,402,0
2339,Movie 2339,Horror,131000000,176,2024,7.1,459,0
2340,Movie 2340,Fantasy|Action|Crime,50000000,122,1995,2.6,446,0
2341,Movie 2341,Fantasy|Documentary|Action,15000000,106,2020,3.6,372,0
2342,Movie 2342,Thriller|Animation|Children,84000000,174,2019,9.2,196,0
2343,Movie 2343,Thriller|Fantasy,67000000,140,2023,4.9,115,0
2344,Movie 2344,Comedy|Sci-Fi,199000000,123,2024,8.7,246,0
2345,Movie 2345,Documentary|Sci-Fi|Crime,166000000,132,2004,5.1,130,0
2346,Movie 2346,Drama|Fantasy|Thriller,124000000,102,2022,9.4,186,0
2347,Movie 2347,Sci-Fi,180000000,100,1997,8.1,323,0
2348,Movie 2348,Horror|Comedy|Children,157000000,144,2004,4.9,41,0
2349,Movie 2349,Documentary,12000000,127,1990,9.1,127,0
2350,Movie 2350,Drama|Children|Thriller,114000000,108,2015,2.1,10,1
2351,Movie 2351,Thriller|Comedy,64000000,112,1996,5.9,110,0
2352,Movie 2352,Adventure,89000000,98,2007,10.0,35,0
2353,Movie 2353,Action,191000000,113,2021,9.1,496,0
2354,Movie 2354,Comedy,20000000,170,2007,3.5,332,0
2355,Movie 2355,Comedy|Children,164000000,106,2014,6.9,35,0
2356,Movie 2356,Animation,161000000,110,1996,4.0,47,0
2357,Movie 2357,Adventure|Animation|Sci-Fi,93000000,101,2001,9.1,91,0
2358,Movie 2358,Sci-Fi|Fantasy|Thriller,86000000,139,2015,5.2,11,0
2359,Movie 2359,Fantasy|Crime,72000000,162,1999,6.2,7,0
2360,Movie 2360,Sci-Fi,121000000,145,1992,3.9,25,0
2361,Movie 2361,Thriller|Animation|Comedy,73000000,108,2018,3.6,335,0
2362,Movie 2362,Children|Documentary|Crime,35000000,135,2022,4.0,56,0
2363,Movie 2363,Action,177000000,155,2014,5.3,157,0
2364,Movie 2364,Crime,37000000,150,2018,4.3,191,0
2365,Movie 2365,Action,118000000,122,2020,9.6,482,0
2366,Movie 2366,Action|Crime,75000000,163,1998,6.2,275,0
2367,Movie 2367,Action,23000000,167,2017,7.7,463,0
2368,Movie 2368,Comedy|Action|Drama,30000000,131,1991,6.7,444,0
2369,Movie 2369,Crime|Documentary,138000000,109,2017,4.6,492,1
2370,Movie 2370,Drama|Sci-Fi|Thriller,63000000,177,2002,4.5,397,0
2371,Movie 2371,Sci-Fi|Animation|Adventure,42000000,122,2019,3.2,125,0
2372,Movie 2372,Drama,59000000,92,2018,7.9,162,1
2373,Movie 2373,Comedy|Children,65000000,139,2005,5.9,315,1
2374,Movie 2374,Drama,192000000,151,1990,6.6,237,0
2375,Movie 2375,Sci-Fi|Action|Children,99000000,171,2019,3.7,96,0
2376,Movie 2376,Drama|Thriller|Adventure,147000000,140,2007,4.6,304,1
2377,Movie 2377,Adventure,170000000,112,2024,4.1,493,0
2378,Movie 2378,Comedy,129000000,142,2023,6.6,409,0
2379,Movie 2379,Drama,198000000,94,2019,2.3,60,0
2380,Movie 2380,Horror|Adventure|Documentary,195000000,117,2002,9.3,463,0
2381,Movie 2381,Comedy|Children|Thriller,32000000,130,2012,3.9,309,0
2382,Movie 2382,Animation|Action|Documentary,100000000,80,2023,7.6,380,0
2383,Movie 2383,Animation|Thriller,35000000,120,2024,9.0,205,0
2384,Movie 2384,Crime,9000000,177,2016,3.3,411,0
2385,Movie 2385,Horror|Crime|Drama,159000000,129,2009,9.4,148,0
2386,Movie 2386,Animation|Drama|Adventure,4000000,123,2024,3.1,398,0
2387,Movie 2387,Animation|Documentary,145000000,175,2023,7.4,185,1
2388,Movie 2388,Fantasy,7000000,104,2000,3.3,461,0
2389,Movie 2389,Fantasy|Thriller|Comedy,149000000,173,2001,2.4,105,1
2390,Movie 2390,Thriller|Documentary,34000000,154,1998,6.7,439,0
2391,Movie 2391,Children|Action,144000000,90,2024,3.7,195,0
2392,Movie 2392,Crime,120000000,144,2001,5.6,260,0
2393,Movie 2393,Sci-Fi|Horror|Comedy,147000000,118,2015,4.9,265,0
2394,Movie 2394,Drama|Horror,113000000,143,2003,9.0,241,0
2395,Movie 2395,Sci-Fi,49000000,81,2013,6.7,186,0
2396,Movie 2396,Animation|Fantasy|Comedy,49000000,81,1999,5.9,276,0
2397,Movie 2397,Documentary,29000000,139,2009,9.0,246,1
2398,Movie 2398,Thriller,180000000,102,2014,7.7,162,0
2399,Movie 2399,Horror|Children,186000000,165,2019,5.0,367,0
2400,Movie 2400,Action|Animation,24000000,117,1996,2.2,401,0
2401,Movie 2401,Comedy|Sci-Fi,5000000,178,2019,2.2,297,0
2402,Movie 2402,Horror|Comedy,163000000,139,2004,8.3,133,0
2403,Movie 2403,Action|Documentary,165000000,112,2006,2.6,160,1
2404,Movie 2404,Children|Fantasy|Action,127000000,100,2009,4.5,273,0
2405,Movie 2405,Sci-Fi,79000000,110,1994,3.0,368,0
2406,Movie 2406,Drama,23000000,110,2008,4.7,222,0
2407,Movie 2407,Children|Fantasy,165000000,96,2018,9.1,267,0
2408,Movie 2408,Sci-Fi,165000000,158,1992,9.5,496,0
2409,Movie 2409,Animation|Children,112000000,156,1991,9.3,409,0
2410,Movie 2410,Crime|Action|Drama,106000000,89,2016,9.6,218,1
2411,Movie 2411,Sci-Fi|Children,150000000,104,2006,3.2,213,0
2412,Movie 2412,Drama|Sci-Fi|Children,123000000,136,2003,3.5,245,1
2413,Movie 2413,Action|Animation,34000000,135,2017,6.1,283,0
2414,Movie 2414,Documentary|Comedy|Children,90000000,101,2006,5.5,333,0
2415,Movie 2415,Children|Fantasy,161000000,84,1990,9.0,348,0
2416,Movie 2416,Adventure|Children|Animation,156000000,136,2017,8.5,279,1
2417,Movie 2417,Action|Children,113000000,80,1997,2.1,39,0
2418,Movie 2418,Adventure|Fantasy|Action,191000000,138,2016,3.3,241,0
2419,Movie 2419,Sci-Fi|Action,135000000,92,2012,3.7,220,1
2420,Movie 2420,Horror|Fantasy|Documentary,135000000,83,1990,4.8,10,1
2421,Movie 2421,Horror|Crime|Action,106000000,136,2021,8.6,65,0
2422,Movie 2422,Animation,46000000,158,2022,5.2,352,0
2423,Movie 2423,Action|Animation,168000000,124,2007,6.0,349,0
2424,Movie 2424,Documentary|Adventure,123000000,177,2007,3.4,178,0
2425,Movie 2425,Horror|Drama,160000000,103,1997,7.7,380,0
2426,Movie 2426,Animation|Fantasy,104000000,89,1992,6.2,469,0
2427,Movie 2427,Sci-Fi|Thriller|Children,91000000,123,2016,5.9,446,0
2428,Movie 2428,Fantasy,199000000,124,2020,3.5,223,0
2429,Movie 2429,Sci-Fi|Horror|Adventure,147000000,177,2020,3.1,437,0
2430,Movie 2430,Drama|Sci-Fi|Fantasy,63000000,152,2021,9.2,1,0
2431,Movie 2431,Adventure|Crime,135000000,139,2001,2.8,464,1
2432,Movie 2432,Comedy|Documentary|Drama,149000000,157,2013,7.1,255,1
2433,Movie 2433,Documentary|Thriller,142000000,111,2004,2.1,227,1
2434,Movie 2434,Thriller|Comedy|Animation,11000000,153,2002,6.9,319,0
2435,Movie 2435,Crime,59000000,144,1998,7.5,228,0
2436,Movie 2436,Crime|Animation,119000000,166,1991,6.5,214,1
2437,Movie 2437,Drama|Documentary|Adventure,154000000,96,2014,5.3,141,0
2438,Movie 2438,Horror|Sci-Fi|Action,184000000,120,1998,9.8,259,0
2439,Movie 2439,Comedy|Action|Animation,123000000,159,2006,8.2,325,1
2440,Movie 2440,Fantasy|Crime,136000000,118,1995,5.2,389,0
2441,Movie 2441,Animation,101000000,131,1995,2.5,356,0
2442,Movie 2442,Comedy,118000000,97,2000,4.5,102,0
2443,Movie 2443,Children|Thriller,79000000,166,1991,9.7,285,0
2444,Movie 2444,Comedy|Fantasy,14000000,108,2001,5.0,313,0
2445,Movie 2445,Action|Horror|Thriller,27000000,119,2003,7.8,130,0
2446,Movie 2446,Children|Animation|Sci-Fi,4000000,149,2022,4.5,445,0
2447,Movie 2447,Documentary,36000000,165,2013,7.6,248,0
2448,Movie 2448,Fantasy|Crime|Drama,166000000,109,2011,3.6,246,0
2449,Movie 2449,Animation|Comedy,26000000,171,2018,6.5,101,1
2450,Movie 2450,Crime|Adventure,62000000,120,1997,8.7,265,0
2451,Movie 2451,Thriller|Adventure|Sci-Fi,18000000,140,2015,7.1,387,0
2452,Movie 2452,Crime|Drama|Adventure,130000000,143,2010,8.7,64,1
2453,Movie 2453,Crime|Fantasy|Adventure,62000000,159,1990,2.6,459,0
2454,Movie 2454,Sci-Fi|Animation|Horror,167000000,143,2002,3.4,485,1
2455,Movie 2455,Horror|Children,70000000,144,2023,2.4,459,0
2456,Movie 2456,Drama,111000000,92,2008,7.2,145,0
2457,Movie 2457,Documentary|Children|Drama,176000000,104,1996,8.9,324,0
2458,Movie 2458,Comedy|Crime|Fantasy,61000000,80,2000,7.0,401,0
2459,Movie 2459,Adventure|Crime|Sci-Fi,64000000,120,2016,9.7,143,0
2460,Movie 2460,Children|Crime,111000000,148,1990,5.8,419,0
2461,Movie 2461,Action|Comedy|Documentary,27000000,102,1994,6.4,138,0
2462,Movie 2462,Fantasy,89000000,171,2016,4.0,401,1
2463,Movie 2463,Fantasy,167000000,177,2009,2.2,129,0
2464,Movie 2464,Horror|Fantasy|Action,87000000,121,2018,8.4,272,0
2465,Movie 2465,Animation|Thriller,58000000,81,2016,7.6,328,0
2466,Movie 2466,Fantasy,178000000,115,1991,9.0,305,0
2467,Movie 2467,Animation,147000000,87,2019,6.7,201,1
2468,Movie 2468,Adventure,42000000,152,2016,9.7,220,1
2469,Movie 2469,Animation|Adventure|Fantasy,85000000,85,2013,6.1,433,0
2470,Movie 2470,Crime,118000000,103,2004,2.2,499,1
2471,Movie 2471,Fantasy,118000000,103,2006,7.4,328,1
2472,Movie 2472,Crime|Sci-Fi,15000000,163,2011,9.3,433,0
2473,Movie 2473,Children,115000000,101,1996,3.8,479,0
2474,Movie 2474,Animation,86000000,150,1997,7.6,169,0
2475,Movie 2475,Thriller|Adventure,22000000,98,1998,8.6,14,0
2476,Movie 2476,Adventure|Documentary,57000000,120,2010,7.1,228,0
2477,Movie 2477,Comedy,68000000,105,2017,8.3,313,0
2478,Movie 2478,Sci-Fi,124000000,81,2022,3.7,370,0
2479,Movie 2479,Comedy,32000000,115,2000,7.9,196,0
2480,Movie 2480,Drama,62000000,113,2019,8.3,419,1
2481,Movie 2481,Drama|Thriller,155000000,95,2007,9.0,37,1
2482,Movie 2482,Comedy|Animation,111000000,177,2013,5.5,321,0
2483,Movie 2483,Documentary|Horror,77000000,157,2021,8.8,486,0
2484,Movie 2484,Documentary,142000000,85,2008,5.7,95,0
2485,Movie 2485,Thriller,77000000,132,1992,6.3,98,0
2486,Movie 2486,Horror|Documentary|Adventure,85000000,92,1990,4.2,245,0
2487,Movie 2487,Comedy,84000000,115,2010,2.0,117,0
2488,Movie 2488,Documentary|Action,18000000,92,2024,9.5,193,0
2489,Movie 2489,Action,148000000,106,1993,4.9,97,0
2490,Movie 2490,Documentary,26000000,179,2006,4.8,268,0
2491,Movie 2491,Sci-Fi|Comedy,52000000,160,2009,9.2,316,1
2492,Movie 2492,Drama|Documentary,127000000,171,2021,2.9,105,0
2493,Movie 2493,Comedy|Adventure|Horror,12000000,141,1996,7.8,376,0
2494,Movie 2494,Documentary,43000000,92,2015,4.4,447,0
2495,Movie 2495,Sci-Fi|Children,24000000,128,1997,6.2,227,0
2496,Movie 2496,Documentary,56000000,139,1996,5.5,207,0
2497,Movie 2497,Sci-Fi|Fantasy|Crime,168000000,169,2012,8.6,311,1
2498,Movie 2498,Fantasy|Comedy|Adventure,30000000,160,1990,3.0,115,0
2499,Movie 2499,Thriller|Adventure|Animation,63000000,139,2003,7.6,131,1
2500,Movie 2500,Children|Comedy|Drama,108000000,102,1992,8.3,130,0
2501,Movie 2501,Documentary,113000000,165,2021,7.1,302,1
2502,Movie 2502,Horror,127000000,133,2014,2.2,356,1
2503,Movie 2503,Comedy|Fantasy|Horror,15000000,117,1993,4.0,360,0
2504,Movie 2504,Action|Documentary|Animation,128000000,150,2007,9.1,369,0
2505,Movie 2505,Crime|Horror,53000000,119,2002,7.9,370,0
2506,Movie 2506,Action|Fantasy|Crime,80000000,95,2006,3.2,312,0
2507,Movie 2507,Crime|Action,183000000,122,1999,6.1,30,0
2508,Movie 2508,Comedy,136000000,131,2005,8.0,142,1
2509,Movie 2509,Children,130000000,124,1991,2.9,407,1
2510,Movie 2510,Thriller|Adventure,117000000,160,2004,6.3,334,0
2511,Movie 2511,Sci-Fi|Animation,91000000,118,2017,9.6,4,0
2512,Movie 2512,Horror,3000000,136,2000,7.5,277,0
2513,Movie 2513,Sci-Fi|Action,10000000,166,1993,4.8,159,0
2514,Movie 2514,Horror|Adventure|Action,36000000,168,2021,3.5,346,0
2515,Movie 2515,Fantasy|Horror|Children,96000000,137,2023,5.3,314,0
2516,Movie 2516,Drama|Documentary|Comedy,69000000,94,2023,8.0,111,0
2517,Movie 2517,Adventure|Action,151000000,106,1990,8.4,85,1
2518,Movie 2518,Documentary|Drama|Action,10000000,112,2016,5.5,222,0
2519,Movie 2519,Animation|Documentary,58000000,179,2011,3.6,370,0
2520,Movie 2520,Crime,22000000,162,1997,9.6,354,1
2521,Movie 2521,Adventure,145000000,177,2006,6.4,284,0
2522,Movie 2522,Drama|Sci-Fi|Children,185000000,158,2000,8.8,295,0
2523,Movie 2523,Sci-Fi|Adventure|Horror,170000000,148,2011,7.4,477,0
2524,Movie 2524,Sci-Fi,127000000,173,2004,8.3,315,0
2525,Movie 2525,Children|Sci-Fi|Adventure,93000000,100,1990,2.7,358,0
2526,Movie 2526,Thriller|Action|Sci-Fi,153000000,118,2002,5.3,76,0
2527,Movie 2527,Horror,76000000,125,2023,3.1,146,1
2528,Movie 2528,Children|Horror|Animation,50000000,105,2020,3.2,168,0
2529,Movie 2529,Documentary|Sci-Fi|Crime,17000000,100,2015,4.4,419,0
2530,Movie 2530,Thriller,61000000,96,2016,6.6,439,0
2531,Movie 2531,Drama,95000000,107,2004,5.8,403,0
2532,Movie 2532,Documentary|Children|Thriller,169000000,145,2003,4.9,1,1
2533,Movie 2533,Children|Drama|Sci-Fi,151000000,165,2007,3.2,307,0
2534,Movie 2534,Fantasy|Crime,55000000,148,1991,6.6,278,1
2535,Movie 2535,Action,7000000,167,2020,5.6,404,0
2536,Movie 2536,Thriller,148000000,143,1999,7.3,120,0
2537,Movie 2537,Sci-Fi,80000000,170,1999,6.8,127,1
2538,Movie 2538,Crime|Thriller|Adventure,115000000,102,2023,6.6,148,0
2539,Movie 2539,Children,30000000,139,2006,7.1,68,1
2540,Movie 2540,Sci-Fi,45000000,148,2008,4.2,190,0
2541,Movie 2541,Comedy|Children|Fantasy,156000000,157,2021,6.1,276,1
2542,Movie 2542,Comedy,51000000,106,2012,7.0,424,0
2543,Movie 2543,Comedy|Adventure,159000000,161,1992,5.9,307,0
2544,Movie 2544,Comedy|Horror,11000000,110,2011,7.9,414,1
2545,Movie 2545,Documentary,92000000,80,2021,8.1,80,0
2546,Movie 2546,Drama|Sci-Fi|Animation,73000000,112,1996,8.3,147,1
2547,Movie 2547,Adventure|Action|Documentary,37000000,159,1993,5.5,215,1
2548,Movie 2548,Documentary|Drama,89000000,146,2010,4.5,200,0
2549,Movie 2549,Drama|Comedy,115000000,80,1996,2.3,134,0
2550,Movie 2550,Fantasy|Adventure,134000000,157,2019,9.2,289,0
2551,Movie 2551,Children|Adventure|Fantasy,26000000,88,1995,3.6,380,1
2552,Movie 2552,Drama|Fantasy|Documentary,47000000,155,2007,9.9,260,0
2553,Movie 2553,Action|Drama,123000000,154,1990,4.3,120,0
2554,Movie 2554,Comedy|Drama|Fantasy,172000000,112,2003,5.9,318,0
2555,Movie 2555,Thriller,151000000,118,2013,7.9,270,1
2556,Movie 2556,Drama|Documentary,141000000,94,2018,8.1,127,0
2557,Movie 2557,Animation,43000000,92,2010,2.7,440,0
2558,Movie 2558,Action|Thriller,100000000,123,2017,8.2,382,0
2559,Movie 2559,Crime,25000000,103,1998,4.3,73,0
2560,Movie 2560,Animation|Action,51000000,116,2011,5.9,2,0
2561,Movie 2561,Comedy|Horror|Thriller,179000000,175,2008,7.1,233,0
2562,Movie 2562,Thriller,41000000,133,1993,4.5,437,0
2563,Movie 2563,Thriller,150000000,141,2006,8.3,95,1
2564,Movie 2564,Animation,137000000,113,2024,9.1,404,0
2565,Movie 2565,Sci-Fi|Thriller,57000000,104,2018,7.5,114,1
2566,Movie 2566,Children|Drama,25000000,121,1995,4.9,367,0
2567,Movie 2567,Crime|Horror|Fantasy,54000000,177,2019,5.6,330,0
2568,Movie 2568,Thriller|Fantasy|Animation,110000000,146,2008,6.6,75,0
2569,Movie 2569,Drama|Comedy,186000000,83,2002,4.0,370,0
2570,Movie 2570,Documentary|Animation|Thriller,16000000,164,1990,4.2,362,0
2571,Movie 2571,Drama|Crime,67000000,104,1997,6.3,135,0
2572,Movie 2572,Adventure|Thriller|Crime,185000000,173,2023,5.8,210,0
2573,Movie 2573,Crime|Drama|Sci-Fi,74000000,127,1991,3.2,142,0
2574,Movie 2574,Drama,4000000,91,2021,9.3,352,0
2575,Movie 2575,Action|Fantasy|Thriller,199000000,120,2003,3.5,246,0
2576,Movie 2576,Horror|Action|Thriller,54000000,135,2005,4.0,205,0
2577,Movie 2577,Horror,179000000,167,2006,2.8,366,0
2578,Movie 2578,Animation|Adventure|Fantasy,97000000,133,1995,5.1,270,0
2579,Movie 2579,Children,154000000,86,2023,9.7,73,0
2580,Movie 2580,Documentary,101000000,140,2006,5.2,67,0
2581,Movie 2581,Drama|Children|Documentary,24000000,139,2011,9.6,214,0
2582,Movie 2582,Sci-Fi|Horror|Adventure,150000000,112,2009,7.3,286,0
2583,Movie 2583,Drama,176000000,119,2021,3.1,58,0
2584,Movie 2584,Adventure|Fantasy,75000000,176,2000,3.7,184,1
2585,Movie 2585,Children|Drama,199000000,88,2007,5.1,478,0
2586,Movie 2586,Thriller|Sci-Fi|Fantasy,89000000,174,2005,6.5,21,0
2587,Movie 2587,Fantasy,73000000,133,2022,6.1,193,0
2588,Movie 2588,Animation|Comedy|Horror,178000000,99,2001,2.1,379,0
2589,Movie 2589,Crime|Action,86000000,87,2007,6.9,432,0
2590,Movie 2590,Comedy,150000000,161,2002,7.2,308,0
2591,Movie 2591,Fantasy|Animation,165000000,150,2019,5.2,498,0
2592,Movie 2592,Documentary,192000000,98,2013,8.6,62,0
2593,Movie 2593,Crime,64000000,90,2014,3.4,335,0
2594,Movie 2594,Drama|Fantasy|Children,59000000,169,2008,6.0,379,1
2595,Movie 2595,Fantasy|Animation|Documentary,76000000,88,2000,5.1,97,1
2596,Movie 2596,Thriller,33000000,86,1995,5.7,34,0
2597,Movie 2597,Horror,151000000,86,1997,6.7,29,0
2598,Movie 2598,Documentary|Animation,118000000,159,2015,2.3,77,0
2599,Movie 2599,Sci-Fi|Documentary,156000000,94,1993,5.2,370,0
2600,Movie 2600,Animation|Horror,126000000,162,1991,6.0,220,0
2601,Movie 2601,Animation,181000000,81,2019,4.6,65,1
2602,Movie 2602,Documentary|Sci-Fi,68000000,178,2023,6.8,276,0
2603,Movie 2603,Documentary|Thriller,126000000,166,1996,3.6,67,0
2604,Movie 2604,Documentary|Animation|Comedy,88000000,124,2011,2.0,45,0
2605,Movie 2605,Drama|Animation,75000000,81,2012,5.7,100,0
2606,Movie 2606,Drama|Animation|Comedy,96000000,156,2009,3.1,283,0
2607,Movie 2607,Action|Thriller|Fantasy,105000000,101,2019,6.5,138,0
2608,Movie 2608,Crime,79000000,84,1992,3.8,417,0
2609,Movie 2609,Fantasy,106000000,126,1999,7.2,330,1
2610,Movie 2610,Fantasy|Adventure,142000000,162,2012,9.7,330,0
2611,Movie 2611,Thriller|Fantasy|Adventure,57000000,82,1996,5.4,478,0
2612,Movie 2612,Comedy|Sci-Fi|Animation,119000000,87,2008,7.8,447,1
2613,Movie 2613,Thriller,87000000,168,2010,2.5,286,0
2614,Movie 2614,Crime,36000000,85,2009,8.1,204,1
2615,Movie 2615,Horror,79000000,142,2013,2.0,491,1
2616,Movie 2616,Documentary|Horror,173000000,164,1992,8.4,198,0
2617,Movie 2617,Children|Documentary|Sci-Fi,132000000,140,1999,8.1,405,1
2618,Movie 2618,Crime|Action,56000000,167,2010,6.8,21,0
2619,Movie 2619,Comedy,164000000,82,2000,5.2,279,1
2620,Movie 2620,Adventure,22000000,150,2021,2.9,72,1
2621,Movie 2621,Drama,113000000,161,2010,6.4,163,1
2622,Movie 2622,Thriller|Comedy,150000000,155,1991,9.7,284,1
2623,Movie 2623,Action|Adventure,163000000,133,2010,5.0,13,0
2624,Movie 2624,Thriller|Horror,185000000,142,2017,2.5,467,1
2625,Movie 2625,Horror|Adventure|Action,76000000,141,1991,2.6,67,0
2626,Movie 2626,Comedy|Children,107000000,112,2015,5.7,476,0
2627,Movie 2627,Thriller|Drama|Animation,35000000,108,2012,4.2,317,0
2628,Movie 2628,Thriller|Sci-Fi|Fantasy,6000000,87,2013,9.6,419,0
2629,Movie 2629,Animation|Children|Drama,159000000,91,2009,3.2,13,0
2630,Movie 2630,Action,133000000,104,1998,7.8,130,0
2631,Movie 2631,Horror|Thriller,79000000,93,2017,7.9,375,0
2632,Movie 2632,Drama|Children|Documentary,137000000,127,2011,3.2,361,1
2633,Movie 2633,Thriller|Crime|Drama,7000000,151,1991,9.6,431,0
2634,Movie 2634,Sci-Fi|Horror|Documentary,177000000,176,2018,9.8,170,1
2635,Movie 2635,Thriller|Crime,94000000,83,2004,8.5,118,1
2636,Movie 2636,Adventure,151000000,86,2024,5.2,285,0
2637,Movie 2637,Animation,2000000,120,2017,3.5,391,0
2638,Movie 2638,Fantasy|Drama|Documentary,107000000,127,2018,8.4,218,0
2639,Movie 2639,Fantasy|Sci-Fi,112000000,173,2015,8.1,402,0
2640,Movie 2640,Fantasy|Thriller|Animation,49000000,175,2014,3.0,457,0
2641,Movie 2641,Comedy|Adventure,81000000,159,2021,10.0,377,0
2642,Movie 2642,Crime|Children,167000000,159,2010,9.8,476,0
2643,Movie 2643,Sci-Fi|Thriller,82000000,172,2014,7.8,355,1
2644,Movie 2644,Horror|Animation|Sci-Fi,37000000,134,1995,9.3,216,0
2645,Movie 2645,Drama|Fantasy|Comedy,164000000,128,2010,5.6,495,0
2646,Movie 2646,Sci-Fi,24000000,109,2015,2.3,139,1
2647,Movie 2647,Sci-Fi,117000000,112,1998,7.1,195,0
2648,Movie 2648,Crime,185000000,158,2013,4.1,23,0
2649,Movie 2649,Documentary,14000000,155,2017,5.2,315,1
2650,Movie 2650,Comedy,112000000,124,1990,9.6,334,0
2651,Movie 2651,Crime,114000000,109,1993,2.2,209,0
2652,Movie 2652,Crime,98000000,82,2015,9.2,386,0
2653,Movie 2653,Horror,28000000,129,1996,4.0,241,0
2654,Movie 2654,Sci-Fi|Drama,4000000,104,1992,8.6,31,0
2655,Movie 2655,Children,21000000,87,2014,3.8,404,0
2656,Movie 2656,Drama|Horror,42000000,132,1992,3.2,475,0
2657,Movie 2657,Sci-Fi,50000000,95,2020,3.2,48,1
2658,Movie 2658,Documentary|Thriller,195000000,147,2002,3.0,493,0
2659,Movie 2659,Crime|Thriller|Documentary,124000000,121,2002,5.4,454,1
2660,Movie 2660,Sci-Fi|Documentary|Children,136000000,139,1992,7.9,417,1
2661,Movie 2661,Animation|Action|Fantasy,77000000,138,1992,8.2,21,0
2662,Movie 2662,Animation|Comedy|Children,150000000,101,1999,9.7,423,1
2663,Movie 2663,Crime|Comedy,114000000,167,2020,9.5,50,0
2664,Movie 2664,Children,25000000,99,2020,6.9,310,0
2665,Movie 2665,Crime,169000000,89,2005,2.5,214,0
2666,Movie 2666,Thriller,95000000,105,2018,2.4,317,0
2667,Movie 2667,Crime,131000000,176,1990,8.6,63,0
2668,Movie 2668,Action|Thriller|Documentary,174000000,139,2007,8.8,93,1
2669,Movie 2669,Thriller,92000000,150,2000,9.0,462,0
2670,Movie 2670,Fantasy,108000000,147,2010,5.2,144,0
2671,Movie 2671,Fantasy,142000000,108,2023,8.7,461,0
2672,Movie 2672,Horror,42000000,109,2002,8.5,426,0
2673,Movie 2673,Fantasy|Animation|Horror,10000000,147,2021,7.9,22,0
2674,Movie 2674,Thriller|Children,124000000,114,2002,5.6,372,0
2675,Movie 2675,Horror|Drama,141000000,149,2013,2.9,229,0
2676,Movie 2676,Fantasy|Crime|Documentary,151000000,169,2012,5.6,263,0
2677,Movie 2677,Animation,176000000,111,2009,2.2,173,1
2678,Movie 2678,Fantasy|Adventure,146000000,116,1998,3.0,375,0
2679,Movie 2679,Thriller|Crime,39000000,87,2001,6.5,283,0
2680,Movie 2680,Horror|Documentary,109000000,168,2016,9.4,369,0
2681,Movie 2681,Thriller|Animation,96000000,141,2008,8.9,94,0
2682,Movie 2682,Fantasy,95000000,106,1996,8.6,156,0
2683,Movie 2683,Horror,154000000,138,1997,8.2,136,0
2684,Movie 2684,Crime,170000000,121,2022,3.9,159,1
2685,Movie 2685,Action|Comedy|Crime,168000000,179,1995,2.7,84,0
2686,Movie 2686,Sci-Fi,37000000,140,2020,7.8,464,0
2687,Movie 2687,Crime|Animation,194000000,94,2004,5.2,298,0
2688,Movie 2688,Drama,83000000,147,2020,2.7,46,0
2689,Movie 2689,Horror|Comedy|Fantasy,114000000,116,2021,7.7,395,0
2690,Movie 2690,Action,59000000,149,2009,3.7,273,0
2691,Movie 2691,Horror,81000000,122,2013,2.1,207,0
2692,Movie 2692,Children|Adventure|Horror,54000000,106,1995,5.2,401,0
2693,Movie 2693,Fantasy|Comedy,182000000,164,2007,5.1,199,0
2694,Movie 2694,Documentary|Adventure,15000000,161,2004,9.6,144,0
2695,Movie 2695,Action,167000000,122,1999,4.7,168,0
2696,Movie 2696,Adventure|Thriller,107000000,102,1997,8.3,254,0
2697,Movie 2697,Horror|Crime|Sci-Fi,8000000,168,1999,5.7,357,0
2698,Movie 2698,Action,41000000,171,2023,2.4,330,1
2699,Movie 2699,Documentary,159000000,80,2022,2.6,326,0
2700,Movie 2700,Action|Thriller,180000000,116,2004,9.0,463,0
2701,Movie 2701,Adventure|Children,138000000,112,2017,3.4,257,0
2702,Movie 2702,Thriller,136000000,147,2008,5.1,396,0
2703,Movie 2703,Drama|Horror,81000000,177,2023,5.3,244,0
2704,Movie 2704,Fantasy|Animation|Comedy,192000000,133,2003,6.3,184,1
2705,Movie 2705,Documentary|Horror,10000000,167,2010,8.9,258,0
2706,Movie 2706,Fantasy,79000000,129,2017,5.4,330,0
2707,Movie 2707,Action|Children,15000000,167,1992,7.6,276,0
2708,Movie 2708,Action|Thriller,3000000,175,2024,4.9,365,0
2709,Movie 2709,Adventure|Horror|Documentary,163000000,153,1990,7.0,22,1
2710,Movie 2710,Sci-Fi,54000000,97,2020,4.2,157,0
2711,Movie 2711,Documentary,68000000,111,2006,7.5,338,0
2712,Movie 2712,Comedy,162000000,152,2004,5.4,327,0
2713,Movie 2713,Comedy|Adventure,81000000,101,2010,9.9,337,0
2714,Movie 2714,Crime|Sci-Fi|Drama,135000000,115,2021,4.3,233,0
2715,Movie 2715,Comedy|Drama,108000000,167,2018,4.7,212,0
2716,Movie 2716,Drama,1000000,85,2004,5.9,312,0
2717,Movie 2717,Children|Action|Fantasy,54000000,162,2011,9.7,496,0
2718,Movie 2718,Action,131000000,93,2012,4.4,347,0
2719,Movie 2719,Fantasy,156000000,112,2012,4.5,64,0
2720,Movie 2720,Comedy,176000000,141,1991,5.3,65,0
2721,Movie 2721,Fantasy,141000000,147,1990,6.7,164,1
2722,Movie 2722,Animation,177000000,117,1997,6.0,450,0
2723,Movie 2723,Animation|Crime,129000000,109,1993,3.2,62,0
2724,Movie 2724,Comedy,184000000,105,1998,5.6,6,0
2725,Movie 2725,Documentary,132000000,168,2011,3.7,465,0
2726,Movie 2726,Thriller|Children,190000000,154,1990,8.5,104,1
2727,Movie 2727,Animation|Horror,111000000,144,2023,6.9,419,1
2728,Movie 2728,Thriller|Crime,184000000,148,2017,3.7,30,1
2729,Movie 2729,Documentary|Crime,66000000,156,2016,2.1,205,0
2730,Movie 2730,Children|Thriller|Comedy,22000000,131,2022,3.9,302,1
2731,Movie 2731,Thriller|Fantasy,179000000,138,1991,6.1,18,0
2732,Movie 2732,Children|Animation,56000000,106,2017,3.8,9,0
2733,Movie 2733,Comedy|Sci-Fi|Action,2000000,94,2009,6.2,46,0
2734,Movie 2734,Fantasy|Drama|Comedy,125000000,106,2005,9.9,202,1
2735,Movie 2735,Children|Comedy|Horror,74000000,86,2006,7.7,478,0
2736,Movie 2736,Children|Action,9000000,94,2014,6.4,289,1
2737,Movie 2737,Crime|Action|Animation,184000000,170,2018,5.2,71,0
2738,Movie 2738,Adventure|Horror,49000000,132,2024,8.0,1,0
2739,Movie 2739,Adventure|Drama,178000000,160,2013,4.2,185,0
2740,Movie 2740,Comedy|Documentary,118000000,148,1995,2.0,207,0
2741,Movie 2741,Fantasy|Children,103000000,148,1993,4.9,41,0
2742,Movie 2742,Fantasy|Children,45000000,89,2020,6.4,132,0
2743,Movie 2743,Horror|Fantasy,79000000,115,2021,9.2,81,0
2744,Movie 2744,Documentary|Thriller,166000000,92,2017,2.6,220,0
2745,Movie 2745,Drama|Comedy|Crime,4000000,120,2003,9.7,65,0
2746,Movie 2746,Thriller|Horror|Sci-Fi,16000000,110,1994,9.5,158,0
2747,Movie 2747,Fantasy|Horror|Children,9000000,145,1992,2.1,164,1
2748,Movie 2748,Thriller|Animation|Drama,137000000,136,1992,2.7,161,0
2749,Movie 2749,Action,64000000,90,2008,6.5,222,0
2750,Movie 2750,Action|Sci-Fi|Crime,137000000,179,2022,2.3,309,0
2751,Movie 2751,Horror,165000000,123,1997,7.8,332,0
2752,Movie 2752,Fantasy|Action,61000000,155,2019,6.4,251,0
2753,Movie 2753,Adventure|Action|Horror,158000000,126,1996,7.6,201,0
2754,Movie 2754,Children,38000000,179,1993,5.6,208,0
2755,Movie 2755,Fantasy,175000000,138,1993,3.9,226,0
2756,Movie 2756,Horror|Children,178000000,160,2016,8.2,436,0
2757,Movie 2757,Sci-Fi|Comedy,86000000,129,1999,8.1,288,1
2758,Movie 2758,Thriller|Fantasy|Children,74000000,87,2006,5.0,183,0
2759,Movie 2759,Adventure|Thriller|Drama,51000000,122,2002,4.4,331,0
2760,Movie 2760,Comedy,130000000,87,2012,3.6,329,0
2761,Movie 2761,Thriller|Horror,179000000,133,1995,4.8,425,0
2762,Movie 2762,Fantasy,48000000,139,2004,4.4,356,0
2763,Movie 2763,Horror|Thriller|Crime,17000000,127,1997,6.5,117,0
2764,Movie 2764,Crime|Children,36000000,99,2002,8.2,474,0
2765,Movie 2765,Horror,108000000,152,2010,7.4,435,0
2766,Movie 2766,Sci-Fi|Documentary,183000000,167,2005,7.9,330,0
2767,Movie 2767,Sci-Fi|Action,160000000,176,2000,6.6,333,1
2768,Movie 2768,Fantasy|Action,41000000,94,1994,8.7,498,1
2769,Movie 2769,Crime,107000000,136,1996,2.6,337,0
2770,Movie 2770,Adventure|Action|Horror,174000000,96,2001,7.1,18,0
2771,Movie 2771,Comedy|Crime,73000000,122,2018,6.8,155,0
2772,Movie 2772,Comedy|Horror,59000000,151,2017,9.3,293,0
2773,Movie 2773,Comedy|Children,12000000,116,2010,5.7,263,1
2774,Movie 2774,Crime|Drama,11000000,115,1993,3.6,241,0
2775,Movie 2775,Children|Comedy,45000000,104,1990,6.1,382,0
2776,Movie 2776,Comedy|Crime,147000000,174,2009,8.7,6,0
2777,Movie 2777,Horror|Comedy,168000000,157,1997,8.1,240,0
2778,Movie 2778,Comedy|Adventure,35000000,116,2022,2.9,288,0
2779,Movie 2779,Thriller|Crime|Animation,133000000,170,2024,8.1,30,0
2780,Movie 2780,Adventure|Drama|Animation,63000000,158,2017,8.1,336,0
2781,Movie 2781,Drama|Fantasy,100000000,113,1993,6.5,264,0
2782,Movie 2782,Fantasy,140000000,130,2009,7.1,50,0
2783,Movie 2783,Fantasy|Adventure,197000000,146,1999,9.0,211,0
2784,Movie 2784,Children|Thriller|Animation,10000000,146,2018,7.6,134,0
2785,Movie 2785,Sci-Fi,87000000,112,2003,6.8,137,0
2786,Movie 2786,Drama,68000000,102,1998,9.6,141,0
2787,Movie 2787,Comedy|Documentary,130000000,158,1993,2.9,451,0
2788,Movie 2788,Documentary,158000000,97,1996,6.6,193,0
2789,Movie 2789,Drama|Comedy|Animation,43000000,116,1997,8.9,483,0
2790,Movie 2790,Adventure|Comedy,48000000,102,2017,6.1,348,0
2791,Movie 2791,Documentary|Horror|Sci-Fi,197000000,96,2008,5.7,184,0
2792,Movie 2792,Horror|Comedy|Children,109000000,82,2006,2.2,7,1
2793,Movie 2793,Crime|Horror,193000000,113,2004,2.5,248,0
2794,Movie 2794,Children|Fantasy|Sci-Fi,169000000,101,2014,4.8,378,1
2795,Movie 2795,Horror|Action|Children,72000000,164,2010,5.4,425,0
2796,Movie 2796,Documentary|Thriller,173000000,88,1991,4.4,199,0
2797,Movie 2797,Children,101000000,157,2009,5.6,201,1
2798,Movie 2798,Animation,31000000,102,2010,4.0,160,0
2799,Movie 2799,Children|Adventure|Comedy,124000000,120,2011,5.2,330,0
2800,Movie 2800,Documentary|Children|Animation,80000000,101,2016,5.3,31,1
2801,Movie 2801,Comedy,27000000,87,2005,8.1,97,0
2802,Movie 2802,Horror|Fantasy,141000000,116,2024,8.8,59,0
2803,Movie 2803,Drama|Comedy|Crime,153000000,84,1997,2.4,498,0
2804,Movie 2804,Fantasy,61000000,157,2005,8.8,335,0
2805,Movie 2805,Animation|Documentary|Sci-Fi,4000000,171,1992,9.1,226,1
2806,Movie 2806,Drama|Crime|Sci-Fi,34000000,148,1997,7.3,65,0
2807,Movie 2807,Documentary|Drama,86000000,110,2000,4.8,37,0
2808,Movie 2808,Animation,164000000,122,1998,5.8,92,0
2809,Movie 2809,Drama|Thriller|Children,172000000,129,2007,2.3,104,0
2810,Movie 2810,Documentary,118000000,114,2022,7.4,408,0
2811,Movie 2811,Horror|Children|Documentary,34000000,168,2021,2.7,427,0
2812,Movie 2812,Drama,157000000,128,2018,8.7,338,0
2813,Movie 2813,Action,96000000,169,2014,4.9,120,0
2814,Movie 2814,Horror|Sci-Fi,82000000,142,1991,9.1,314,0
2815,Movie 2815,Children,113000000,129,2005,9.4,440,0
2816,Movie 2816,Horror|Action|Comedy,164000000,154,2019,9.3,429,0
2817,Movie 2817,Thriller,127000000,162,2014,8.3,429,0
2818,Movie 2818,Sci-Fi|Comedy,38000000,112,1999,9.3,492,0
2819,Movie 2819,Sci-Fi,7000000,104,1991,4.0,28,0
2820,Movie 2820,Sci-Fi|Adventure,83000000,94,2008,10.0,456,1
2821,Movie 2821,Comedy|Animation|Fantasy,159000000,111,2011,5.2,374,1
2822,Movie 2822,Documentary|Action|Horror,50000000,89,2019,6.2,171,0
2823,Movie 2823,Children,56000000,129,2016,4.8,414,1
2824,Movie 2824,Animation|Crime|Sci-Fi,56000000,91,1992,3.5,388,0
2825,Movie 2825,Fantasy|Crime|Children,153000000,94,2004,3.0,437,0
2826,Movie 2826,Adventure|Children|Comedy,177000000,150,2007,7.7,164,0
2827,Movie 2827,Fantasy|Comedy|Adventure,17000000,146,2005,5.9,109,0
2828,Movie 2828,Children,101000000,140,1990,3.0,114,0
2829,Movie 2829,Drama,69000000,116,2013,6.1,379,0
2830,Movie 2830,Fantasy|Drama|Children,130000000,92,1994,5.9,396,0
2831,Movie 2831,Action|Children|Crime,90000000,167,1996,7.1,36,0
2832,Movie 2832,Animation|Horror,14000000,119,2016,8.2,193,0
2833,Movie 2833,Adventure|Horror,87000000,123,2004,4.4,492,0
2834,Movie 2834,Sci-Fi|Action,143000000,168,2007,4.1,428,0
2835,Movie 2835,Animation,153000000,178,2002,3.8,360,0
2836,Movie 2836,Fantasy|Children|Horror,192000000,171,2013,9.9,193,1
2837,Movie 2837,Thriller|Adventure,28000000,156,2023,5.7,188,0
2838,Movie 2838,Animation,77000000,87,2011,9.2,59,0
2839,Movie 2839,Comedy|Drama|Documentary,90000000,123,2006,7.4,337,0
2840,Movie 2840,Fantasy|Crime|Thriller,166000000,95,2019,7.4,356,0
2841,Movie 2841,Crime|Drama|Animation,125000000,86,1990,7.4,221,0
2842,Movie 2842,Thriller,191000000,114,2018,8.6,46,0
2843,Movie 2843,Animation|Drama,13000000,130,2004,6.8,181,0
2844,Movie 2844,Drama|Fantasy,138000000,143,2008,2.4,224,1
2845,Movie 2845,Adventure|Action,89000000,171,2014,9.6,29,0
2846,Movie 2846,Horror|Children,74000000,175,2009,7.1,103,0
2847,Movie 2847,Children|Documentary,41000000,83,2020,2.5,416,0
2848,Movie 2848,Fantasy|Thriller,17000000,148,2023,3.9,420,1
2849,Movie 2849,Crime|Sci-Fi|Children,143000000,110,2019,6.2,65,1
2850,Movie 2850,Animation,168000000,149,2008,5.7,443,0
2851,Movie 2851,Sci-Fi|Adventure,59000000,170,2012,7.1,163,0
2852,Movie 2852,Animation|Documentary,148000000,92,2010,6.7,54,0
2853,Movie 2853,Adventure|Horror,191000000,148,2015,5.3,250,0
2854,Movie 2854,Action,59000000,94,2012,6.9,108,0
2855,Movie 2855,Action,154000000,91,1993,7.9,158,0
2856,Movie 2856,Crime|Comedy|Documentary,176000000,136,1997,9.1,105,0
2857,Movie 2857,Animation|Fantasy,172000000,141,2002,4.0,493,0
2858,Movie 2858,Children|Thriller|Sci-Fi,161000000,137,1996,4.4,154,1
2859,Movie 2859,Fantasy|Drama,164000000,131,2023,4.2,315,0
2860,Movie 2860,Adventure,176000000,168,1990,2.9,185,0
2861,Movie 2861,Crime,43000000,114,2011,8.8,108,0
2862,Movie 2862,Children|Comedy|Action,82000000,82,2012,4.2,305,0
2863,Movie 2863,Animation,140000000,152,1994,6.4,71,0
2864,Movie 2864,Drama|Fantasy,13000000,85,1999,4.5,76,0
2865,Movie 2865,Action|Crime|Adventure,116000000,111,2023,7.5,407,1
2866,Movie 2866,Sci-Fi,63000000,161,2017,4.9,52,1
2867,Movie 2867,Action|Thriller,190000000,101,2014,7.8,477,0
2868,Movie 2868,Comedy|Adventure,46000000,126,2008,2.5,93,0
2869,Movie 2869,Thriller|Animation,71000000,88,2000,9.8,467,0
2870,Movie 2870,Fantasy|Action|Crime,86000000,113,1993,5.4,207,0
2871,Movie 2871,Thriller|Children,55000000,158,2019,2.6,470,0
2872,Movie 2872,Drama|Documentary,108000000,164,2009,7.2,445,0
2873,Movie 2873,Horror|Documentary|Drama,83000000,153,2015,9.7,295,0
2874,Movie 2874,Sci-Fi|Fantasy,62000000,175,2024,3.9,355,0
2875,Movie 2875,Documentary,3000000,99,2017,4.0,406,0
2876,Movie 2876,Horror|Documentary,173000000,106,2015,7.7,482,0
2877,Movie 2877,Documentary,191000000,100,1999,9.2,242,0
2878,Movie 2878,Animation|Fantasy,56000000,155,1999,2.8,414,0
2879,Movie 2879,Documentary|Thriller,96000000,144,2000,6.8,163,0
2880,Movie 2880,Action,1000000,114,2002,6.7,406,0
2881,Movie 2881,Animation|Sci-Fi|Crime,135000000,141,1999,8.0,378,0
2882,Movie 2882,Adventure,160000000,104,2017,5.3,167,0
2883,Movie 2883,Children,150000000,126,1990,5.7,424,1
2884,Movie 2884,Comedy,149000000,155,2013,9.5,236,1
2885,Movie 2885,Animation,148000000,116,2024,9.6,228,0
2886,Movie 2886,Adventure,117000000,110,2007,6.2,9,1
2887,Movie 2887,Action,181000000,85,2001,4.0,414,0
2888,Movie 2888,Documentary|Action,182000000,147,2008,8.0,186,0
2889,Movie 2889,Fantasy|Horror,96000000,119,2017,7.7,347,0
2890,Movie 2890,Adventure,76000000,156,1993,3.4,436,0
2891,Movie 2891,Horror|Fantasy,63000000,156,1991,6.3,193,0
2892,Movie 2892,Documentary|Crime|Fantasy,84000000,81,2002,4.3,366,0
2893,Movie 2893,Fantasy|Sci-Fi|Action,41000000,117,1997,4.0,222,0
2894,Movie 2894,Documentary,178000000,100,1993,4.6,254,0
2895,Movie 2895,Action|Animation|Comedy,14000000,127,2018,8.3,74,0
2896,Movie 2896,Animation|Children|Drama,173000000,178,2000,4.5,327,0
2897,Movie 2897,Action|Thriller|Documentary,147000000,113,2018,2.3,317,0
2898,Movie 2898,Thriller|Horror,193000000,153,1996,9.9,131,0
2899,Movie 2899,Animation,105000000,172,2001,2.6,381,1
2900,Movie 2900,Children,73000000,118,2005,9.5,235,0
2901,Movie 2901,Action,86000000,81,2003,6.1,179,1
2902,Movie 2902,Thriller|Sci-Fi,179000000,98,2000,6.3,457,1
2903,Movie 2903,Sci-Fi,18000000,179,2008,4.7,171,0
2904,Movie 2904,Comedy|Drama,18000000,133,1999,4.4,129,1
2905,Movie 2905,Drama|Fantasy,165000000,123,2007,2.4,210,0
2906,Movie 2906,Thriller,149000000,114,2001,7.4,478,0
2907,Movie 2907,Adventure,119000000,157,2001,4.7,165,1
2908,Movie 2908,Sci-Fi|Crime|Action,110000000,128,2010,8.7,479,0
2909,Movie 2909,Action,29000000,111,2022,4.5,214,0
2910,Movie 2910,Crime,127000000,85,2019,7.3,266,1
2911,Movie 2911,Thriller,34000000,148,2023,3.2,282,1
2912,Movie 2912,Documentary|Fantasy|Crime,133000000,114,1991,9.4,276,1
2913,Movie 2913,Children|Comedy,88000000,116,2022,7.0,56,0
2914,Movie 2914,Fantasy,39000000,119,2024,8.8,97,0
2915,Movie 2915,Comedy|Sci-Fi,61000000,131,1995,4.0,269,0
2916,Movie 2916,Drama|Animation|Fantasy,54000000,98,2017,3.0,167,0
2917,Movie 2917,Crime|Documentary,135000000,164,1995,5.1,410,0
2918,Movie 2918,Comedy,24000000,132,1999,9.6,349,1
2919,Movie 2919,Horror,98000000,145,2022,8.5,356,0
2920,Movie 2920,Sci-Fi|Children,146000000,96,2023,6.3,44,0
2921,Movie 2921,Fantasy|Comedy|Children,138000000,143,2001,8.6,48,0
2922,Movie 2922,Fantasy|Horror|Crime,192000000,169,1993,9.1,14,1
2923,Movie 2923,Drama|Horror,174000000,97,2007,5.4,70,0
2924,Movie 2924,Children,49000000,156,2011,9.6,210,0
2925,Movie 2925,Animation|Adventure,88000000,96,2019,5.6,87,1
2926,Movie 2926,Drama|Fantasy,70000000,164,2001,9.9,358,0
2927,Movie 2927,Documentary,163000000,119,1998,4.3,89,0
2928,Movie 2928,Action|Crime|Adventure,49000000,114,2007,6.2,84,0
2929,Movie 2929,Thriller,117000000,142,2012,5.7,473,0
2930,Movie 2930,Crime,190000000,173,1998,3.2,82,0
2931,Movie 2931,Horror,8000000,144,2006,2.7,185,0
2932,Movie 2932,Fantasy,48000000,164,1993,5.8,94,1
2933,Movie 2933,Action,78000000,171,1996,3.3,496,0
2934,Movie 2934,Crime|Documentary|Comedy,194000000,104,2006,6.1,382,0
2935,Movie 2935,Horror|Children|Documentary,66000000,160,2009,7.5,105,0
2936,Movie 2936,Comedy,169000000,169,1997,9.1,90,0
2937,Movie 2937,Thriller|Crime|Comedy,192000000,113,2020,7.2,12,0
2938,Movie 2938,Action|Sci-Fi|Children,57000000,179,1992,4.3,180,0
2939,Movie 2939,Crime|Children,81000000,84,2010,3.5,133,0
2940,Movie 2940,Crime|Fantasy,112000000,163,1998,7.5,235,0
2941,Movie 2941,Adventure|Drama,186000000,81,1991,5.8,431,0
2942,Movie 2942,Drama|Comedy|Children,36000000,125,1994,4.3,453,0
2943,Movie 2943,Drama,94000000,106,1995,9.8,183,0
2944,Movie 2944,Drama,30000000,92,2015,3.0,164,0
2945,Movie 2945,Sci-Fi|Crime|Drama,16000000,161,2017,9.0,178,1
2946,Movie 2946,Adventure,30000000,81,2000,4.0,291,0
2947,Movie 2947,Children|Action,67000000,173,2011,5.9,479,0
2948,Movie 2948,Documentary,26000000,81,1999,5.1,175,1
2949,Movie 2949,Fantasy,57000000,101,1992,4.7,297,0
2950,Movie 2950,Comedy|Crime,91000000,109,2012,4.2,186,1
2951,Movie 2951,Documentary|Comedy,33000000,99,1999,2.2,458,0
2952,Movie 2952,Crime|Drama|Documentary,151000000,137,1996,6.5,410,0
2953,Movie 2953,Action,69000000,143,2023,4.5,353,0
2954,Movie 2954,Drama|Thriller,143000000,99,1998,9.4,219,1
2955,Movie 2955,Children,142000000,158,2006,6.5,10,0
2956,Movie 2956,Adventure|Fantasy,158000000,108,1992,2.7,305,0
2957,Movie 2957,Adventure|Horror,83000000,121,2023,6.4,372,1
2958,Movie 2958,Fantasy|Horror|Drama,189000000,81,2000,6.2,459,0
2959,Movie 2959,Drama|Children,132000000,93,2004,2.8,302,0
2960,Movie 2960,Adventure|Horror|Crime,22000000,160,2004,4.5,476,0
2961,Movie 2961,Comedy|Fantasy|Action,138000000,166,1995,5.1,187,1
2962,Movie 2962,Drama,176000000,163,1995,5.8,378,0
2963,Movie 2963,Action|Sci-Fi,54000000,134,2002,8.8,304,0
2964,Movie 2964,Adventure|Comedy|Animation,101000000,112,2006,6.3,201,0
2965,Movie 2965,Comedy,139000000,133,1995,9.2,54,0
2966,Movie 2966,Animation|Adventure|Crime,101000000,174,2014,7.2,457,0
2967,Movie 2967,Children,107000000,101,2013,9.9,435,0
2968,Movie 2968,Thriller,198000000,113,2007,9.3,227,0
2969,Movie 2969,Adventure|Thriller|Crime,37000000,116,1996,4.6,414,1
2970,Movie 2970,Sci-Fi,3000000,158,2008,6.1,274,0
2971,Movie 2971,Adventure|Fantasy|Children,164000000,92,2008,4.1,322,0
2972,Movie 2972,Drama,186000000,169,2013,2.3,169,1
2973,Movie 2973,Adventure,67000000,131,1991,9.2,113,0
2974,Movie 2974,Thriller|Children|Horror,68000000,175,2019,6.5,452,0
2975,Movie 2975,Horror|Sci-Fi|Adventure,83000000,121,1993,8.1,65,1
2976,Movie 2976,Adventure|Sci-Fi|Comedy,112000000,164,2019,7.5,277,0
2977,Movie 2977,Drama|Fantasy|Documentary,172000000,148,1993,5.2,90,0
2978,Movie 2978,Children,90000000,102,2019,4.9,374,0
2979,Movie 2979,Sci-Fi|Thriller,68000000,97,2012,5.2,162,0
2980,Movie 2980,Adventure|Animation|Children,84000000,125,2019,4.2,334,0
2981,Movie 2981,Thriller,79000000,113,2014,5.6,327,0
2982,Movie 2982,Documentary,66000000,106,2017,2.4,255,0
2983,Movie 2983,Comedy|Adventure,9000000,136,2004,4.8,115,0
2984,Movie 2984,Sci-Fi,54000000,84,2000,6.1,18,0
2985,Movie 2985,Children|Animation|Action,62000000,175,2021,8.5,66,0
2986,Movie 2986,Children|Adventure|Documentary,197000000,178,2017,8.2,127,0
2987,Movie 2987,Action|Children|Horror,153000000,169,2022,9.2,468,0
2988,Movie 2988,Children|Animation|Documentary,22000000,156,2001,2.4,247,0
2989,Movie 2989,Thriller|Fantasy|Comedy,177000000,105,2002,6.3,239,0
2990,Movie 2990,Adventure|Horror,9000000,175,1990,6.9,297,0
2991,Movie 2991,Horror|Crime,59000000,174,1996,8.5,381,0
2992,Movie 2992,Animation|Sci-Fi,96000000,113,1993,7.2,427,0
2993,Movie 2993,Comedy|Animation,122000000,103,2006,4.6,134,1
2994,Movie 2994,Documentary|Crime|Fantasy,168000000,104,1997,5.8,117,0
2995,Movie 2995,Adventure,183000000,145,2005,4.0,180,0
2996,Movie 2996,Fantasy,22000000,80,2022,4.2,181,0
2997,Movie 2997,Sci-Fi|Comedy,189000000,125,2020,3.5,145,0
2998,Movie 2998,Thriller|Documentary,44000000,121,2006,5.2,330,0
2999,Movie 2999,Horror|Animation,72000000,132,2019,9.4,417,1
3000,Movie 3000,Animation|Documentary,115000000,176,2006,3.3,360,1
3001,Movie 3001,Crime|Fantasy,57000000,86,2023,7.3,459,0
3002,Movie 3002,Animation|Thriller|Action,21000000,136,1998,6.5,70,0
3003,Movie 3003,Sci-Fi|Adventure|Children,106000000,148,2001,2.5,96,0
3004,Movie 3004,Horror|Animation,141000000,126,1999,9.1,399,0
3005,Movie 3005,Horror|Fantasy|Drama,166000000,105,2005,4.3,97,1
3006,Movie 3006,Sci-Fi|Adventure,59000000,162,2020,4.8,270,0
3007,Movie 3007,Action,63000000,97,2008,4.6,10,0
3008,Movie 3008,Drama|Children,151000000,179,2012,7.3,258,0
3009,Movie 3009,Fantasy|Adventure|Documentary,53000000,162,2009,9.7,209,0
3010,Movie 3010,Sci-Fi,171000000,131,2017,5.6,18,0
3011,Movie 3011,Drama|Animation,118000000,157,1990,9.3,39,0
3012,Movie 3012,Crime|Horror,10000000,109,2008,6.0,443,0
3013,Movie 3013,Sci-Fi,184000000,171,2015,3.0,249,0
3014,Movie 3014,Comedy|Animation|Horror,154000000,88,2019,5.1,292,0
3015,Movie 3015,Comedy|Crime,163000000,117,2024,2.4,208,0
3016,Movie 3016,Animation|Sci-Fi,113000000,111,2011,5.9,369,0
3017,Movie 3017,Adventure|Thriller,182000000,84,2021,6.6,172,1
3018,Movie 3018,Sci-Fi,117000000,119,2013,6.8,276,0
3019,Movie 3019,Documentary|Thriller|Sci-Fi,115000000,97,2014,2.2,132,0
3020,Movie 3020,Crime,37000000,113,2007,7.3,53,0
3021,Movie 3021,Drama,179000000,157,2008,3.6,153,0
3022,Movie 3022,Comedy,139000000,116,1990,7.6,450,0
3023,Movie 3023,Thriller|Sci-Fi,6000000,106,1995,7.0,21,0
3024,Movie 3024,Crime|Documentary|Horror,189000000,158,2008,4.9,296,0
3025,Movie 3025,Adventure|Horror,146000000,82,1991,6.7,203,0
3026,Movie 3026,Thriller|Sci-Fi,4000000,161,2005,5.7,196,0
3027,Movie 3027,Animation,156000000,131,1999,8.4,425,0
3028,Movie 3028,Drama,49000000,156,2016,8.0,297,0
3029,Movie 3029,Animation|Sci-Fi,87000000,168,1991,4.5,169,0
3030,Movie 3030,Adventure,44000000,92,2013,9.6,396,0
3031,Movie 3031,Documentary|Thriller|Horror,181000000,164,2009,3.0,59,0
3032,Movie 3032,Animation|Horror,93000000,173,2008,4.7,294,0
3033,Movie 3033,Drama|Crime|Adventure,50000000,83,2014,4.2,438,1
3034,Movie 3034,Documentary|Fantasy|Action,32000000,117,2007,4.0,300,0
3035,Movie 3035,Fantasy|Crime,123000000,113,1996,8.0,322,0
3036,Movie 3036,Horror|Drama|Children,98000000,153,2016,4.6,265,0
3037,Movie 3037,Action|Children|Adventure,32000000,131,2001,4.5,385,0
3038,Movie 3038,Children|Adventure,14000000,120,2000,9.6,121,0
3039,Movie 3039,Fantasy|Adventure|Horror,55000000,150,1999,9.4,242,0
3040,Movie 3040,Documentary|Action|Comedy,109000000,114,1991,3.2,168,1
3041,Movie 3041,Children|Sci-Fi,185000000,177,2018,9.4,54,0
3042,Movie 3042,Drama|Fantasy|Horror,87000000,100,2020,9.4,432,1
3043,Movie 3043,Comedy|Fantasy|Crime,172000000,138,2009,9.4,107,1
3044,Movie 3044,Animation|Crime|Adventure,47000000,159,2002,7.7,399,0
3045,Movie 3045,Documentary|Action|Adventure,1000000,96,2007,6.7,444,0
3046,Movie 3046,Animation,132000000,97,2017,8.1,231,0
3047,Movie 3047,Documentary,100000000,170,2021,5.1,364,0
3048,Movie 3048,Fantasy|Crime|Drama,192000000,178,2002,8.4,62,1
3049,Movie 3049,Children|Thriller|Horror,64000000,121,2009,5.9,333,1
3050,Movie 3050,Comedy,73000000,85,2008,3.3,126,0
3051,Movie 3051,Comedy|Thriller,170000000,148,1991,2.5,107,0
3052,Movie 3052,Sci-Fi,176000000,144,1991,2.3,246,1
3053,Movie 3053,Children|Documentary|Action,78000000,103,2004,8.6,289,0
3054,Movie 3054,Comedy|Children,199000000,131,1992,5.0,214,0
3055,Movie 3055,Action|Animation,100000000,148,2014,6.8,6,0
3056,Movie 3056,Action|Children,64000000,137,2015,3.4,123,0
3057,Movie 3057,Fantasy|Action,44000000,100,2009,5.0,426,0
3058,Movie 3058,Action|Thriller,146000000,135,1992,2.2,398,1
3059,Movie 3059,Drama|Fantasy|Children,5000000,138,2019,6.6,213,0
3060,Movie 3060,Animation,173000000,114,2004,4.8,180,0
3061,Movie 3061,Animation|Thriller,50000000,155,1997,2.9,463,0
3062,Movie 3062,Horror,43000000,96,2000,2.1,353,0
3063,Movie 3063,Fantasy|Sci-Fi,168000000,159,1990,5.1,116,0
3064,Movie 3064,Adventure,182000000,127,1992,6.1,239,0
3065,Movie 3065,Thriller|Children,147000000,156,2012,5.1,288,0
3066,Movie 3066,Drama|Thriller,131000000,165,2005,4.7,30,1
3067,Movie 3067,Animation,79000000,118,2020,7.8,75,0
3068,Movie 3068,Documentary|Horror|Sci-Fi,17000000,108,2024,6.5,325,0
3069,Movie 3069,Crime,115000000,121,1993,4.1,472,0
3070,Movie 3070,Animation|Comedy,99000000,94,2009,3.0,468,0
3071,Movie 3071,Drama|Sci-Fi|Adventure,116000000,178,2002,3.4,390,0
3072,Movie 3072,Horror|Comedy|Crime,157000000,85,1992,9.3,486,1
3073,Movie 3073,Comedy|Action,136000000,89,2011,3.9,56,0
3074,Movie 3074,Adventure|Fantasy,148000000,161,1993,4.6,382,0
3075,Movie 3075,Comedy|Crime|Fantasy,109000000,155,2017,6.7,185,0
3076,Movie 3076,Adventure,1000000,140,2018,9.3,91,0
3077,Movie 3077,Comedy|Fantasy,144000000,152,2011,7.4,294,0
3078,Movie 3078,Comedy,142000000,148,2006,5.6,366,0
3079,Movie 3079,Horror|Action|Fantasy,181000000,172,2001,7.5,307,0
3080,Movie 3080,Fantasy|Animation|Comedy,78000000,152,1999,3.4,14,0
3081,Movie 3081,Animation,2000000,119,2024,6.5,70,1
3082,Movie 3082,Thriller|Crime|Comedy,196000000,82,1990,2.6,18,0
3083,Movie 3083,Thriller|Fantasy|Children,7000000,95,2008,8.2,18,0
3084,Movie 3084,Animation|Comedy,127000000,107,1994,6.5,90,0
3085,Movie 3085,Documentary|Horror|Crime,168000000,168,2012,9.5,286,0
3086,Movie 3086,Thriller,146000000,145,2020,2.3,282,0
3087,Movie 3087,Children,64000000,125,2009,9.9,235,0
3088,Movie 3088,Comedy|Crime,178000000,94,2013,6.8,103,0
3089,Movie 3089,Animation|Action|Documentary,74000000,176,1991,9.7,420,1
3090,Movie 3090,Sci-Fi|Adventure,84000000,137,2024,2.1,472,0
3091,Movie 3091,Adventure,113000000,158,2000,3.7,92,0
3092,Movie 3092,Thriller|Comedy|Action,169000000,122,1998,9.4,84,0
3093,Movie 3093,Fantasy,79000000,155,2021,7.1,159,0
3094,Movie 3094,Fantasy|Thriller,155000000,102,1993,6.2,225,0
3095,Movie 3095,Animation,63000000,107,2017,3.4,497,0
3096,Movie 3096,Animation,176000000,83,2024,2.5,171,0
3097,Movie 3097,Comedy,182000000,121,2018,7.8,464,0
3098,Movie 3098,Adventure,121000000,130,1995,3.8,261,0
3099,Movie 3099,Documentary,79000000,130,1997,4.3,301,0
3100,Movie 3100,Adventure|Action,73000000,152,2005,6.3,425,0
3101,Movie 3101,Fantasy,88000000,152,2020,9.1,333,0
3102,Movie 3102,Drama|Horror|Crime,4000000,166,1994,8.3,363,0
3103,Movie 3103,Drama,8000000,125,1992,2.3,237,0
3104,Movie 3104,Drama|Sci-Fi|Horror,153000000,92,1994,5.1,420,0
3105,Movie 3105,Fantasy,149000000,108,1992,6.9,158,0
3106,Movie 3106,Horror|Drama|Sci-Fi,85000000,165,2008,8.4,204,0
3107,Movie 3107,Fantasy|Thriller|Drama,144000000,139,2016,5.8,452,1
3108,Movie 3108,Horror,4000000,171,1991,5.1,166,0
3109,Movie 3109,Action,110000000,123,1996,9.4,348,0
3110,Movie 3110,Fantasy,62000000,85,2002,8.0,114,0
3111,Movie 3111,Sci-Fi|Crime,141000000,108,2024,3.9,399,0
3112,Movie 3112,Animation|Crime,180000000,167,2013,3.9,142,0
3113,Movie 3113,Children|Fantasy,157000000,118,2022,5.1,67,0
3114,Movie 3114,Documentary|Horror,12000000,116,2024,8.7,23,0
3115,Movie 3115,Fantasy|Animation|Sci-Fi,199000000,109,2007,2.5,163,1
3116,Movie 3116,Adventure|Thriller,109000000,109,2021,3.4,78,0
3117,Movie 3117,Action,93000000,82,2010,2.5,127,0
3118,Movie 3118,Sci-Fi|Children|Drama,33000000,118,2003,6.3,471,0
3119,Movie 3119,Adventure,149000000,80,2004,5.5,497,0
3120,Movie 3120,Sci-Fi|Action,74000000,167,2010,2.1,269,0
3121,Movie 3121,Thriller|Crime|Fantasy,161000000,174,1998,4.2,353,0
3122,Movie 3122,Fantasy,33000000,125,1993,5.9,476,1
3123,Movie 3123,Thriller,142000000,172,2016,4.1,309,1
3124,Movie 3124,Comedy|Adventure|Children,44000000,122,2017,5.3,211,1
3125,Movie 3125,Adventure|Children,35000000,91,1992,6.7,249,0
3126,Movie 3126,Horror,179000000,96,2021,9.4,94,0
3127,Movie 3127,Children|Comedy,61000000,93,2009,2.5,246,0
3128,Movie 3128,Horror|Animation,81000000,138,2010,7.0,387,0
3129,Movie 3129,Crime|Drama,156000000,142,2020,7.6,53,0
3130,Movie 3130,Action|Documentary,192000000,149,2017,3.4,3,0
3131,Movie 3131,Crime|Animation,27000000,93,1997,5.5,45,0
3132,Movie 3132,Fantasy,179000000,169,2008,9.7,174,0
3133,Movie 3133,Animation|Action|Horror,75000000,124,2021,7.2,176,0
3134,Movie 3134,Adventure|Sci-Fi,67000000,84,2009,8.2,190,0
3135,Movie 3135,Crime|Documentary,44000000,99,2004,8.5,387,0
3136,Movie 3136,Crime|Thriller|Horror,105000000,179,1995,2.2,101,0
3137,Movie 3137,Comedy|Horror,90000000,153,2003,3.6,157,0
3138,Movie 3138,Action,15000000,109,2017,3.2,394,0
3139,Movie 3139,Fantasy|Comedy|Children,116000000,168,2000,9.7,162,0
3140,Movie 3140,Drama|Sci-Fi|Children,37000000,100,2016,5.5,85,0
3141,Movie 3141,Adventure|Crime|Action,196000000,109,1990,9.8,248,0
3142,Movie 3142,Fantasy,180000000,152,2010,9.3,137,0
3143,Movie 3143,Fantasy|Action|Sci-Fi,36000000,109,1997,3.0,430,0
3144,Movie 3144,Action|Horror,126000000,106,1995,5.0,161,1
3145,Movie 3145,Fantasy|Drama,68000000,103,2011,4.3,61,0
3146,Movie 3146,Action,112000000,94,1995,8.5,357,1
3147,Movie 3147,Drama,37000000,177,2019,7.4,55,1
3148,Movie 3148,Animation,60000000,143,2017,4.9,118,0
3149,Movie 3149,Action|Crime|Documentary,41000000,95,2001,5.5,405,0
3150,Movie 3150,Animation,69000000,144,1997,4.7,245,0
3151,Movie 3151,Documentary,104000000,95,2019,7.5,14,0
3152,Movie 3152,Fantasy|Animation|Drama,89000000,146,2023,5.7,14,0
3153,Movie 3153,Sci-Fi,131000000,90,2009,3.5,79,0
3154,Movie 3154,Animation|Crime,4000000,116,2000,7.8,131,1
3155,Movie 3155,Action,71000000,147,2006,9.3,420,1
3156,Movie 3156,Sci-Fi|Horror|Action,108000000,128,2006,4.3,31,1
3157,Movie 3157,Action|Comedy,115000000,116,2016,4.3,135,1
3158,Movie 3158,Children,13000000,116,2024,5.7,384,0
3159,Movie 3159,Fantasy,169000000,98,1999,5.0,380,1
3160,Movie 3160,Thriller|Documentary|Comedy,131000000,117,2018,8.7,455,0
3161,Movie 3161,Comedy,62000000,83,2017,6.0,390,0
3162,Movie 3162,Children,160000000,98,1991,3.9,15,0
3163,Movie 3163,Thriller,2000000,91,2023,9.6,445,0
3164,Movie 3164,Documentary|Action,180000000,90,1990,5.5,403,0
3165,Movie 3165,Action|Comedy,74000000,88,2001,4.7,434,0
3166,Movie 3166,Fantasy|Children,33000000,144,2010,9.5,370,0
3167,Movie 3167,Adventure|Drama,36000000,90,2012,5.4,64,0
3168,Movie 3168,Sci-Fi|Thriller|Adventure,113000000,159,1995,4.1,283,0
3169,Movie 3169,Comedy|Crime,54000000,146,1993,7.4,478,0
3170,Movie 3170,Animation,142000000,128,2004,2.1,24,0
3171,Movie 3171,Action|Horror|Drama,83000000,88,1992,3.9,182,0
3172,Movie 3172,Sci-Fi,81000000,122,2000,2.7,265,1
3173,Movie 3173,Fantasy|Documentary,124000000,139,2008,3.6,492,0
3174,Movie 3174,Horror|Drama,192000000,144,2023,9.5,277,0
3175,Movie 3175,Children,54000000,124,2005,9.6,23,0
3176,Movie 3176,Animation|Children|Action,123000000,165,2018,7.6,299,0
3177,Movie 3177,Crime,162000000,119,2024,7.3,112,0
3178,Movie 3178,Children|Animation,62000000,104,2004,4.0,222,0
3179,Movie 3179,Animation,97000000,157,2011,8.6,123,0
3180,Movie 3180,Comedy,61000000,98,2001,7.8,165,1
3181,Movie 3181,Drama|Sci-Fi,3000000,166,1999,2.2,315,1
3182,Movie 3182,Animation|Sci-Fi,53000000,106,2004,5.8,458,0
3183,Movie 3183,Sci-Fi,97000000,166,1998,5.1,26,1
3184,Movie 3184,Children,113000000,107,1990,3.0,449,0
3185,Movie 3185,Comedy,91000000,176,1990,8.2,108,0
3186,Movie 3186,Comedy,183000000,172,1998,4.4,246,1
3187,Movie 3187,Fantasy|Animation,144000000,161,2024,8.4,79,0
3188,Movie 3188,Drama|Action|Children,92000000,161,2005,3.3,17,0
3189,Movie 3189,Sci-Fi|Comedy|Fantasy,2000000,173,1999,5.3,151,0
3190,Movie 3190,Animation,115000000,89,1991,7.3,368,1
3191,Movie 3191,Fantasy,65000000,107,2019,4.3,263,0
3192,Movie 3192,Sci-Fi|Fantasy,82000000,85,2004,4.0,167,0
3193,Movie 3193,Drama|Fantasy,79000000,88,2016,9.3,172,0
3194,Movie 3194,Action|Drama,131000000,104,2005,8.4,367,0
3195,Movie 3195,Children|Comedy,160000000,158,2012,3.7,79,0
3196,Movie 3196,Fantasy|Horror|Children,20000000,165,2003,6.1,433,0
3197,Movie 3197,Sci-Fi|Action,78000000,166,2016,9.9,82,0
3198,Movie 3198,Sci-Fi|Adventure,189000000,156,1991,2.8,470,0
3199,Movie 3199,Action|Thriller,118000000,156,1992,2.3,246,0
3200,Movie 3200,Comedy|Drama,95000000,168,2016,2.2,328,0
3201,Movie 3201,Children|Action|Sci-Fi,56000000,149,2017,6.9,263,0
3202,Movie 3202,Crime,122000000,141,2010,7.1,3,1
3203,Movie 3203,Comedy,33000000,157,2006,8.0,380,0
3204,Movie 3204,Drama,35000000,140,2002,5.6,457,1
3205,Movie 3205,Drama,35000000,127,1990,4.0,414,0
3206,Movie 3206,Comedy,135000000,81,1994,8.5,499,0
3207,Movie 3207,Thriller,80000000,112,2004,5.9,189,0
3208,Movie 3208,Children|Animation|Fantasy,103000000,127,2004,3.0,181,0
3209,Movie 3209,Crime|Sci-Fi,57000000,92,1994,3.3,440,1
3210,Movie 3210,Drama|Fantasy|Horror,138000000,94,2017,10.0,250,0
3211,Movie 3211,Sci-Fi|Thriller,66000000,117,1996,6.7,189,0
3212,Movie 3212,Drama,180000000,157,1999,8.4,170,0
3213,Movie 3213,Animation|Adventure|Action,92000000,165,2006,5.1,61,0
3214,Movie 3214,Comedy|Sci-Fi|Animation,1000000,179,2010,8.1,232,0
3215,Movie 3215,Fantasy|Animation,128000000,125,2014,7.5,186,0
3216,Movie 3216,Action|Sci-Fi,103000000,95,2021,8.8,218,0
3217,Movie 3217,Documentary,132000000,141,2000,7.1,64,0
3218,Movie 3218,Drama,57000000,162,2001,8.8,234,0
3219,Movie 3219,Adventure,182000000,100,1990,5.8,310,0
3220,Movie 3220,Documentary|Drama|Thriller,165000000,165,2021,6.8,194,1
3221,Movie 3221,Horror|Sci-Fi|Thriller,118000000,100,2003,6.3,304,0
3222,Movie 3222,Adventure,84000000,152,2000,5.0,111,0
3223,Movie 3223,Action|Sci-Fi|Drama,69000000,178,2016,8.4,355,0
3224,Movie 3224,Thriller|Documentary,74000000,92,2005,3.2,10,1
3225,Movie 3225,Adventure|Documentary,44000000,165,1998,7.6,171,1
3226,Movie 3226,Thriller|Drama,171000000,107,2015,3.8,81,0
3227,Movie 3227,Comedy|Thriller,90000000,138,2006,7.1,92,0
3228,Movie 3228,Crime,50000000,129,1999,2.5,108,0
3229,Movie 3229,Sci-Fi|Children|Fantasy,97000000,147,1994,7.5,160,0
3230,Movie 3230,Comedy|Fantasy|Drama,173000000,87,1991,7.5,198,0
3231,Movie 3231,Crime,108000000,108,1991,8.7,313,0
3232,Movie 3232,Action,167000000,114,2023,4.1,274,0
3233,Movie 3233,Fantasy|Action|Comedy,181000000,88,2015,5.1,59,0
3234,Movie 3234,Drama,107000000,115,2002,4.2,169,1
3235,Movie 3235,Animation,77000000,163,2010,4.4,465,0
3236,Movie 3236,Horror,54000000,138,1999,3.7,355,0
3237,Movie 3237,Sci-Fi,9000000,178,1991,9.2,28,0
3238,Movie 3238,Action|Drama,30000000,110,2015,8.6,339,1
3239,Movie 3239,Fantasy,121000000,94,2013,9.5,40,0
3240,Movie 3240,Adventure|Action|Horror,30000000,132,1991,8.0,334,0
3241,Movie 3241,Crime|Fantasy,49000000,161,2009,8.9,309,1
3242,Movie 3242,Children|Adventure,47000000,126,1990,6.1,436,1
3243,Movie 3243,Adventure|Comedy,32000000,106,2020,4.8,32,1
3244,Movie 3244,Documentary|Horror|Animation,184000000,99,2012,3.6,109,1
3245,Movie 3245,Sci-Fi,58000000,86,1999,6.3,227,1
3246,Movie 3246,Horror,38000000,87,2014,6.1,199,1
3247,Movie 3247,Drama|Sci-Fi|Thriller,174000000,120,2015,5.7,194,0
3248,Movie 3248,Adventure|Horror,45000000,129,2011,3.8,294,0
3249,Movie 3249,Action|Adventure|Thriller,63000000,172,2003,6.4,13,0
3250,Movie 3250,Comedy|Children|Drama,106000000,111,2006,3.3,391,0
3251,Movie 3251,Sci-Fi|Drama,167000000,167,1994,8.1,135,0
3252,Movie 3252,Animation|Comedy|Action,60000000,105,1991,3.4,73,0
3253,Movie 3253,Children|Drama|Animation,149000000,131,1994,6.5,151,0
3254,Movie 3254,Drama|Action|Horror,159000000,83,2003,7.8,36,0
3255,Movie 3255,Fantasy,82000000,121,2005,2.7,49,0
3256,Movie 3256,Sci-Fi|Children|Crime,4000000,166,2024,3.8,301,0
3257,Movie 3257,Animation|Documentary,56000000,124,2000,7.9,472,0
3258,Movie 3258,Drama,117000000,97,2002,4.6,116,1
3259,Movie 3259,Documentary,10000000,173,1994,2.1,77,0
3260,Movie 3260,Fantasy,147000000,121,2009,5.1,191,0
3261,Movie 3261,Thriller|Action,179000000,109,2005,5.7,35,0
3262,Movie 3262,Animation|Children,130000000,169,1995,2.1,443,0
3263,Movie 3263,Drama,154000000,97,2018,4.7,496,0
3264,Movie 3264,Drama|Fantasy,41000000,87,2005,4.1,277,0
3265,Movie 3265,Comedy|Horror,76000000,83,2021,2.2,120,0
3266,Movie 3266,Drama,33000000,125,2014,2.2,33,1
3267,Movie 3267,Documentary|Comedy,81000000,113,1996,2.6,195,1
3268,Movie 3268,Drama,162000000,110,2017,9.9,223,0
3269,Movie 3269,Adventure,64000000,126,2000,4.2,23,0
3270,Movie 3270,Comedy|Action|Crime,12000000,123,2010,3.1,49,0
3271,Movie 3271,Fantasy,32000000,151,2010,8.1,214,0
3272,Movie 3272,Comedy|Thriller|Crime,192000000,162,2001,3.9,314,0
3273,Movie 3273,Action|Thriller|Documentary,25000000,125,2020,9.9,164,0
3274,Movie 3274,Sci-Fi|Documentary|Horror,89000000,107,2010,5.6,490,0
3275,Movie 3275,Action,11000000,85,2014,3.5,391,1
3276,Movie 3276,Animation,122000000,176,2009,7.6,34,0
3277,Movie 3277,Action|Thriller,178000000,98,2022,10.0,18,0
3278,Movie 3278,Crime|Adventure,60000000,121,1999,8.1,384,0
3279,Movie 3279,Crime,85000000,168,2023,8.7,113,0
3280,Movie 3280,Fantasy|Thriller|Children,5000000,104,2001,6.7,400,0
3281,Movie 3281,Action|Horror|Adventure,46000000,156,2005,4.3,229,0
3282,Movie 3282,Comedy,27000000,167,2009,2.3,451,0
3283,Movie 3283,Comedy|Thriller|Fantasy,161000000,89,2012,6.6,176,0
3284,Movie 3284,Drama,15000000,92,2023,7.0,212,0
3285,Movie 3285,Crime|Thriller|Action,145000000,156,2023,5.1,461,0
3286,Movie 3286,Documentary|Comedy,196000000,89,1995,9.1,221,0
3287,Movie 3287,Sci-Fi|Action,170000000,163,1998,6.9,138,0
3288,Movie 3288,Fantasy|Comedy|Horror,56000000,173,2004,4.4,161,0
3289,Movie 3289,Action|Animation,147000000,80,2006,4.6,263,1
3290,Movie 3290,Sci-Fi|Fantasy,112000000,178,1997,8.1,181,0
3291,Movie 3291,Comedy,11000000,100,1992,9.3,361,1
3292,Movie 3292,Horror|Thriller|Animation,68000000,155,2020,5.1,484,0
3293,Movie 3293,Action|Thriller,168000000,94,2013,5.0,133,0
3294,Movie 3294,Adventure,166000000,139,2010,4.2,191,1
3295,Movie 3295,Crime,150000000,161,2006,6.4,73,0
3296,Movie 3296,Thriller|Sci-Fi|Comedy,63000000,93,1997,7.6,96,0
3297,Movie 3297,Fantasy|Thriller,46000000,129,2017,4.4,42,0
3298,Movie 3298,Drama,120000000,120,2011,5.3,22,0
3299,Movie 3299,Adventure,139000000,118,2004,7.6,224,0
3300,Movie 3300,Horror|Crime|Adventure,91000000,98,1990,5.7,452,1
3301,Movie 3301,Crime|Adventure,71000000,109,2011,3.5,28,1
3302,Movie 3302,Fantasy|Thriller|Sci-Fi,157000000,119,2013,6.2,171,0
3303,Movie 3303,Drama|Thriller|Horror,196000000,143,2003,9.2,321,0
3304,Movie 3304,Comedy,14000000,168,2000,8.3,75,1
3305,Movie 3305,Animation|Crime,54000000,93,2011,3.4,196,0
3306,Movie 3306,Sci-Fi,181000000,128,2020,6.1,113,0
3307,Movie 3307,Animation|Fantasy|Sci-Fi,134000000,140,2014,3.0,316,0
3308,Movie 3308,Action,38000000,111,2000,2.8,247,0
3309,Movie 3309,Action|Crime|Animation,74000000,99,2001,7.1,226,0
3310,Movie 3310,Documentary|Fantasy|Drama,19000000,163,1994,8.4,334,0
3311,Movie 3311,Action,82000000,138,2021,6.5,147,0
3312,Movie 3312,Animation,22000000,167,2021,9.6,495,0
3313,Movie 3313,Comedy|Action,95000000,173,1993,3.8,470,0
3314,Movie 3314,Documentary,133000000,168,2022,3.2,489,0
3315,Movie 3315,Drama|Sci-Fi,162000000,176,2004,3.5,160,0
3316,Movie 3316,Animation|Drama,192000000,160,2015,3.9,124,0
3317,Movie 3317,Thriller|Drama,76000000,110,2005,7.8,452,0
3318,Movie 3318,Fantasy|Action|Comedy,38000000,155,2024,9.4,406,0
3319,Movie 3319,Children,108000000,144,2016,2.1,222,0
3320,Movie 3320,Crime|Drama|Action,163000000,113,1991,3.1,407,0
3321,Movie 3321,Children,112000000,105,2010,7.2,88,0
3322,Movie 3322,Fantasy|Sci-Fi|Adventure,184000000,169,2006,9.7,27,0
3323,Movie 3323,Comedy|Crime,125000000,123,2017,2.6,122,0
3324,Movie 3324,Sci-Fi|Children|Adventure,99000000,80,2011,3.8,24,0
3325,Movie 3325,Adventure|Animation,9000000,97,2023,9.0,458,0
3326,Movie 3326,Documentary|Sci-Fi,142000000,107,1998,5.7,407,0
3327,Movie 3327,Animation|Documentary|Fantasy,98000000,149,2002,8.7,489,1
3328,Movie 3328,Drama|Comedy,4000000,129,1998,5.2,178,0
3329,Movie 3329,Comedy,139000000,98,2017,4.5,36,1
3330,Movie 3330,Comedy|Action|Drama,159000000,145,2017,7.5,367,0
3331,Movie 3331,Documentary|Thriller|Fantasy,75000000,142,2004,5.1,353,0
3332,Movie 3332,Children|Crime|Fantasy,134000000,166,2013,2.5,97,0
3333,Movie 3333,Fantasy|Horror|Documentary,9000000,162,2021,5.7,162,0
3334,Movie 3334,Sci-Fi|Drama|Crime,185000000,140,2020,2.1,214,0
3335,Movie 3335,Comedy,103000000,140,1995,3.0,321,0
3336,Movie 3336,Animation|Thriller,70000000,143,2018,8.1,374,0
3337,Movie 3337,Horror|Comedy|Thriller,43000000,176,2016,9.5,411,0
3338,Movie 3338,Children,130000000,95,1999,9.4,254,0
3339,Movie 3339,Horror|Sci-Fi,93000000,158,2009,3.2,255,0
3340,Movie 3340,Drama|Documentary,151000000,173,1994,7.5,401,1
3341,Movie 3341,Horror|Adventure,143000000,135,1997,3.1,295,1
3342,Movie 3342,Horror,61000000,150,2016,4.2,483,0
3343,Movie 3343,Crime,157000000,117,2005,3.0,423,0
3344,Movie 3344,Sci-Fi|Adventure|Fantasy,59000000,113,1994,5.8,148,0
3345,Movie 3345,Horror,66000000,100,2002,5.0,415,0
3346,Movie 3346,Animation|Children|Adventure,176000000,153,2000,8.6,354,0
3347,Movie 3347,Horror,172000000,161,2010,9.0,379,0
3348,Movie 3348,Animation|Action|Sci-Fi,124000000,91,1996,2.5,285,0
3349,Movie 3349,Crime,132000000,171,2003,2.7,61,0
3350,Movie 3350,Fantasy|Drama,44000000,98,1993,3.0,372,0
3351,Movie 3351,Horror|Sci-Fi,73000000,164,2007,8.4,29,0
3352,Movie 3352,Animation|Horror|Thriller,42000000,162,1992,7.5,448,0
3353,Movie 3353,Adventure,142000000,139,2023,4.9,135,0
3354,Movie 3354,Documentary|Comedy|Crime,128000000,91,2000,9.5,403,0
3355,Movie 3355,Crime|Animation|Documentary,57000000,98,2014,6.4,139,0
3356,Movie 3356,Children,30000000,156,1994,5.2,184,0
3357,Movie 3357,Fantasy,144000000,109,1995,2.5,74,0
3358,Movie 3358,Fantasy,1000000,115,2022,6.8,237,1
3359,Movie 3359,Crime|Horror|Comedy,61000000,152,2016,3.8,66,1
3360,Movie 3360,Drama|Adventure|Crime,35000000,135,2014,5.7,227,1
3361,Movie 3361,Thriller|Sci-Fi|Action,101000000,111,1992,5.3,427,0
3362,Movie 3362,Animation|Horror|Crime,131000000,168,2006,8.3,10,0
3363,Movie 3363,Horror|Comedy,193000000,146,2008,5.7,140,0
3364,Movie 3364,Thriller,163000000,172,2000,4.4,401,0
3365,Movie 3365,Adventure|Fantasy|Crime,22000000,132,2008,5.1,38,0
3366,Movie 3366,Adventure|Crime|Action,60000000,168,1992,2.6,442,0
3367,Movie 3367,Crime|Documentary|Adventure,150000000,124,2018,7.9,20,1
3368,Movie 3368,Adventure|Children|Thriller,158000000,111,2009,9.8,423,0
3369,Movie 3369,Documentary|Drama,57000000,148,1996,5.4,291,1
3370,Movie 3370,Sci-Fi|Documentary|Fantasy,31000000,146,2004,5.2,378,0
3371,Movie 3371,Thriller|Adventure|Action,145000000,86,1992,6.2,39,1
3372,Movie 3372,Animation|Thriller,71000000,143,2008,8.6,384,0
3373,Movie 3373,Action,169000000,99,1997,7.8,184,0
3374,Movie 3374,Documentary|Drama,23000000,171,2021,9.7,81,0
3375,Movie 3375,Sci-Fi|Horror|Thriller,60000000,137,1990,2.3,313,0
3376,Movie 3376,Animation|Crime|Comedy,108000000,107,2021,8.0,371,0
3377,Movie 3377,Animation|Comedy|Action,128000000,111,1991,6.2,256,0
3378,Movie 3378,Drama,34000000,107,2005,4.1,326,0
3379,Movie 3379,Thriller,144000000,178,2010,2.3,210,0
3380,Movie 3380,Children|Fantasy|Sci-Fi,103000000,174,2014,8.0,38,0
3381,Movie 3381,Comedy|Children,172000000,92,2015,6.2,169,1
3382,Movie 3382,Horror|Sci-Fi|Children,31000000,167,2015,9.3,61,0
3383,Movie 3383,Adventure,164000000,89,2004,5.9,137,0
3384,Movie 3384,Documentary|Thriller,28000000,127,1992,8.7,122,0
3385,Movie 3385,Animation|Documentary,189000000,150,2024,4.0,257,1
3386,Movie 3386,Children|Horror,174000000,173,2021,9.2,307,0
3387,Movie 3387,Fantasy|Adventure|Horror,160000000,179,2022,3.5,389,1
3388,Movie 3388,Documentary|Crime|Adventure,152000000,81,2008,7.9,26,0
3389,Movie 3389,Children|Documentary|Action,197000000,147,2023,2.0,467,1
3390,Movie 3390,Children,53000000,177,2017,8.2,21,0
3391,Movie 3391,Action,92000000,95,2022,5.5,461,0
3392,Movie 3392,Animation|Fantasy|Adventure,106000000,94,1997,2.6,19,1
3393,Movie 3393,Horror|Adventure|Thriller,106000000,100,2012,9.7,430,1
3394,Movie 3394,Animation|Documentary|Drama,55000000,88,1999,2.5,496,0
3395,Movie 3395,Documentary|Children,51000000,144,2023,4.1,411,0
3396,Movie 3396,Animation|Thriller|Sci-Fi,121000000,154,2022,9.0,487,0
3397,Movie 3397,Thriller,167000000,147,2000,7.0,246,0
3398,Movie 3398,Comedy|Animation,101000000,106,2006,5.1,392,0
3399,Movie 3399,Action|Adventure|Children,24000000,109,2005,6.0,16,0
3400,Movie 3400,Animation|Thriller,140000000,140,2017,9.2,383,0
3401,Movie 3401,Horror|Children,53000000,158,1996,9.7,248,1
3402,Movie 3402,Thriller|Adventure,71000000,103,2008,3.6,146,1
3403,Movie 3403,Crime,100000000,103,2012,3.1,28,1
3404,Movie 3404,Adventure|Children,193000000,137,2003,4.4,212,0
3405,Movie 3405,Action|Drama,171000000,92,2020,5.2,313,0
3406,Movie 3406,Animation,97000000,143,2012,5.9,424,0
3407,Movie 3407,Fantasy|Children,12000000,114,1999,8.2,108,0
3408,Movie 3408,Animation|Fantasy|Adventure,141000000,160,2015,6.0,333,0
3409,Movie 3409,Adventure|Crime,22000000,123,2016,7.5,328,0
3410,Movie 3410,Sci-Fi|Comedy|Drama,120000000,103,2013,8.4,43,0
3411,Movie 3411,Drama,105000000,151,2004,7.3,351,0
3412,Movie 3412,Drama,198000000,137,2006,7.2,205,0
3413,Movie 3413,Children|Horror|Documentary,57000000,100,2023,4.7,348,0
3414,Movie 3414,Horror|Sci-Fi,34000000,99,1990,8.6,116,1
3415,Movie 3415,Children|Comedy,39000000,159,1996,2.6,281,0
3416,Movie 3416,Adventure|Children,17000000,105,1992,7.3,394,0
3417,Movie 3417,Sci-Fi,75000000,159,1992,3.2,327,0
3418,Movie 3418,Horror,99000000,125,2022,9.0,12,0
3419,Movie 3419,Fantasy|Adventure|Crime,114000000,152,2001,10.0,192,1
3420,Movie 3420,Horror|Crime|Drama,102000000,83,2009,6.7,251,1
3421,Movie 3421,Documentary|Crime|Children,95000000,128,2017,6.8,9,1
3422,Movie 3422,Documentary,135000000,166,2016,2.9,229,0
3423,Movie 3423,Drama|Crime,37000000,118,2008,4.6,252,0
3424,Movie 3424,Children|Fantasy|Action,87000000,121,2016,9.0,315,0
3425,Movie 3425,Adventure|Crime|Documentary,78000000,145,2013,5.2,401,0
3426,Movie 3426,Horror,106000000,86,2017,6.7,143,0
3427,Movie 3427,Animation,3000000,168,2009,3.5,259,0
3428,Movie 3428,Drama|Thriller|Animation,95000000,132,2014,7.1,192,0
3429,Movie 3429,Comedy,33000000,113,1998,8.7,147,0
3430,Movie 3430,Drama|Sci-Fi|Comedy,102000000,86,2008,9.0,431,0
3431,Movie 3431,Adventure|Documentary,73000000,139,2004,8.0,268,0
3432,Movie 3432,Crime|Action,28000000,88,1991,6.5,60,1
3433,Movie 3433,Thriller,192000000,157,1995,9.5,326,1
3434,Movie 3434,Drama|Documentary|Fantasy,184000000,173,2008,7.4,306,0
3435,Movie 3435,Comedy|Horror,143000000,130,1999,9.7,302,0
3436,Movie 3436,Thriller|Adventure,111000000,165,2014,6.5,107,1
3437,Movie 3437,Children|Horror|Thriller,15000000,171,1991,5.4,496,0
3438,Movie 3438,Animation|Documentary|Horror,166000000,131,2024,9.9,436,0
3439,Movie 3439,Thriller,62000000,136,1994,5.3,296,0
3440,Movie 3440,Crime|Sci-Fi|Adventure,170000000,116,1995,7.1,258,0
3441,Movie 3441,Fantasy|Action|Documentary,182000000,129,2007,9.2,121,1
3442,Movie 3442,Action|Animation,122000000,168,2002,2.7,242,0
3443,Movie 3443,Animation|Thriller|Drama,45000000,103,2017,5.2,346,1
3444,Movie 3444,Comedy,72000000,165,1999,8.0,92,0
3445,Movie 3445,Action|Fantasy,173000000,92,1996,4.6,291,1
3446,Movie 3446,Drama,18000000,120,2001,8.4,219,0
3447,Movie 3447,Fantasy|Crime|Adventure,38000000,89,2006,5.2,264,0
3448,Movie 3448,Documentary,66000000,146,2018,4.3,75,0
3449,Movie 3449,Adventure|Fantasy,64000000,177,2001,8.5,111,0
3450,Movie 3450,Drama|Horror|Crime,17000000,108,2006,8.2,276,0
3451,Movie 3451,Action|Adventure,110000000,125,2009,6.1,136,0
3452,Movie 3452,Documentary|Comedy,98000000,158,2016,8.9,195,0
3453,Movie 3453,Crime|Documentary,99000000,100,1992,5.0,180,0
3454,Movie 3454,Animation|Sci-Fi,187000000,119,2006,5.2,405,1
3455,Movie 3455,Adventure,94000000,125,2011,3.1,426,1
3456,Movie 3456,Fantasy|Sci-Fi|Documentary,51000000,116,2010,4.3,201,1
3457,Movie 3457,Horror,61000000,110,2008,5.1,281,0
3458,Movie 3458,Comedy|Thriller,60000000,147,1995,9.9,294,0
3459,Movie 3459,Fantasy|Crime,154000000,152,1990,8.3,362,0
3460,Movie 3460,Adventure,167000000,97,1990,2.8,318,0
3461,Movie 3461,Fantasy,103000000,135,1998,8.1,12,0
3462,Movie 3462,Horror|Comedy|Animation,30000000,155,1990,2.0,390,0
3463,Movie 3463,Adventure|Children,153000000,146,1999,9.0,329,1
3464,Movie 3464,Fantasy|Animation,49000000,100,2023,7.5,418,0
3465,Movie 3465,Fantasy|Adventure,115000000,82,1993,8.3,338,1
3466,Movie 3466,Adventure,196000000,131,2018,8.5,218,0
3467,Movie 3467,Documentary|Adventure,55000000,164,2000,7.6,49,0
3468,Movie 3468,Fantasy|Adventure,47000000,114,1993,7.7,332,0
3469,Movie 3469,Documentary,161000000,159,2003,9.7,271,0
3470,Movie 3470,Comedy|Thriller|Sci-Fi,77000000,162,2022,5.8,302,1
3471,Movie 3471,Action|Crime|Sci-Fi,176000000,108,2021,2.3,494,0
3472,Movie 3472,Comedy,36000000,138,1997,2.7,381,1
3473,Movie 3473,Animation,10000000,147,2016,3.3,248,0
3474,Movie 3474,Sci-Fi,5000000,100,2002,5.4,49,0
3475,Movie 3475,Action|Children|Thriller,167000000,98,2013,9.0,160,0
3476,Movie 3476,Children|Action,154000000,146,2013,4.8,156,0
3477,Movie 3477,Thriller,133000000,101,2000,2.3,413,1
3478,Movie 3478,Fantasy|Adventure|Sci-Fi,159000000,104,2008,6.0,162,0
3479,Movie 3479,Crime|Documentary|Sci-Fi,147000000,162,2024,5.9,53,1
3480,Movie 3480,Crime|Horror,136000000,145,2013,4.0,434,0
3481,Movie 3481,Animation,106000000,115,1995,9.7,263,0
3482,Movie 3482,Adventure,162000000,120,1997,4.2,427,1
3483,Movie 3483,Documentary|Thriller,17000000,92,2012,7.7,245,0
3484,Movie 3484,Crime|Fantasy,48000000,146,1993,9.3,71,0
3485,Movie 3485,Documentary,155000000,177,2021,7.9,345,0
3486,Movie 3486,Children,85000000,85,2016,4.1,459,0
3487,Movie 3487,Adventure|Drama,199000000,153,2010,7.9,210,1
3488,Movie 3488,Documentary,37000000,152,2022,8.1,296,1
3489,Movie 3489,Crime|Comedy,64000000,177,2009,5.8,484,1
3490,Movie 3490,Action|Animation,186000000,90,1992,4.7,38,0
3491,Movie 3491,Horror|Sci-Fi|Adventure,145000000,101,2001,3.3,429,0
3492,Movie 3492,Comedy,186000000,130,2002,9.0,426,0
3493,Movie 3493,Drama|Adventure,82000000,140,2006,4.1,290,0
3494,Movie 3494,Drama|Thriller|Comedy,131000000,174,2010,2.6,371,0
3495,Movie 3495,Documentary,7000000,83,1996,4.0,387,0
3496,Movie 3496,Fantasy|Drama|Sci-Fi,118000000,105,1998,6.6,182,0
3497,Movie 3497,Children|Adventure,21000000,170,2022,7.4,490,0
3498,Movie 3498,Documentary|Action,49000000,107,1995,2.5,400,0
3499,Movie 3499,Comedy,197000000,99,1990,7.5,59,0
3500,Movie 3500,Comedy|Horror|Fantasy,114000000,94,2024,7.9,310,0
3501,Movie 3501,Documentary,126000000,83,2012,2.9,342,0
3502,Movie 3502,Adventure,41000000,158,1998,8.6,378,0
3503,Movie 3503,Sci-Fi|Crime,93000000,150,2006,6.8,274,0
3504,Movie 3504,Adventure|Action,82000000,111,1991,2.7,270,1
3505,Movie 3505,Comedy,48000000,120,1994,9.7,368,0
3506,Movie 3506,Documentary|Horror,18000000,145,2014,3.7,227,0
3507,Movie 3507,Drama|Comedy|Animation,187000000,148,2017,8.8,178,0
3508,Movie 3508,Adventure|Thriller|Children,195000000,170,2024,8.1,399,0
3509,Movie 3509,Crime,70000000,136,2001,8.0,305,0
3510,Movie 3510,Children,50000000,125,2003,9.7,409,0
3511,Movie 3511,Sci-Fi|Documentary,50000000,113,2018,5.7,420,1
3512,Movie 3512,Fantasy,158000000,82,2022,7.8,348,0
3513,Movie 3513,Crime|Animation|Thriller,73000000,133,2019,5.4,108,0
3514,Movie 3514,Fantasy|Children|Drama,192000000,116,2014,8.1,250,0
3515,Movie 3515,Fantasy|Sci-Fi|Horror,184000000,92,2021,4.8,463,0
3516,Movie 3516,Horror|Thriller,40000000,112,2001,4.1,239,0
3517,Movie 3517,Sci-Fi|Adventure,174000000,133,2014,5.8,356,0
3518,Movie 3518,Horror,73000000,103,2017,5.0,282,0
3519,Movie 3519,Action,20000000,147,2000,8.3,50,0
3520,Movie 3520,Documentary|Crime,152000000,117,2015,9.0,442,0
3521,Movie 3521,Comedy|Documentary|Crime,182000000,149,2002,6.1,407,0
3522,Movie 3522,Drama|Action|Adventure,58000000,80,2018,6.0,346,1
3523,Movie 3523,Adventure,148000000,111,2019,9.5,183,0
3524,Movie 3524,Fantasy|Adventure,71000000,172,2008,8.1,347,0
3525,Movie 3525,Drama|Comedy,80000000,167,2015,8.8,467,0
3526,Movie 3526,Sci-Fi|Action,22000000,163,1990,8.8,98,0
3527,Movie 3527,Children,2000000,91,2013,8.2,265,0
3528,Movie 3528,Sci-Fi|Comedy|Action,25000000,176,1990,4.6,74,0
3529,Movie 3529,Crime|Documentary|Drama,107000000,105,1995,6.5,278,0
3530,Movie 3530,Action|Fantasy,159000000,179,1998,2.9,160,0
3531,Movie 3531,Children|Adventure|Horror,189000000,142,2024,3.9,256,0
3532,Movie 3532,Action,89000000,166,2001,2.9,18,0
3533,Movie 3533,Documentary|Drama|Crime,166000000,109,1993,8.7,419,0
3534,Movie 3534,Children,59000000,113,2020,8.8,494,0
3535,Movie 3535,Fantasy,153000000,156,2013,6.0,234,1
3536,Movie 3536,Animation|Children,107000000,156,2016,2.4,466,0
3537,Movie 3537,Horror|Comedy,194000000,141,2007,8.7,55,1
3538,Movie 3538,Horror|Fantasy|Drama,109000000,150,2012,4.2,384,0
3539,Movie 3539,Drama,114000000,171,2007,3.3,133,0
3540,Movie 3540,Action|Animation,29000000,127,2012,2.2,227,0
3541,Movie 3541,Documentary|Children|Drama,53000000,179,1999,9.2,265,0
3542,Movie 3542,Animation|Thriller|Children,197000000,136,2018,10.0,454,0
3543,Movie 3543,Children|Action,42000000,140,1991,2.3,334,0
3544,Movie 3544,Fantasy,166000000,134,2020,5.3,82,0
3545,Movie 3545,Crime|Drama|Action,146000000,162,1992,8.7,221,1
3546,Movie 3546,Comedy,54000000,166,2012,8.7,373,1
3547,Movie 3547,Thriller,183000000,93,2013,4.8,80,0
3548,Movie 3548,Drama|Adventure,34000000,80,2000,7.2,478,0
3549,Movie 3549,Drama|Action|Animation,162000000,155,2004,4.6,426,0
3550,Movie 3550,Comedy|Thriller,127000000,83,2013,3.0,29,1
3551,Movie 3551,Children,14000000,119,2021,10.0,469,0
3552,Movie 3552,Horror|Documentary|Action,185000000,145,2011,7.9,104,0
3553,Movie 3553,Children|Adventure,117000000,137,2009,6.1,57,0
3554,Movie 3554,Crime,117000000,96,2008,9.2,3,0
3555,Movie 3555,Adventure|Comedy,131000000,127,2013,2.5,424,0
3556,Movie 3556,Drama|Horror|Children,159000000,170,2009,2.4,44,1
3557,Movie 3557,Animation,95000000,88,2019,8.9,98,1
3558,Movie 3558,Crime|Thriller,164000000,103,2023,7.5,20,0
3559,Movie 3559,Drama|Sci-Fi|Action,194000000,144,1994,3.2,310,0
3560,Movie 3560,Animation|Adventure,176000000,91,2018,3.2,112,0
3561,Movie 3561,Documentary|Crime,156000000,149,2020,2.1,55,1
3562,Movie 3562,Comedy|Animation|Drama,88000000,123,1997,3.4,346,1
3563,Movie 3563,Thriller|Comedy|Action,18000000,151,2003,5.1,135,0
3564,Movie 3564,Thriller|Animation,161000000,141,2021,7.4,95,0
3565,Movie 3565,Sci-Fi|Adventure|Drama,74000000,166,2021,9.2,19,0
3566,Movie 3566,Drama|Thriller,134000000,109,1999,6.7,7,1
3567,Movie 3567,Comedy|Drama,173000000,129,2000,5.5,176,0
3568,Movie 3568,Action|Horror|Documentary,11000000,93,2024,7.3,202,1
3569,Movie 3569,Action|Documentary|Adventure,4000000,99,1999,7.2,304,0
3570,Movie 3570,Crime,129000000,122,1998,3.0,221,0
3571,Movie 3571,Adventure|Thriller|Crime,199000000,164,2011,3.0,169,0
3572,Movie 3572,Sci-Fi,196000000,129,2012,3.1,77,1
3573,Movie 3573,Fantasy|Comedy|Documentary,107000000,100,2011,2.3,190,0
3574,Movie 3574,Fantasy|Thriller|Animation,134000000,142,1990,9.2,156,0
3575,Movie 3575,Animation|Children|Crime,193000000,85,1992,2.0,83,0
3576,Movie 3576,Crime|Action,179000000,151,2023,2.4,99,0
3577,Movie 3577,Adventure|Crime,179000000,152,1998,4.9,276,0
3578,Movie 3578,Adventure|Comedy,143000000,91,2024,2.4,388,0
3579,Movie 3579,Fantasy,58000000,82,2007,7.5,161,0
3580,Movie 3580,Thriller|Children,75000000,167,2022,8.9,392,0
3581,Movie 3581,Crime|Action|Documentary,163000000,110,2022,2.6,498,0
3582,Movie 3582,Sci-Fi,37000000,109,2006,8.1,347,0
3583,Movie 3583,Horror|Thriller|Fantasy,112000000,125,2008,7.0,410,0
3584,Movie 3584,Adventure|Documentary|Children,147000000,178,2020,8.5,372,0
3585,Movie 3585,Crime|Adventure,51000000,102,2018,3.3,109,0
3586,Movie 3586,Adventure|Fantasy|Comedy,25000000,80,2013,4.8,437,0
3587,Movie 3587,Drama,73000000,174,2001,5.8,272,0
3588,Movie 3588,Drama|Adventure|Action,16000000,156,2008,9.7,151,0
3589,Movie 3589,Action,130000000,112,2007,3.8,421,1
3590,Movie 3590,Action|Sci-Fi|Thriller,142000000,113,1997,9.3,4,0
3591,Movie 3591,Fantasy|Animation|Thriller,93000000,126,1997,2.7,328,0
3592,Movie 3592,Drama|Action,123000000,86,1991,3.1,53,0
3593,Movie 3593,Action|Comedy|Crime,5000000,168,2010,8.0,71,0
3594,Movie 3594,Action|Drama,143000000,101,2020,7.7,57,0
3595,Movie 3595,Crime|Animation|Action,198000000,83,2016,7.0,328,0
3596,Movie 3596,Action,149000000,102,2015,7.9,333,0
3597,Movie 3597,Fantasy,2000000,99,1995,5.4,159,0
3598,Movie 3598,Fantasy|Documentary,136000000,122,2022,2.2,270,1
3599,Movie 3599,Drama,53000000,100,2020,3.0,101,1
3600,Movie 3600,Crime|Fantasy,77000000,149,2024,2.7,152,0
3601,Movie 3601,Documentary|Animation|Action,92000000,83,2011,5.4,446,0
3602,Movie 3602,Comedy|Crime,166000000,95,2011,4.8,166,1
3603,Movie 3603,Children|Action,104000000,104,1998,3.3,43,0
3604,Movie 3604,Animation|Crime|Documentary,135000000,116,2021,3.0,337,0
3605,Movie 3605,Action|Horror,100000000,146,2007,5.5,177,1
3606,Movie 3606,Thriller|Sci-Fi|Comedy,124000000,83,1990,2.2,127,0
3607,Movie 3607,Children,190000000,105,2015,4.8,456,1
3608,Movie 3608,Crime|Comedy,97000000,99,2000,6.2,351,1
3609,Movie 3609,Documentary,151000000,140,2008,8.8,182,0
3610,Movie 3610,Comedy|Action|Animation,12000000,142,2024,4.7,191,0
3611,Movie 3611,Documentary,182000000,149,2003,9.8,31,0
3612,Movie 3612,Documentary|Drama,93000000,80,1991,4.2,264,0
3613,Movie 3613,Sci-Fi|Animation|Action,6000000,110,2014,8.7,113,0
3614,Movie 3614,Thriller|Animation|Action,5000000,96,2014,3.9,309,0
3615,Movie 3615,Documentary,113000000,130,2017,5.3,202,0
3616,Movie 3616,Documentary,124000000,96,2003,5.2,17,0
3617,Movie 3617,Fantasy|Horror,161000000,166,2019,9.8,121,0
3618,Movie 3618,Drama|Animation,50000000,96,1996,9.6,350,1
3619,Movie 3619,Horror,185000000,177,2019,8.8,165,0
3620,Movie 3620,Sci-Fi,105000000,149,1996,5.7,366,1
3621,Movie 3621,Comedy|Crime,1000000,158,1990,9.7,262,0
3622,Movie 3622,Adventure|Drama,57000000,163,2012,3.5,274,0
3623,Movie 3623,Horror,94000000,82,2012,6.3,112,0
3624,Movie 3624,Children|Sci-Fi|Action,116000000,107,2003,6.2,433,0
3625,Movie 3625,Adventure,190000000,109,1997,8.9,125,0
3626,Movie 3626,Adventure,36000000,101,2011,2.7,375,1
3627,Movie 3627,Thriller|Adventure,65000000,169,1999,9.0,62,0
3628,Movie 3628,Action,197000000,116,2022,5.2,225,0
3629,Movie 3629,Animation|Fantasy,146000000,145,2004,8.4,467,1
3630,Movie 3630,Fantasy,49000000,128,2003,7.5,134,0
3631,Movie 3631,Comedy,93000000,98,2007,9.8,283,0
3632,Movie 3632,Thriller,182000000,128,1996,7.7,172,0
3633,Movie 3633,Comedy|Action,150000000,162,2024,5.2,219,0
3634,Movie 3634,Action|Fantasy,80000000,147,2001,4.5,491,0
3635,Movie 3635,Children,194000000,110,1994,6.1,172,1
3636,Movie 3636,Adventure,115000000,121,2024,6.8,248,0
3637,Movie 3637,Comedy|Thriller,128000000,102,2009,9.1,100,1
3638,Movie 3638,Animation,139000000,142,2015,6.2,158,0
3639,Movie 3639,Drama|Animation,89000000,119,1994,5.7,58,0
3640,Movie 3640,Action|Thriller|Animation,16000000,153,2011,9.8,224,0
3641,Movie 3641,Children|Adventure|Action,74000000,153,1992,8.3,20,0
3642,Movie 3642,Children|Adventure|Thriller,99000000,147,2008,4.1,408,1
3643,Movie 3643,Fantasy|Adventure,176000000,166,1999,7.1,409,0
3644,Movie 3644,Adventure,31000000,170,2018,4.9,170,0
3645,Movie 3645,Crime|Drama,134000000,167,2019,3.6,182,0
3646,Movie 3646,Adventure|Thriller|Animation,36000000,134,2005,4.0,101,1
3647,Movie 3647,Thriller,92000000,98,2007,4.7,422,1
3648,Movie 3648,Sci-Fi|Horror,178000000,161,2005,7.2,294,1
3649,Movie 3649,Sci-Fi,151000000,137,1995,7.3,163,1
3650,Movie 3650,Children,53000000,109,2013,5.6,230,0
3651,Movie 3651,Adventure|Horror|Comedy,7000000,116,1991,8.1,411,1
3652,Movie 3652,Fantasy|Documentary,29000000,101,2020,9.0,34,0
3653,Movie 3653,Sci-Fi|Thriller,52000000,105,1995,9.4,170,0
3654,Movie 3654,Documentary|Drama,152000000,94,2001,3.7,82,0
3655,Movie 3655,Adventure,98000000,179,1998,3.6,169,0
3656,Movie 3656,Adventure|Animation,103000000,102,2013,8.4,182,0
3657,Movie 3657,Fantasy|Drama|Action,196000000,81,1996,6.7,131,0
3658,Movie 3658,Thriller|Fantasy,118000000,150,2017,9.5,287,0
3659,Movie 3659,Horror|Children,150000000,85,2013,5.6,111,0
3660,Movie 3660,Documentary|Sci-Fi,197000000,114,2011,5.1,475,0
3661,Movie 3661,Fantasy|Adventure|Comedy,68000000,136,2010,10.0,427,0
3662,Movie 3662,Action,114000000,156,2009,3.9,412,1
3663,Movie 3663,Action|Animation,111000000,108,2015,6.5,2,0
3664,Movie 3664,Fantasy|Thriller|Horror,117000000,156,2005,6.0,143,0
3665,Movie 3665,Comedy,180000000,133,2003,3.4,447,0
3666,Movie 3666,Comedy,13000000,131,2013,8.8,132,0
3667,Movie 3667,Horror,25000000,148,2021,4.2,34,0
3668,Movie 3668,Crime|Fantasy|Documentary,147000000,125,1992,9.0,402,0
3669,Movie 3669,Thriller,184000000,162,2014,5.3,343,0
3670,Movie 3670,Action,19000000,102,1994,6.9,161,1
3671,Movie 3671,Thriller|Crime,60000000,166,2015,4.5,26,0
3672,Movie 3672,Comedy,107000000,165,2014,9.5,455,0
3673,Movie 3673,Crime,46000000,144,1994,7.4,365,1
3674,Movie 3674,Fantasy|Horror|Documentary,39000000,136,2008,9.6,114,0
3675,Movie 3675,Sci-Fi|Action|Fantasy,136000000,85,2001,3.0,25,0
3676,Movie 3676,Thriller|Crime|Drama,93000000,130,2006,3.5,380,0
3677,Movie 3677,Thriller|Sci-Fi,11000000,160,2012,6.0,389,0
3678,Movie 3678,Crime|Action,189000000,158,2000,2.1,227,1
3679,Movie 3679,Horror,164000000,143,2015,6.3,472,1
3680,Movie 3680,Children,166000000,140,1996,3.2,17,0
3681,Movie 3681,Drama,167000000,87,2015,7.4,28,0
3682,Movie 3682,Drama|Children|Action,138000000,149,1995,8.9,176,0
3683,Movie 3683,Horror|Crime,175000000,123,2003,6.0,398,1
3684,Movie 3684,Animation,199000000,159,2010,8.7,172,0
3685,Movie 3685,Adventure,14000000,125,1992,6.2,433,0
3686,Movie 3686,Fantasy|Animation,58000000,178,2022,3.9,293,0
3687,Movie 3687,Crime,173000000,121,1996,9.7,37,0
3688,Movie 3688,Horror|Sci-Fi,141000000,87,2020,4.7,117,0
3689,Movie 3689,Sci-Fi|Animation,156000000,129,1997,3.0,207,0
3690,Movie 3690,Animation|Drama,99000000,117,2001,8.8,61,1
3691,Movie 3691,Sci-Fi|Thriller|Children,78000000,135,1994,6.9,214,0
3692,Movie 3692,Drama|Thriller,59000000,135,2003,9.8,370,0
3693,Movie 3693,Horror,30000000,120,2002,5.1,63,1
3694,Movie 3694,Children,186000000,126,1993,3.8,435,0
3695,Movie 3695,Drama|Sci-Fi|Adventure,135000000,175,2013,3.8,438,0
3696,Movie 3696,Children|Crime,165000000,172,2011,5.4,185,0
3697,Movie 3697,Adventure,48000000,159,2004,2.8,306,0
3698,Movie 3698,Animation|Comedy,19000000,109,2002,4.5,113,0
3699,Movie 3699,Action,141000000,119,2016,8.1,34,0
3700,Movie 3700,Horror|Adventure,166000000,137,2000,4.2,472,0
3701,Movie 3701,Action,139000000,85,1992,5.9,234,0
3702,Movie 3702,Crime,7000000,105,2005,4.6,85,0
3703,Movie 3703,Action|Drama,137000000,137,2008,5.4,11,0
3704,Movie 3704,Action,142000000,150,2001,6.8,72,0
3705,Movie 3705,Drama,67000000,173,1998,9.9,417,0
3706,Movie 3706,Fantasy|Crime,117000000,167,1998,4.6,103,0
3707,Movie 3707,Thriller|Sci-Fi|Crime,23000000,167,2009,5.7,120,1
3708,Movie 3708,Adventure,147000000,90,1999,7.6,175,0
3709,Movie 3709,Thriller|Crime,128000000,113,2011,2.0,179,0
3710,Movie 3710,Drama,69000000,171,2017,3.1,74,1
3711,Movie 3711,Action,120000000,108,1991,6.0,320,0
3712,Movie 3712,Animation|Crime|Children,51000000,133,2024,6.8,361,1
3713,Movie 3713,Crime|Horror|Animation,147000000,151,2021,7.7,207,0
3714,Movie 3714,Comedy|Thriller,109000000,100,1997,7.1,494,0
3715,Movie 3715,Fantasy|Adventure|Documentary,50000000,122,1994,4.0,309,0
3716,Movie 3716,Documentary|Thriller|Crime,156000000,177,2004,2.7,255,0
3717,Movie 3717,Children|Crime|Sci-Fi,179000000,170,2008,6.3,383,0
3718,Movie 3718,Children,185000000,129,2009,9.6,37,0
3719,Movie 3719,Thriller|Adventure,126000000,173,2018,7.8,98,0
3720,Movie 3720,Drama,183000000,158,2017,2.6,52,1
3721,Movie 3721,Adventure|Drama,93000000,172,1995,3.6,75,0
3722,Movie 3722,Horror|Comedy,80000000,171,2003,2.1,34,0
3723,Movie 3723,Adventure|Thriller,179000000,100,2008,4.9,31,0
3724,Movie 3724,Children,54000000,153,1993,6.0,453,0
3725,Movie 3725,Fantasy|Crime,161000000,80,1996,4.1,498,0
3726,Movie 3726,Sci-Fi|Horror|Animation,177000000,107,2007,4.9,275,0
3727,Movie 3727,Fantasy|Children,51000000,175,2020,2.7,219,0
3728,Movie 3728,Adventure,69000000,103,2011,2.4,207,0
3729,Movie 3729,Crime|Thriller,142000000,170,2005,2.6,86,1
3730,Movie 3730,Children|Comedy|Action,63000000,81,1998,7.4,102,1
3731,Movie 3731,Adventure,106000000,159,2008,5.8,472,0
3732,Movie 3732,Sci-Fi|Thriller,104000000,86,2019,6.9,440,0
3733,Movie 3733,Fantasy|Children,159000000,102,2023,5.4,245,0
3734,Movie 3734,Documentary,13000000,112,2017,6.8,494,0
3735,Movie 3735,Comedy|Children|Drama,163000000,162,2002,3.8,64,0
3736,Movie 3736,Crime|Thriller,133000000,153,2000,6.1,188,1
3737,Movie 3737,Fantasy,114000000,83,1991,7.7,150,0
3738,Movie 3738,Action,50000000,152,2003,5.9,472,1
3739,Movie 3739,Comedy|Thriller|Action,40000000,168,2010,7.6,254,0
3740,Movie 3740,Sci-Fi|Adventure,199000000,118,1992,5.2,252,0
3741,Movie 3741,Action|Documentary|Animation,91000000,81,1996,6.1,267,0
3742,Movie 3742,Drama|Animation|Adventure,45000000,173,2016,8.4,103,0
3743,Movie 3743,Crime|Action,183000000,150,1997,7.3,331,0
3744,Movie 3744,Sci-Fi|Children|Adventure,160000000,162,2020,4.0,165,0
3745,Movie 3745,Children|Fantasy|Drama,104000000,80,2020,5.9,246,0
3746,Movie 3746,Children|Crime,114000000,124,2009,4.0,266,1
3747,Movie 3747,Action|Adventure,132000000,165,1992,9.3,456,0
3748,Movie 3748,Sci-Fi,185000000,85,2022,3.6,220,0
3749,Movie 3749,Horror|Sci-Fi,171000000,145,2009,2.3,343,0
3750,Movie 3750,Horror|Action|Fantasy,108000000,117,2020,7.6,277,0
3751,Movie 3751,Sci-Fi|Drama|Fantasy,54000000,135,2012,3.7,419,1
3752,Movie 3752,Children,8000000,103,2007,4.9,321,1
3753,Movie 3753,Documentary,136000000,101,2004,4.4,307,0
3754,Movie 3754,Horror|Documentary|Children,109000000,113,2007,2.3,80,0
3755,Movie 3755,Animation|Children|Thriller,103000000,156,1990,6.8,219,0
3756,Movie 3756,Children|Animation,75000000,135,2013,9.1,15,0
3757,Movie 3757,Fantasy|Animation|Children,189000000,112,1990,2.4,409,1
3758,Movie 3758,Action|Crime|Adventure,27000000,131,1993,6.0,150,0
3759,Movie 3759,Action|Sci-Fi|Crime,158000000,97,1992,7.0,244,0
3760,Movie 3760,Action,130000000,148,2022,8.7,219,0
3761,Movie 3761,Animation|Crime|Action,163000000,108,2024,6.0,260,0
3762,Movie 3762,Crime|Thriller|Children,61000000,120,1990,6.1,32,0
3763,Movie 3763,Sci-Fi,76000000,91,2002,6.9,80,1
3764,Movie 3764,Drama|Thriller|Children,170000000,141,2006,4.6,343,1
3765,Movie 3765,Children,164000000,151,2019,2.2,331,1
3766,Movie 3766,Animation|Adventure,102000000,170,2007,3.6,56,1
3767,Movie 3767,Crime,154000000,171,2009,6.4,464,0
3768,Movie 3768,Documentary|Action,127000000,85,2006,7.2,12,0
3769,Movie 3769,Drama|Comedy|Horror,186000000,146,2004,5.1,208,1
3770,Movie 3770,Fantasy|Documentary,78000000,133,1991,4.7,481,1
3771,Movie 3771,Horror|Drama|Fantasy,128000000,122,1997,2.9,245,0
3772,Movie 3772,Documentary|Children,35000000,168,1991,4.9,168,0
3773,Movie 3773,Action|Sci-Fi|Fantasy,2000000,98,2007,8.2,137,0
3774,Movie 3774,Action,146000000,160,1994,7.4,91,1
3775,Movie 3775,Fantasy|Children,21000000,144,1997,6.1,52,0
3776,Movie 3776,Adventure,6000000,105,1992,4.8,408,0
3777,Movie 3777,Animation,189000000,87,2002,8.4,200,1
3778,Movie 3778,Crime|Horror|Action,103000000,165,2002,5.0,289,0
3779,Movie 3779,Adventure,152000000,169,1996,7.0,298,0
3780,Movie 3780,Action|Crime,175000000,174,2011,5.2,72,0
3781,Movie 3781,Thriller,120000000,135,2007,8.3,460,1
3782,Movie 3782,Comedy,5000000,123,2018,5.9,193,0
3783,Movie 3783,Adventure|Sci-Fi|Fantasy,96000000,93,2024,2.4,160,0
3784,Movie 3784,Action|Adventure|Children,98000000,86,2015,6.7,200,0
3785,Movie 3785,Horror|Action,176000000,94,2012,6.0,308,0
3786,Movie 3786,Thriller|Comedy|Crime,97000000,152,2002,4.0,173,1
3787,Movie 3787,Crime|Sci-Fi,150000000,141,2005,5.9,363,1
3788,Movie 3788,Crime|Horror,20000000,87,2016,2.8,301,1
3789,Movie 3789,Horror|Sci-Fi|Action,179000000,137,2017,9.6,216,0
3790,Movie 3790,Adventure|Thriller|Fantasy,175000000,111,2005,4.7,344,0
3791,Movie 3791,Action,63000000,134,2016,8.5,96,1
3792,Movie 3792,Comedy,3000000,143,2018,7.9,366,0
3793,Movie 3793,Crime|Animation,187000000,166,2023,2.6,156,0
3794,Movie 3794,Fantasy,124000000,135,2007,2.9,155,0
3795,Movie 3795,Adventure,195000000,157,2003,4.6,488,0
3796,Movie 3796,Animation|Children,71000000,143,1990,6.2,217,0
3797,Movie 3797,Fantasy|Comedy,111000000,173,2002,6.6,282,0
3798,Movie 3798,Animation,44000000,134,2000,7.9,160,0
3799,Movie 3799,Comedy|Drama,28000000,165,2011,8.0,313,0
3800,Movie 3800,Fantasy,169000000,91,1993,9.5,307,0
3801,Movie 3801,Sci-Fi,186000000,108,2015,8.0,385,0
3802,Movie 3802,Fantasy|Crime,154000000,85,2024,9.3,30,0
3803,Movie 3803,Sci-Fi,119000000,124,2004,3.6,37,0
3804,Movie 3804,Animation,48000000,141,2009,9.8,309,0
3805,Movie 3805,Animation|Thriller,196000000,178,2023,6.3,279,0
3806,Movie 3806,Thriller,122000000,163,1999,4.8,63,0
3807,Movie 3807,Crime,38000000,151,2005,3.3,331,0
3808,Movie 3808,Animation|Fantasy|Sci-Fi,101000000,172,2005,9.3,473,0
3809,Movie 3809,Documentary|Animation,108000000,122,2011,10.0,352,0
3810,Movie 3810,Action,90000000,178,2008,8.1,59,0
3811,Movie 3811,Fantasy|Action|Documentary,150000000,165,1995,8.7,300,0
3812,Movie 3812,Crime,47000000,154,2001,2.1,303,0
3813,Movie 3813,Drama|Documentary,39000000,110,2018,4.5,263,0
3814,Movie 3814,Action|Animation|Sci-Fi,183000000,89,2015,3.5,190,0
3815,Movie 3815,Adventure,53000000,83,1999,7.0,318,0
3816,Movie 3816,Drama,58000000,163,2012,5.1,376,0
3817,Movie 3817,Drama|Documentary|Sci-Fi,126000000,100,1996,4.9,403,0
3818,Movie 3818,Thriller,189000000,102,1998,8.6,115,0
3819,Movie 3819,Action|Adventure,167000000,100,1996,2.3,494,0
3820,Movie 3820,Horror|Sci-Fi|Animation,50000000,134,2017,3.1,176,0
3821,Movie 3821,Horror|Adventure|Thriller,47000000,178,2007,2.1,115,1
3822,Movie 3822,Drama|Action|Children,83000000,128,2009,3.5,9,0
3823,Movie 3823,Adventure,97000000,143,2024,6.0,413,0
3824,Movie 3824,Sci-Fi|Documentary,70000000,126,2009,2.1,53,0
3825,Movie 3825,Fantasy|Documentary|Comedy,189000000,112,2013,4.8,202,0
3826,Movie 3826,Horror,189000000,152,2012,8.9,416,0
3827,Movie 3827,Animation|Thriller,57000000,103,1993,8.2,79,1
3828,Movie 3828,Adventure|Action|Thriller,101000000,155,2002,7.2,293,0
3829,Movie 3829,Animation|Fantasy,135000000,87,1999,3.5,296,0
3830,Movie 3830,Thriller|Action,41000000,118,2010,7.6,319,0
3831,Movie 3831,Adventure|Sci-Fi|Comedy,110000000,146,2004,9.5,149,0
3832,Movie 3832,Comedy|Documentary,23000000,164,2004,8.0,165,0
3833,Movie 3833,Animation|Action,168000000,83,2021,8.1,498,0
3834,Movie 3834,Drama|Fantasy|Children,57000000,84,2021,6.0,114,0
3835,Movie 3835,Children|Drama|Fantasy,156000000,164,1998,6.9,436,1
3836,Movie 3836,Animation|Documentary|Action,45000000,134,1998,5.1,191,0
3837,Movie 3837,Animation,34000000,93,2017,7.0,447,0
3838,Movie 3838,Drama|Action,185000000,104,2016,6.6,24,0
3839,Movie 3839,Horror|Animation|Crime,165000000,89,2007,9.8,317,0
3840,Movie 3840,Fantasy|Adventure|Sci-Fi,127000000,124,2016,4.8,21,0
3841,Movie 3841,Action|Drama|Documentary,59000000,177,1992,4.5,320,0
3842,Movie 3842,Thriller,160000000,178,1997,8.6,202,1
3843,Movie 3843,Horror|Crime,135000000,152,2010,3.3,133,0
3844,Movie 3844,Thriller|Fantasy|Comedy,3000000,125,1990,6.0,15,0
3845,Movie 3845,Crime|Animation|Action,124000000,98,2000,8.5,375,0
3846,Movie 3846,Fantasy|Sci-Fi|Adventure,68000000,174,2020,2.1,379,0
3847,Movie 3847,Thriller,139000000,163,1992,3.3,280,0
3848,Movie 3848,Comedy|Adventure,8000000,123,2015,5.9,160,0
3849,Movie 3849,Horror|Fantasy|Crime,135000000,94,2003,3.3,119,0
3850,Movie 3850,Adventure|Action,88000000,99,1994,6.2,12,0
3851,Movie 3851,Fantasy|Adventure|Horror,172000000,137,2017,6.6,430,1
3852,Movie 3852,Crime|Drama|Fantasy,133000000,152,2022,8.6,134,0
3853,Movie 3853,Children|Fantasy|Comedy,168000000,119,2012,2.8,464,1
3854,Movie 3854,Sci-Fi|Crime|Action,54000000,156,2002,8.6,204,0
3855,Movie 3855,Animation|Drama|Fantasy,90000000,144,2003,4.9,187,0
3856,Movie 3856,Animation|Horror|Crime,112000000,98,2022,4.4,87,0
3857,Movie 3857,Documentary|Crime|Animation,172000000,158,1996,6.4,391,0
3858,Movie 3858,Drama|Thriller,179000000,114,2011,7.8,130,0
3859,Movie 3859,Comedy|Documentary|Drama,167000000,106,2004,7.5,74,0
3860,Movie 3860,Comedy|Adventure,129000000,164,2015,6.9,282,0
3861,Movie 3861,Action|Documentary,43000000,85,2008,5.0,64,0
3862,Movie 3862,Fantasy|Children|Horror,42000000,136,2018,4.7,35,0
3863,Movie 3863,Documentary|Sci-Fi|Comedy,160000000,161,2007,4.3,474,0
3864,Movie 3864,Fantasy|Thriller,90000000,99,2009,2.2,410,0
3865,Movie 3865,Animation|Comedy|Horror,130000000,105,2001,3.6,170,0
3866,Movie 3866,Sci-Fi|Animation|Drama,1000000,143,2024,8.5,188,0
3867,Movie 3867,Animation,135000000,110,2005,4.6,113,1
3868,Movie 3868,Thriller|Horror|Sci-Fi,82000000,87,1992,9.3,205,1
3869,Movie 3869,Thriller,82000000,125,2010,4.6,210,0
3870,Movie 3870,Fantasy|Children|Documentary,166000000,92,1990,2.7,149,0
3871,Movie 3871,Comedy|Fantasy,88000000,148,2003,9.0,381,0
3872,Movie 3872,Animation,127000000,164,1999,7.6,423,0
3873,Movie 3873,Children|Fantasy|Adventure,109000000,112,2012,9.1,427,0
3874,Movie 3874,Drama|Fantasy,88000000,142,2022,6.6,365,0
3875,Movie 3875,Drama,8000000,100,2009,3.7,386,0
3876,Movie 3876,Comedy,186000000,118,2001,7.8,458,1
3877,Movie 3877,Action|Crime|Adventure,147000000,82,2015,7.9,258,1
3878,Movie 3878,Action|Horror,33000000,81,2002,4.1,202,0
3879,Movie 3879,Sci-Fi|Thriller,183000000,138,2021,5.5,65,0
3880,Movie 3880,Crime,59000000,91,2000,8.1,170,0
3881,Movie 3881,Horror|Drama,174000000,170,1998,5.0,317,1
3882,Movie 3882,Comedy,74000000,172,2000,7.2,264,0
3883,Movie 3883,Comedy,92000000,84,2017,9.3,192,0
3884,Movie 3884,Action,5000000,93,1998,6.4,455,1
3885,Movie 3885,Adventure,117000000,159,1993,8.3,380,1
3886,Movie 3886,Action|Documentary|Horror,163000000,87,2013,2.8,253,0
3887,Movie 3887,Sci-Fi|Adventure,25000000,152,2023,2.3,83,0
3888,Movie 3888,Thriller|Sci-Fi|Comedy,135000000,178,2009,4.9,192,0
3889,Movie 3889,Fantasy|Drama,3000000,130,2017,6.6,370,0
3890,Movie 3890,Horror,124000000,113,2009,10.0,26,0
3891,Movie 3891,Adventure|Crime|Animation,14000000,115,1994,6.4,357,0
3892,Movie 3892,Animation,192000000,94,2009,8.7,331,0
3893,Movie 3893,Action,85000000,176,2018,6.8,10,0
3894,Movie 3894,Sci-Fi|Horror,30000000,174,2016,5.2,393,0
3895,Movie 3895,Sci-Fi|Crime|Action,142000000,97,2008,5.5,131,0
3896,Movie 3896,Adventure,188000000,98,2001,6.1,74,0
3897,Movie 3897,Adventure,189000000,151,2014,6.8,11,0
3898,Movie 3898,Horror|Children,133000000,121,1999,9.6,192,0
3899,Movie 3899,Children|Documentary,22000000,150,1992,9.3,400,0
3900,Movie 3900,Documentary|Animation|Sci-Fi,172000000,157,1996,2.9,396,0
3901,Movie 3901,Children|Action|Thriller,133000000,173,2012,2.2,98,0
3902,Movie 3902,Children|Action,60000000,88,2022,3.8,99,0
3903,Movie 3903,Adventure|Sci-Fi,172000000,133,2016,6.9,23,0
3904,Movie 3904,Crime|Comedy,64000000,166,2005,3.8,390,1
3905,Movie 3905,Horror|Action,92000000,163,1992,5.5,477,1
3906,Movie 3906,Animation,1000000,135,2002,7.1,231,0
3907,Movie 3907,Action|Adventure|Drama,59000000,122,2014,7.8,207,0
3908,Movie 3908,Fantasy|Comedy|Sci-Fi,83000000,104,2002,6.8,186,0
3909,Movie 3909,Documentary|Thriller,127000000,89,2023,9.8,432,0
3910,Movie 3910,Fantasy,191000000,173,2012,9.3,185,0
3911,Movie 3911,Comedy|Documentary|Sci-Fi,97000000,82,2011,9.3,261,0
3912,Movie 3912,Animation,76000000,178,2000,7.0,116,0
3913,Movie 3913,Sci-Fi,125000000,170,2017,2.3,362,0
3914,Movie 3914,Sci-Fi|Action,61000000,154,2000,8.6,341,0
3915,Movie 3915,Documentary,1000000,154,2022,7.0,111,0
3916,Movie 3916,Adventure|Thriller|Fantasy,122000000,110,1991,4.8,196,0
3917,Movie 3917,Children|Adventure|Fantasy,195000000,122,1990,3.9,252,0
3918,Movie 3918,Documentary,170000000,113,2020,7.5,88,1
3919,Movie 3919,Fantasy,24000000,89,1995,8.9,480,0
3920,Movie 3920,Adventure|Horror,102000000,123,2001,7.7,443,0
3921,Movie 3921,Children,82000000,107,1997,3.0,149,0
3922,Movie 3922,Documentary|Adventure,37000000,92,2019,2.0,242,0
3923,Movie 3923,Adventure|Animation,190000000,114,2005,8.5,14,0
3924,Movie 3924,Drama|Fantasy,49000000,165,2005,3.3,143,1
3925,Movie 3925,Crime|Animation|Adventure,106000000,124,1992,5.1,43,0
3926,Movie 3926,Horror,178000000,165,2016,5.4,309,1
3927,Movie 3927,Documentary|Thriller|Adventure,6000000,149,1990,4.7,390,0
3928,Movie 3928,Drama,196000000,129,2008,8.4,102,0
3929,Movie 3929,Action|Drama,7000000,83,2006,8.7,254,0
3930,Movie 3930,Animation|Action,54000000,152,2001,3.3,144,0
3931,Movie 3931,Adventure|Documentary|Comedy,190000000,123,1992,3.1,407,0
3932,Movie 3932,Children|Thriller|Horror,124000000,168,2012,3.9,462,0
3933,Movie 3933,Drama,111000000,114,2017,2.4,286,0
3934,Movie 3934,Action|Thriller,89000000,105,2011,4.2,108,1
3935,Movie 3935,Children,152000000,179,2012,2.2,14,1
3936,Movie 3936,Thriller|Documentary,179000000,92,1994,2.2,244,0
3937,Movie 3937,Documentary|Action|Animation,78000000,87,1995,2.8,366,1
3938,Movie 3938,Action|Sci-Fi,76000000,117,2018,8.0,468,1
3939,Movie 3939,Fantasy|Drama|Animation,20000000,123,2008,9.7,263,0
3940,Movie 3940,Drama,16000000,126,1995,8.9,241,0
3941,Movie 3941,Children|Drama|Action,168000000,157,1993,9.1,228,0
3942,Movie 3942,Children,60000000,120,1992,3.8,399,0
3943,Movie 3943,Documentary|Adventure,89000000,146,1994,7.6,111,0
3944,Movie 3944,Drama|Thriller,60000000,108,1990,2.7,52,0
3945,Movie 3945,Thriller,80000000,83,2002,4.9,358,1
3946,Movie 3946,Documentary|Fantasy|Sci-Fi,23000000,147,1990,4.7,346,0
3947,Movie 3947,Drama|Adventure,183000000,179,1991,9.6,217,1
3948,Movie 3948,Documentary,188000000,124,2017,3.5,58,0
3949,Movie 3949,Documentary,70000000,165,1996,2.9,58,0
3950,Movie 3950,Thriller|Fantasy,52000000,120,2007,4.8,14,0
3951,Movie 3951,Documentary,89000000,91,2003,7.6,34,0
3952,Movie 3952,Drama,147000000,101,2016,5.5,280,1
3953,Movie 3953,Sci-Fi,173000000,100,2014,2.2,238,0
3954,Movie 3954,Fantasy|Drama,83000000,155,1998,6.0,25,0
3955,Movie 3955,Animation|Fantasy|Documentary,175000000,106,2008,4.9,251,0
3956,Movie 3956,Fantasy,109000000,179,1997,8.1,437,1
3957,Movie 3957,Action|Adventure|Animation,194000000,95,1994,5.7,487,0
3958,Movie 3958,Adventure|Action,188000000,132,1991,6.3,442,0
3959,Movie 3959,Action|Adventure|Sci-Fi,82000000,119,2016,8.6,395,0
3960,Movie 3960,Comedy|Documentary,80000000,152,2021,4.3,403,0
3961,Movie 3961,Children,143000000,157,1999,2.7,192,1
3962,Movie 3962,Crime|Sci-Fi|Action,127000000,155,1991,9.7,35,0
3963,Movie 3963,Adventure|Action,117000000,131,2003,3.3,138,0
3964,Movie 3964,Thriller|Crime|Animation,33000000,158,2007,9.7,166,0
3965,Movie 3965,Thriller|Fantasy,107000000,113,1991,2.3,39,1
3966,Movie 3966,Crime|Fantasy,97000000,135,1996,2.2,82,0
3967,Movie 3967,Comedy|Crime|Sci-Fi,70000000,100,2001,6.1,73,0
3968,Movie 3968,Sci-Fi|Fantasy|Animation,25000000,151,2015,2.1,386,0
3969,Movie 3969,Documentary|Comedy,192000000,93,2014,3.6,265,0
3970,Movie 3970,Drama|Sci-Fi|Animation,55000000,100,2014,5.7,206,1
3971,Movie 3971,Sci-Fi|Animation,127000000,96,2017,4.5,232,1
3972,Movie 3972,Drama|Adventure,137000000,176,1992,6.2,5,0
3973,Movie 3973,Children|Action|Adventure,168000000,172,1993,4.9,375,1
3974,Movie 3974,Drama|Adventure|Sci-Fi,89000000,164,1995,7.5,351,1
3975,Movie 3975,Animation|Action|Comedy,14000000,82,2023,6.1,100,0
3976,Movie 3976,Comedy,63000000,160,1991,3.0,77,0
3977,Movie 3977,Adventure|Action|Thriller,140000000,106,1991,3.7,124,0
3978,Movie 3978,Fantasy|Sci-Fi|Drama,95000000,139,2007,4.1,417,0
3979,Movie 3979,Sci-Fi|Action,2000000,105,2020,3.6,481,0
3980,Movie 3980,Sci-Fi|Adventure,102000000,109,2003,5.1,360,0
3981,Movie 3981,Horror,5000000,171,1993,5.9,72,0
3982,Movie 3982,Adventure,14000000,149,1999,6.5,44,1
3983,Movie 3983,Adventure|Drama|Action,160000000,106,1990,6.8,439,0
3984,Movie 3984,Fantasy,133000000,173,2022,3.1,165,0
3985,Movie 3985,Fantasy,11000000,124,2006,2.3,395,0
3986,Movie 3986,Thriller|Sci-Fi,16000000,146,2021,4.3,379,0
3987,Movie 3987,Comedy|Thriller,70000000,148,1993,7.5,209,0
3988,Movie 3988,Thriller,83000000,177,2000,3.0,437,0
3989,Movie 3989,Thriller|Children,186000000,124,2012,3.5,38,0
3990,Movie 3990,Documentary,176000000,154,2003,3.4,265,1
3991,Movie 3991,Animation|Horror|Sci-Fi,75000000,148,2005,4.4,77,0
3992,Movie 3992,Animation|Action,147000000,150,1996,6.7,199,1
3993,Movie 3993,Thriller|Adventure|Children,86000000,169,1991,2.8,366,0
3994,Movie 3994,Drama|Sci-Fi|Thriller,74000000,137,2001,4.4,397,1
3995,Movie 3995,Action|Drama|Fantasy,171000000,128,2008,7.3,237,1
3996,Movie 3996,Sci-Fi,26000000,177,2007,7.0,224,0
3997,Movie 3997,Horror,12000000,159,2014,3.6,49,0
3998,Movie 3998,Sci-Fi|Children|Drama,21000000,147,2023,9.5,245,0
3999,Movie 3999,Animation|Children,195000000,107,2002,5.5,275,0
4000,Movie 4000,Comedy,17000000,84,2020,2.3,451,0
4001,Movie 4001,Comedy|Action|Animation,133000000,90,2007,2.3,244,0
4002,Movie 4002,Thriller|Comedy,66000000,117,2010,9.8,463,0
4003,Movie 4003,Sci-Fi|Adventure|Horror,173000000,117,2014,6.9,122,0
4004,Movie 4004,Sci-Fi|Drama|Crime,107000000,139,2008,2.7,152,0
4005,Movie 4005,Fantasy|Thriller|Horror,195000000,147,1996,5.4,446,1
4006,Movie 4006,Drama,189000000,167,2009,3.1,297,0
4007,Movie 4007,Thriller|Sci-Fi,146000000,84,2016,3.4,210,0
4008,Movie 4008,Documentary,46000000,161,2002,2.3,149,0
4009,Movie 4009,Thriller|Documentary|Crime,176000000,158,2005,5.5,17,0
4010,Movie 4010,Sci-Fi|Fantasy|Documentary,124000000,157,1997,6.9,153,0
4011,Movie 4011,Drama|Crime,184000000,128,2008,5.3,173,0
4012,Movie 4012,Action,95000000,118,2012,6.2,91,0
4013,Movie 4013,Comedy|Horror,104000000,99,1997,6.1,115,1
4014,Movie 4014,Animation|Horror|Fantasy,166000000,91,2004,5.8,473,0
4015,Movie 4015,Drama|Documentary|Action,136000000,147,2018,3.7,367,1
4016,Movie 4016,Action,118000000,117,1996,9.4,461,0
4017,Movie 4017,Crime|Fantasy,111000000,154,2011,5.5,428,0
4018,Movie 4018,Horror|Sci-Fi,139000000,161,2002,2.6,406,0
4019,Movie 4019,Children|Adventure|Crime,166000000,149,2001,10.0,58,0
4020,Movie 4020,Drama|Children,168000000,173,2016,5.7,317,0
4021,Movie 4021,Thriller,9000000,167,1991,8.2,61,0
4022,Movie 4022,Fantasy,28000000,168,1997,8.0,267,0
4023,Movie 4023,Sci-Fi|Action,50000000,169,2010,6.8,294,0
4024,Movie 4024,Crime,49000000,117,2013,8.6,97,0
4025,Movie 4025,Action|Children|Sci-Fi,68000000,160,2008,8.4,260,0
4026,Movie 4026,Documentary|Fantasy|Sci-Fi,196000000,126,2005,5.0,205,0
4027,Movie 4027,Animation|Fantasy,103000000,93,1997,7.0,293,0
4028,Movie 4028,Adventure|Children|Crime,133000000,93,1995,2.6,240,0
4029,Movie 4029,Crime|Thriller,177000000,167,2018,7.8,51,1
4030,Movie 4030,Animation,81000000,125,2001,9.6,142,0
4031,Movie 4031,Sci-Fi|Drama|Adventure,182000000,152,1999,6.6,66,0
4032,Movie 4032,Action|Sci-Fi,142000000,132,2014,4.4,386,0
4033,Movie 4033,Adventure|Drama,64000000,159,1991,6.9,229,1
4034,Movie 4034,Children|Crime|Documentary,193000000,105,2010,6.6,334,0
4035,Movie 4035,Crime,18000000,137,2014,7.2,489,0
4036,Movie 4036,Adventure,123000000,143,2024,8.6,317,1
4037,Movie 4037,Comedy|Sci-Fi|Fantasy,165000000,92,2013,7.6,414,0
4038,Movie 4038,Children|Thriller|Fantasy,49000000,150,2024,4.1,172,0
4039,Movie 4039,Children|Adventure,186000000,82,2006,7.9,195,0
4040,Movie 4040,Thriller,24000000,134,1997,9.1,364,1
4041,Movie 4041,Drama,29000000,177,2013,4.7,79,1
4042,Movie 4042,Crime,170000000,160,2018,4.3,52,0
4043,Movie 4043,Drama|Comedy,90000000,143,2014,3.4,347,0
4044,Movie 4044,Comedy|Drama,63000000,94,2008,8.7,1,0
4045,Movie 4045,Crime|Action|Horror,53000000,108,2015,3.2,117,0
4046,Movie 4046,Action|Children|Horror,40000000,109,1990,8.4,401,0
4047,Movie 4047,Action|Adventure|Horror,53000000,177,2014,8.1,54,0
4048,Movie 4048,Drama|Thriller,195000000,95,2000,6.0,147,0
4049,Movie 4049,Crime|Thriller,42000000,166,1997,3.7,140,1
4050,Movie 4050,Action|Sci-Fi|Thriller,125000000,106,2012,9.3,97,0
4051,Movie 4051,Sci-Fi|Action,131000000,134,2019,7.7,116,1
4052,Movie 4052,Documentary,194000000,140,2005,8.7,18,1
4053,Movie 4053,Adventure|Sci-Fi|Drama,194000000,120,2007,8.3,430,0
4054,Movie 4054,Thriller|Adventure|Children,82000000,107,2021,8.8,337,1
4055,Movie 4055,Adventure|Children,122000000,82,2009,6.3,125,0
4056,Movie 4056,Children|Animation,163000000,170,1995,5.0,45,0
4057,Movie 4057,Action|Thriller|Comedy,46000000,139,2012,9.8,12,1
4058,Movie 4058,Horror|Comedy|Fantasy,181000000,109,2020,9.8,92,1
4059,Movie 4059,Comedy,95000000,177,1999,7.6,424,0
4060,Movie 4060,Animation|Comedy,140000000,143,2024,3.2,367,0
4061,Movie 4061,Crime,60000000,164,1994,8.7,225,0
4062,Movie 4062,Animation|Documentary,69000000,113,2006,9.8,248,0
4063,Movie 4063,Thriller,88000000,115,2014,8.9,482,0
4064,Movie 4064,Crime,176000000,151,2008,8.8,473,0
4065,Movie 4065,Documentary|Action,198000000,163,2007,4.9,172,1
4066,Movie 4066,Action|Horror,80000000,148,2001,2.2,166,0
4067,Movie 4067,Action,94000000,176,1993,4.6,306,0
4068,Movie 4068,Crime,159000000,98,1994,2.7,72,0
4069,Movie 4069,Documentary|Thriller|Sci-Fi,128000000,120,2001,8.8,495,0
4070,Movie 4070,Horror|Fantasy,95000000,128,1998,7.7,86,0
4071,Movie 4071,Thriller|Sci-Fi,110000000,89,2003,2.4,88,0
4072,Movie 4072,Animation|Documentary|Drama,29000000,114,1999,4.7,146,0
4073,Movie 4073,Documentary|Drama|Comedy,139000000,178,1993,6.1,86,1
4074,Movie 4074,Comedy|Documentary,88000000,96,2019,2.9,419,1
4075,Movie 4075,Thriller|Adventure,25000000,128,2014,7.9,477,0
4076,Movie 4076,Thriller|Adventure,94000000,96,2015,2.3,312,0
4077,Movie 4077,Crime,196000000,84,2016,2.3,335,0
4078,Movie 4078,Children,97000000,119,2001,9.8,65,0
4079,Movie 4079,Sci-Fi|Drama,118000000,126,2019,6.0,345,0
4080,Movie 4080,Horror|Crime|Comedy,190000000,161,1995,7.7,369,1
4081,Movie 4081,Crime|Action,119000000,116,1993,9.2,160,0
4082,Movie 4082,Action|Documentary|Crime,110000000,162,2011,6.8,253,0
4083,Movie 4083,Action|Animation,78000000,171,2007,8.9,411,0
4084,Movie 4084,Drama,2000000,93,2001,4.9,473,0
4085,Movie 4085,Fantasy|Sci-Fi,76000000,148,2008,8.4,101,0
4086,Movie 4086,Documentary|Action,116000000,131,1994,6.7,5,0
4087,Movie 4087,Crime,25000000,155,2001,4.2,152,0
4088,Movie 4088,Action,69000000,85,2002,6.1,211,0
4089,Movie 4089,Animation,127000000,104,2006,5.1,33,0
4090,Movie 4090,Comedy|Crime|Fantasy,80000000,163,2019,9.9,166,0
4091,Movie 4091,Documentary,57000000,151,1998,9.7,393,0
4092,Movie 4092,Fantasy|Thriller|Crime,139000000,90,2020,8.2,247,0
4093,Movie 4093,Animation|Children|Horror,43000000,136,1992,6.9,171,0
4094,Movie 4094,Horror,101000000,114,2004,2.4,438,0
4095,Movie 4095,Children|Comedy|Sci-Fi,94000000,107,2017,4.8,247,0
4096,Movie 4096,Fantasy|Crime,153000000,81,1991,3.4,306,0
4097,Movie 4097,Sci-Fi|Comedy|Fantasy,47000000,112,1992,7.8,114,0
4098,Movie 4098,Documentary,179000000,104,2015,2.4,180,0
4099,Movie 4099,Fantasy|Horror|Crime,113000000,166,2002,6.7,368,0
4100,Movie 4100,Animation|Crime|Thriller,66000000,158,1995,8.0,183,1
4101,Movie 4101,Children,154000000,82,2005,3.4,260,0
4102,Movie 4102,Crime|Sci-Fi|Children,198000000,168,1994,6.5,463,0
4103,Movie 4103,Animation|Thriller,24000000,154,2014,5.9,10,0
4104,Movie 4104,Sci-Fi|Action,23000000,112,2014,4.9,109,1
4105,Movie 4105,Animation,145000000,135,2017,7.0,295,1
4106,Movie 4106,Fantasy|Animation|Horror,78000000,99,2003,7.8,304,0
4107,Movie 4107,Fantasy,55000000,98,2018,6.2,490,0
4108,Movie 4108,Comedy|Fantasy|Documentary,132000000,101,1996,3.8,190,0
4109,Movie 4109,Drama,51000000,141,2019,6.2,182,0
4110,Movie 4110,Horror|Thriller,161000000,89,2021,5.8,394,1
4111,Movie 4111,Action,187000000,178,2024,9.5,152,0
4112,Movie 4112,Crime|Children|Animation,71000000,136,1994,6.9,419,1
4113,Movie 4113,Comedy|Documentary,128000000,169,2023,8.2,321,0
4114,Movie 4114,Animation|Horror|Children,162000000,133,1996,4.8,338,0
4115,Movie 4115,Drama|Children,123000000,124,2019,5.2,322,0
4116,Movie 4116,Drama|Fantasy,177000000,114,2015,6.1,356,0
4117,Movie 4117,Horror,24000000,100,1995,8.8,237,0
4118,Movie 4118,Children|Sci-Fi,166000000,136,1998,7.5,175,1
4119,Movie 4119,Sci-Fi,55000000,118,1990,8.4,294,0
4120,Movie 4120,Action,134000000,128,2004,8.6,274,0
4121,Movie 4121,Adventure|Documentary|Action,92000000,131,2007,7.4,359,0
4122,Movie 4122,Sci-Fi,177000000,109,2005,9.8,64,0
4123,Movie 4123,Thriller,57000000,149,1993,7.3,15,0
4124,Movie 4124,Fantasy,174000000,146,2014,2.0,496,1
4125,Movie 4125,Animation|Crime,178000000,103,2016,4.2,270,0
4126,Movie 4126,Comedy,83000000,145,2023,9.9,260,1
4127,Movie 4127,Action|Sci-Fi,138000000,112,2015,2.2,385,1
4128,Movie 4128,Action,24000000,126,2001,9.0,108,0
4129,Movie 4129,Sci-Fi|Drama,105000000,133,2013,4.2,324,0
4130,Movie 4130,Sci-Fi|Children,39000000,128,1994,6.5,350,0
4131,Movie 4131,Horror|Animation,63000000,163,1995,9.0,145,1
4132,Movie 4132,Children,50000000,139,2021,5.5,345,0
4133,Movie 4133,Children|Animation,102000000,106,2012,9.0,264,0
4134,Movie 4134,Adventure|Drama|Horror,180000000,92,2016,4.9,200,0
4135,Movie 4135,Comedy,109000000,84,2019,9.5,97,1
4136,Movie 4136,Sci-Fi|Action|Thriller,184000000,89,1999,4.2,137,0
4137,Movie 4137,Crime|Horror|Documentary,196000000,160,2011,3.7,196,0
4138,Movie 4138,Documentary|Comedy,2000000,147,2009,5.7,41,0
4139,Movie 4139,Thriller,57000000,144,2023,5.1,250,0
4140,Movie 4140,Comedy|Adventure,156000000,93,2006,5.2,133,0
4141,Movie 4141,Comedy|Documentary,163000000,153,1997,5.8,76,0
4142,Movie 4142,Fantasy|Drama|Horror,95000000,168,2019,2.5,309,0
4143,Movie 4143,Thriller|Action|Horror,12000000,152,2003,4.6,384,0
4144,Movie 4144,Sci-Fi,16000000,108,2002,5.3,41,0
4145,Movie 4145,Fantasy|Animation,32000000,112,1995,8.1,414,0
4146,Movie 4146,Children|Action,32000000,148,1993,8.8,470,1
4147,Movie 4147,Drama|Comedy|Horror,168000000,150,1996,9.6,190,0
4148,Movie 4148,Sci-Fi|Action,65000000,99,2022,8.6,107,0
4149,Movie 4149,Adventure|Horror,100000000,148,1995,6.5,367,0
4150,Movie 4150,Comedy|Sci-Fi|Thriller,180000000,154,2000,2.6,253,0
4151,Movie 4151,Thriller,177000000,170,2014,3.1,393,0
4152,Movie 4152,Thriller|Horror,99000000,152,2007,7.1,215,0
4153,Movie 4153,Drama,79000000,158,1999,8.9,53,0
4154,Movie 4154,Thriller|Action|Fantasy,187000000,85,1997,5.5,373,0
4155,Movie 4155,Thriller|Crime|Animation,120000000,167,1998,8.2,265,0
4156,Movie 4156,Sci-Fi|Documentary|Horror,196000000,150,2002,3.9,151,0
4157,Movie 4157,Animation|Fantasy,183000000,89,1994,8.5,420,0
4158,Movie 4158,Horror|Sci-Fi|Fantasy,17000000,93,2011,2.5,10,0
4159,Movie 4159,Drama|Horror|Comedy,81000000,121,1992,4.4,413,0
4160,Movie 4160,Comedy|Sci-Fi,90000000,142,2008,8.8,459,0
4161,Movie 4161,Animation,167000000,165,2003,8.9,400,0
4162,Movie 4162,Action,155000000,164,2007,8.9,116,1
4163,Movie 4163,Horror|Action|Crime,131000000,155,1995,8.7,230,1
4164,Movie 4164,Thriller,147000000,106,2002,8.7,76,0
4165,Movie 4165,Documentary|Horror,23000000,111,1991,8.3,293,0
4166,Movie 4166,Animation|Documentary|Adventure,73000000,104,2012,4.0,465,1
4167,Movie 4167,Comedy|Children,32000000,116,1997,9.5,86,0
4168,Movie 4168,Adventure|Animation|Action,175000000,148,2000,8.1,5,0
4169,Movie 4169,Documentary|Crime|Adventure,198000000,119,1993,4.3,11,0
4170,Movie 4170,Children,178000000,114,2006,4.2,109,1
4171,Movie 4171,Fantasy|Documentary|Crime,125000000,83,2002,8.6,131,0
4172,Movie 4172,Animation|Drama|Action,28000000,165,2020,4.1,84,0
4173,Movie 4173,Fantasy|Horror,192000000,175,2017,4.2,358,1
4174,Movie 4174,Thriller|Children,155000000,123,1993,4.3,21,0
4175,Movie 4175,Sci-Fi|Adventure,37000000,157,2001,3.8,424,0
4176,Movie 4176,Adventure|Horror,130000000,89,2023,3.3,434,0
4177,Movie 4177,Sci-Fi,159000000,83,1993,8.8,266,0
4178,Movie 4178,Action|Crime,108000000,162,2004,7.0,147,0
4179,Movie 4179,Horror|Sci-Fi,186000000,160,1993,4.8,14,1
4180,Movie 4180,Children|Action|Animation,49000000,164,1999,7.4,455,0
4181,Movie 4181,Drama|Thriller|Children,167000000,176,2018,7.5,445,0
4182,Movie 4182,Crime|Children|Thriller,172000000,112,2006,5.6,86,0
4183,Movie 4183,Documentary|Adventure,27000000,83,2013,6.6,52,0
4184,Movie 4184,Documentary|Comedy|Horror,52000000,162,1994,8.5,267,1
4185,Movie 4185,Thriller|Adventure|Sci-Fi,80000000,150,2006,2.1,240,0
4186,Movie 4186,Horror|Crime|Drama,64000000,142,2008,2.5,134,0
4187,Movie 4187,Action,102000000,153,2019,2.0,213,0
4188,Movie 4188,Sci-Fi|Children,39000000,163,2019,5.3,184,1
4189,Movie 4189,Adventure,77000000,99,2018,6.4,184,0
4190,Movie 4190,Fantasy|Comedy,187000000,97,2017,4.8,62,0
4191,Movie 4191,Horror|Fantasy|Documentary,157000000,111,2004,9.4,181,0
4192,Movie 4192,Sci-Fi|Horror,117000000,88,1995,4.4,219,0
4193,Movie 4193,Drama,197000000,148,2016,3.4,117,1
4194,Movie 4194,Fantasy,114000000,173,2010,9.4,484,0
4195,Movie 4195,Drama|Children,3000000,149,2020,8.8,285,0
4196,Movie 4196,Fantasy|Drama,101000000,113,2019,8.7,206,0
4197,Movie 4197,Adventure|Crime|Fantasy,2000000,154,2013,9.0,164,0
4198,Movie 4198,Sci-Fi|Horror,32000000,131,2014,7.2,157,0
4199,Movie 4199,Drama|Adventure,80000000,141,2007,9.5,361,1
4200,Movie 4200,Action|Documentary,145000000,126,1997,3.3,62,0
4201,Movie 4201,Adventure|Drama|Fantasy,130000000,142,2011,7.1,228,0
4202,Movie 4202,Documentary|Sci-Fi,40000000,102,2019,3.4,204,0
4203,Movie 4203,Crime|Thriller,159000000,83,2013,7.1,354,1
4204,Movie 4204,Crime|Drama,16000000,101,2001,6.4,150,0
4205,Movie 4205,Action,6000000,146,1992,7.2,9,1
4206,Movie 4206,Documentary|Fantasy|Action,9000000,100,2001,7.8,456,0
4207,Movie 4207,Documentary,25000000,156,1997,7.6,321,1
4208,Movie 4208,Crime|Fantasy,13000000,84,2005,2.7,255,0
4209,Movie 4209,Animation|Sci-Fi,129000000,106,2023,9.3,346,0
4210,Movie 4210,Documentary,89000000,108,2018,9.6,461,0
4211,Movie 4211,Animation|Action|Documentary,70000000,161,2014,4.9,209,0
4212,Movie 4212,Children,84000000,107,1992,4.8,419,0
4213,Movie 4213,Animation|Children,49000000,105,2011,7.4,374,0
4214,Movie 4214,Horror|Adventure|Sci-Fi,146000000,133,2002,4.8,278,0
4215,Movie 4215,Fantasy|Action|Adventure,64000000,106,2008,7.6,461,0
4216,Movie 4216,Crime,38000000,84,2016,7.6,387,0
4217,Movie 4217,Crime,31000000,125,1997,7.6,471,1
4218,Movie 4218,Sci-Fi,72000000,177,2017,4.9,362,0
4219,Movie 4219,Documentary|Drama,181000000,174,1995,6.5,464,1
4220,Movie 4220,Fantasy|Sci-Fi,88000000,123,2024,9.0,396,0
4221,Movie 4221,Sci-Fi|Action|Animation,104000000,135,1997,6.3,73,0
4222,Movie 4222,Action,6000000,170,2022,8.2,149,0
4223,Movie 4223,Crime,135000000,149,2020,9.0,111,0
4224,Movie 4224,Sci-Fi,35000000,174,2014,9.1,242,0
4225,Movie 4225,Animation|Comedy|Thriller,27000000,83,2002,3.3,418,0
4226,Movie 4226,Comedy,69000000,177,2023,7.0,7,0
4227,Movie 4227,Thriller|Sci-Fi|Crime,65000000,125,2009,8.3,165,0
4228,Movie 4228,Crime|Horror,126000000,158,2009,9.3,58,0
4229,Movie 4229,Comedy|Adventure,2000000,118,2012,7.6,100,0
4230,Movie 4230,Drama|Comedy|Sci-Fi,172000000,170,2001,2.7,82,0
4231,Movie 4231,Fantasy|Horror,16000000,165,2024,9.2,430,0
4232,Movie 4232,Children,87000000,160,2022,2.9,407,1
4233,Movie 4233,Animation|Horror,65000000,90,2022,6.4,148,0
4234,Movie 4234,Thriller|Crime,30000000,118,2002,3.4,293,0
4235,Movie 4235,Sci-Fi,129000000,97,1993,2.5,444,0
4236,Movie 4236,Documentary|Adventure,138000000,141,2008,2.6,297,1
4237,Movie 4237,Fantasy|Drama|Sci-Fi,53000000,137,2024,9.1,124,0
4238,Movie 4238,Drama,138000000,143,2003,3.6,128,0
4239,Movie 4239,Children,175000000,160,2021,3.4,79,0
4240,Movie 4240,Sci-Fi|Thriller|Children,148000000,175,1994,3.0,65,0
4241,Movie 4241,Horror|Drama,147000000,157,2014,6.8,239,1
4242,Movie 4242,Children|Action|Animation,21000000,97,2000,9.9,81,0
4243,Movie 4243,Animation|Fantasy,67000000,150,2010,8.7,45,1
4244,Movie 4244,Horror,125000000,149,2006,2.2,92,0
4245,Movie 4245,Fantasy|Animation|Comedy,61000000,137,2024,4.9,486,0
4246,Movie 4246,Children,143000000,135,2003,7.9,439,0
4247,Movie 4247,Comedy|Action|Crime,148000000,82,1998,2.1,420,0
4248,Movie 4248,Children,43000000,132,2001,9.8,251,0
4249,Movie 4249,Documentary|Comedy|Children,190000000,123,2005,5.3,447,0
4250,Movie 4250,Drama|Animation,94000000,160,2024,2.8,300,0
4251,Movie 4251,Horror,123000000,86,2003,5.6,336,1
4252,Movie 4252,Adventure|Crime,187000000,106,2011,9.2,401,0
4253,Movie 4253,Comedy|Thriller,39000000,167,1997,8.1,464,0
4254,Movie 4254,Documentary,41000000,129,2010,8.2,497,0
4255,Movie 4255,Sci-Fi,59000000,126,1998,4.9,433,0
4256,Movie 4256,Adventure,180000000,164,2016,7.2,149,0
4257,Movie 4257,Children|Fantasy,148000000,107,1997,6.6,89,0
4258,Movie 4258,Action,12000000,82,2018,6.6,416,1
4259,Movie 4259,Thriller|Drama|Comedy,190000000,131,2014,9.1,23,0
4260,Movie 4260,Children|Drama|Thriller,102000000,87,2017,8.7,360,0
4261,Movie 4261,Sci-Fi|Action,170000000,81,2013,8.1,141,0
4262,Movie 4262,Crime,41000000,96,2022,2.0,172,0
4263,Movie 4263,Sci-Fi,71000000,167,2016,3.2,444,0
4264,Movie 4264,Thriller|Fantasy,21000000,93,2004,5.0,130,0
4265,Movie 4265,Crime|Drama,31000000,132,2008,2.2,223,0
4266,Movie 4266,Comedy,92000000,121,1997,8.8,191,1
4267,Movie 4267,Children|Fantasy,77000000,118,1998,8.6,323,1
4268,Movie 4268,Horror|Fantasy,163000000,113,1996,4.5,124,1
4269,Movie 4269,Fantasy,41000000,164,1991,3.0,136,0
4270,Movie 4270,Comedy|Children|Drama,73000000,129,2009,2.1,174,1
4271,Movie 4271,Thriller,119000000,81,2009,4.0,399,0
4272,Movie 4272,Documentary|Action,173000000,164,2022,6.5,375,0
4273,Movie 4273,Sci-Fi|Horror|Fantasy,186000000,124,2009,2.0,486,0
4274,Movie 4274,Sci-Fi|Drama|Crime,48000000,94,2007,7.6,53,0
4275,Movie 4275,Drama|Thriller|Horror,181000000,106,2015,5.4,22,0
4276,Movie 4276,Horror,5000000,80,1994,3.0,176,0
4277,Movie 4277,Sci-Fi,151000000,101,1993,7.0,348,0
4278,Movie 4278,Horror,91000000,127,2018,8.8,157,0
4279,Movie 4279,Horror|Sci-Fi|Drama,73000000,89,2005,5.7,372,0
4280,Movie 4280,Drama|Adventure|Children,34000000,140,2023,8.1,284,0
4281,Movie 4281,Action,20000000,122,1991,5.8,242,0
4282,Movie 4282,Crime,94000000,173,1998,3.8,315,0
4283,Movie 4283,Sci-Fi|Horror|Fantasy,10000000,146,2014,8.8,201,0
4284,Movie 4284,Thriller|Animation,19000000,126,2016,5.5,200,0
4285,Movie 4285,Children|Adventure,21000000,170,2023,7.3,477,0
4286,Movie 4286,Comedy|Documentary|Thriller,177000000,122,2018,3.4,499,0
4287,Movie 4287,Children|Crime,81000000,98,2019,4.8,224,0
4288,Movie 4288,Crime|Fantasy,140000000,133,2008,5.5,54,0
4289,Movie 4289,Adventure,101000000,142,1991,6.3,145,0
4290,Movie 4290,Comedy|Animation,86000000,81,2006,7.6,75,0
4291,Movie 4291,Thriller,172000000,152,1990,6.6,357,0
4292,Movie 4292,Horror|Crime|Adventure,93000000,116,2014,5.6,211,0
4293,Movie 4293,Thriller|Adventure,120000000,100,1993,9.4,290,1
4294,Movie 4294,Comedy|Horror|Adventure,168000000,124,2016,9.3,120,1
4295,Movie 4295,Drama|Horror,93000000,93,2002,8.4,387,0
4296,Movie 4296,Crime|Children,77000000,91,2019,9.8,214,0
4297,Movie 4297,Comedy,99000000,158,1992,6.4,15,0
4298,Movie 4298,Children|Documentary|Thriller,156000000,96,2010,3.5,263,0
4299,Movie 4299,Children,70000000,144,2007,7.7,431,0
4300,Movie 4300,Children|Crime|Horror,154000000,162,2004,3.9,372,0
4301,Movie 4301,Crime|Drama|Thriller,51000000,137,1997,9.9,151,0
4302,Movie 4302,Crime,76000000,109,2000,3.1,321,1
4303,Movie 4303,Fantasy|Comedy|Thriller,64000000,161,2008,8.2,137,1
4304,Movie 4304,Fantasy,126000000,140,2002,6.7,104,0
4305,Movie 4305,Children|Sci-Fi|Documentary,91000000,109,1994,5.7,115,1
4306,Movie 4306,Documentary|Drama|Sci-Fi,112000000,118,2021,5.0,77,0
4307,Movie 4307,Adventure|Sci-Fi,183000000,103,2015,3.1,160,1
4308,Movie 4308,Horror,60000000,147,2002,7.8,163,0
4309,Movie 4309,Horror|Action|Children,146000000,152,2016,8.2,482,1
4310,Movie 4310,Sci-Fi,23000000,172,2019,5.2,6,1
4311,Movie 4311,Fantasy,74000000,96,2005,2.8,326,0
4312,Movie 4312,Crime|Fantasy|Thriller,81000000,169,2013,8.2,151,0
4313,Movie 4313,Horror|Fantasy,28000000,160,2004,6.5,404,1
4314,Movie 4314,Sci-Fi|Adventure|Horror,88000000,115,2002,6.4,232,0
4315,Movie 4315,Action|Thriller|Horror,117000000,111,1998,3.4,131,0
4316,Movie 4316,Documentary|Fantasy|Adventure,96000000,152,2018,8.7,80,1
4317,Movie 4317,Action|Fantasy,45000000,97,1999,9.1,448,0
4318,Movie 4318,Drama|Adventure,8000000,123,1991,8.6,57,1
4319,Movie 4319,Adventure|Thriller,164000000,86,2018,6.4,443,0
4320,Movie 4320,Drama,177000000,89,2023,5.9,353,0
4321,Movie 4321,Animation|Sci-Fi,106000000,116,1999,6.4,231,0
4322,Movie 4322,Children|Thriller,112000000,102,2006,2.6,336,0
4323,Movie 4323,Action,185000000,116,1996,4.2,457,1
4324,Movie 4324,Horror,76000000,93,2007,5.7,8,0
4325,Movie 4325,Crime|Thriller|Fantasy,175000000,136,2005,8.4,352,0
4326,Movie 4326,Animation|Action,89000000,130,1999,3.7,148,0
4327,Movie 4327,Crime|Sci-Fi,72000000,141,1997,3.9,31,0
4328,Movie 4328,Sci-Fi|Action|Drama,163000000,170,2018,3.6,446,0
4329,Movie 4329,Fantasy|Drama,122000000,130,2001,3.0,231,0
4330,Movie 4330,Sci-Fi,151000000,173,2004,4.9,366,0
4331,Movie 4331,Horror,7000000,178,2008,6.2,368,0
4332,Movie 4332,Fantasy|Drama,146000000,176,1999,6.1,211,0
4333,Movie 4333,Sci-Fi,73000000,106,2016,3.4,195,0
4334,Movie 4334,Crime|Fantasy,65000000,134,1992,7.6,474,0
4335,Movie 4335,Sci-Fi|Children,15000000,108,2007,4.1,73,0
4336,Movie 4336,Comedy|Thriller|Adventure,140000000,163,2018,7.9,20,0
4337,Movie 4337,Horror,54000000,152,2020,9.1,270,0
4338,Movie 4338,Fantasy|Action|Drama,162000000,126,2019,8.0,178,0
4339,Movie 4339,Adventure|Children,48000000,127,2013,4.2,237,0
4340,Movie 4340,Action|Drama|Adventure,70000000,144,1996,7.3,450,0
4341,Movie 4341,Drama|Documentary,82000000,97,2024,2.3,430,0
4342,Movie 4342,Action|Documentary,9000000,128,2003,9.2,293,0
4343,Movie 4343,Sci-Fi|Thriller,65000000,89,2006,7.3,207,0
4344,Movie 4344,Documentary|Sci-Fi,50000000,109,1992,4.2,169,0
4345,Movie 4345,Fantasy|Horror|Comedy,159000000,85,1994,9.5,261,0
4346,Movie 4346,Action,96000000,99,1998,3.6,483,0
4347,Movie 4347,Animation|Sci-Fi|Fantasy,192000000,168,2018,2.9,176,0
4348,Movie 4348,Children|Fantasy,129000000,98,1995,8.2,353,0
4349,Movie 4349,Adventure|Documentary|Drama,30000000,144,2005,7.9,333,0
4350,Movie 4350,Crime|Fantasy,191000000,112,2024,7.8,376,1
4351,Movie 4351,Adventure|Documentary,12000000,87,2011,3.3,273,0
4352,Movie 4352,Adventure|Animation|Fantasy,147000000,105,2023,7.4,164,0
4353,Movie 4353,Adventure|Fantasy|Sci-Fi,184000000,108,2011,7.3,129,0
4354,Movie 4354,Adventure|Crime|Documentary,102000000,100,1992,6.5,488,0
4355,Movie 4355,Horror|Sci-Fi|Children,129000000,102,2001,2.5,229,1
4356,Movie 4356,Animation|Adventure,27000000,131,2023,6.8,85,0
4357,Movie 4357,Crime|Thriller|Children,120000000,154,2002,5.7,278,0
4358,Movie 4358,Thriller|Children,11000000,103,2004,9.4,50,0
4359,Movie 4359,Horror|Action|Crime,29000000,160,2017,3.8,350,0
4360,Movie 4360,Documentary|Action|Animation,10000000,95,1995,7.9,450,0
4361,Movie 4361,Action,178000000,150,2008,3.1,49,0
4362,Movie 4362,Animation,154000000,119,2018,4.3,312,0
4363,Movie 4363,Documentary|Comedy|Drama,82000000,174,1998,9.8,352,0
4364,Movie 4364,Thriller|Sci-Fi|Adventure,37000000,95,2022,8.7,211,0
4365,Movie 4365,Thriller|Comedy,2000000,127,2018,3.5,58,0
4366,Movie 4366,Horror,137000000,112,2020,4.3,251,1
4367,Movie 4367,Thriller|Fantasy|Children,116000000,163,1990,8.5,159,0
4368,Movie 4368,Drama,9000000,114,2001,6.0,409,0
4369,Movie 4369,Children,190000000,150,1994,8.1,470,0
4370,Movie 4370,Documentary,80000000,108,1997,6.3,133,1
4371,Movie 4371,Drama|Fantasy|Action,139000000,179,1993,5.5,425,0
4372,Movie 4372,Action|Thriller|Sci-Fi,64000000,122,2008,7.3,376,0
4373,Movie 4373,Thriller,104000000,142,2003,2.9,20,0
4374,Movie 4374,Thriller,169000000,134,2015,9.3,202,0
4375,Movie 4375,Thriller,35000000,173,1998,8.9,2,0
4376,Movie 4376,Thriller|Children,95000000,107,2001,7.1,15,0
4377,Movie 4377,Children,128000000,152,1995,4.4,197,0
4378,Movie 4378,Crime,43000000,86,2002,3.0,320,0
4379,Movie 4379,Animation|Drama|Fantasy,186000000,172,2017,2.2,278,0
4380,Movie 4380,Drama|Comedy|Animation,29000000,85,2023,5.7,228,0
4381,Movie 4381,Comedy|Children,23000000,91,1994,5.8,305,0
4382,Movie 4382,Fantasy|Thriller,162000000,89,2000,3.6,390,0
4383,Movie 4383,Sci-Fi|Animation|Documentary,111000000,124,2013,3.7,33,1
4384,Movie 4384,Sci-Fi,110000000,111,1998,2.2,318,0
4385,Movie 4385,Children|Documentary,51000000,133,2007,2.7,72,0
4386,Movie 4386,Action,52000000,82,1992,5.1,455,0
4387,Movie 4387,Sci-Fi|Thriller|Fantasy,48000000,87,2007,8.6,385,1
4388,Movie 4388,Comedy|Thriller|Horror,81000000,99,2002,3.9,165,0
4389,Movie 4389,Horror|Adventure|Drama,199000000,127,2006,2.6,495,0
4390,Movie 4390,Horror|Comedy|Action,49000000,100,2002,5.1,158,0
4391,Movie 4391,Sci-Fi|Documentary,29000000,119,2006,2.1,203,0
4392,Movie 4392,Crime|Sci-Fi|Action,45000000,123,2012,7.0,386,0
4393,Movie 4393,Action|Comedy,42000000,125,2005,3.8,462,0
4394,Movie 4394,Action,192000000,123,2012,3.1,363,1
4395,Movie 4395,Drama,80000000,131,1995,3.1,70,0
4396,Movie 4396,Animation|Crime|Children,86000000,139,2005,9.4,294,0
4397,Movie 4397,Comedy|Adventure,170000000,143,1998,3.0,361,0
4398,Movie 4398,Children,94000000,87,2005,6.9,159,0
4399,Movie 4399,Documentary,185000000,101,2009,5.5,419,0
4400,Movie 4400,Action|Sci-Fi|Children,49000000,132,1994,8.5,170,1
4401,Movie 4401,Documentary|Adventure|Animation,191000000,164,2012,5.9,191,0
4402,Movie 4402,Adventure,148000000,95,2001,5.8,83,0
4403,Movie 4403,Animation,167000000,143,1999,2.1,58,0
4404,Movie 4404,Horror|Crime|Comedy,106000000,110,2003,4.9,202,0
4405,Movie 4405,Sci-Fi|Horror,168000000,154,2005,7.9,456,0
4406,Movie 4406,Comedy|Children|Sci-Fi,41000000,168,2011,4.0,324,1
4407,Movie 4407,Horror|Children|Crime,1000000,171,2000,2.9,345,0
4408,Movie 4408,Crime|Thriller|Fantasy,6000000,146,2019,2.3,217,0
4409,Movie 4409,Comedy|Drama|Fantasy,141000000,133,2021,9.2,214,0
4410,Movie 4410,Animation|Documentary|Adventure,154000000,156,2017,2.3,204,0
4411,Movie 4411,Crime|Thriller|Children,174000000,91,2010,9.7,404,0
4412,Movie 4412,Fantasy|Crime|Horror,150000000,160,1999,2.5,190,0
4413,Movie 4413,Children|Fantasy|Animation,36000000,110,1998,8.1,208,0
4414,Movie 4414,Documentary,185000000,113,2009,6.6,23,0
4415,Movie 4415,Horror,199000000,169,2016,4.9,149,0
4416,Movie 4416,Thriller|Adventure|Children,182000000,115,2011,8.5,143,0
4417,Movie 4417,Thriller|Adventure|Horror,198000000,133,1993,2.1,344,1
4418,Movie 4418,Adventure|Children|Drama,18000000,179,2019,3.8,119,1
4419,Movie 4419,Sci-Fi|Animation,77000000,172,2011,4.3,285,0
4420,Movie 4420,Horror|Comedy,176000000,112,2012,6.9,200,0
4421,Movie 4421,Action|Horror,116000000,164,2007,4.7,105,0
4422,Movie 4422,Adventure,12000000,157,2021,6.3,394,0
4423,Movie 4423,Animation|Crime,66000000,139,2018,8.6,256,1
4424,Movie 4424,Action,12000000,97,2022,5.5,378,0
4425,Movie 4425,Drama,78000000,117,2001,2.9,77,1
4426,Movie 4426,Documentary|Sci-Fi,157000000,152,2018,2.2,294,0
4427,Movie 4427,Horror,52000000,154,1992,5.5,256,0
4428,Movie 4428,Drama,112000000,134,1994,8.3,25,0
4429,Movie 4429,Sci-Fi,110000000,120,2015,7.5,303,0
4430,Movie 4430,Animation|Horror,183000000,134,2019,3.4,209,0
4431,Movie 4431,Drama,100000000,143,1990,7.2,176,1
4432,Movie 4432,Action|Comedy,148000000,131,1992,5.6,212,0
4433,Movie 4433,Children,155000000,100,2014,8.0,471,0
4434,Movie 4434,Adventure|Drama,67000000,107,2011,4.0,429,1
4435,Movie 4435,Crime|Horror|Fantasy,141000000,178,1995,3.0,344,1
4436,Movie 4436,Fantasy,71000000,146,2016,5.6,406,1
4437,Movie 4437,Comedy,88000000,106,2023,6.6,209,1
4438,Movie 4438,Sci-Fi,178000000,164,2024,3.9,79,1
4439,Movie 4439,Documentary|Sci-Fi|Adventure,91000000,96,2005,5.0,479,1
4440,Movie 4440,Children|Drama,149000000,128,2002,6.7,333,0
4441,Movie 4441,Fantasy,72000000,103,2014,8.4,147,1
4442,Movie 4442,Action|Thriller,61000000,90,1998,7.7,20,0
4443,Movie 4443,Fantasy|Sci-Fi|Documentary,137000000,124,2003,7.3,202,1
4444,Movie 4444,Adventure,187000000,82,2021,2.2,35,0
4445,Movie 4445,Fantasy|Thriller,154000000,142,1998,9.9,242,1
4446,Movie 4446,Sci-Fi,186000000,152,2019,7.7,425,0
4447,Movie 4447,Horror,76000000,93,2014,2.8,35,0
4448,Movie 4448,Children|Crime|Drama,10000000,144,1993,8.0,76,0
4449,Movie 4449,Documentary,40000000,89,2005,4.9,379,0
4450,Movie 4450,Documentary|Thriller|Fantasy,58000000,125,2018,2.3,50,0
4451,Movie 4451,Horror|Comedy,63000000,151,2011,3.3,304,0
4452,Movie 4452,Animation|Horror|Documentary,158000000,136,1994,6.4,168,0
4453,Movie 4453,Thriller|Drama|Fantasy,18000000,176,2008,4.3,193,1
4454,Movie 4454,Thriller|Action,52000000,103,2007,3.3,339,0
4455,Movie 4455,Adventure|Animation|Action,150000000,109,2006,7.9,199,0
4456,Movie 4456,Drama|Action|Sci-Fi,70000000,81,2006,8.7,231,0
4457,Movie 4457,Thriller|Adventure,68000000,111,2016,7.7,216,0
4458,Movie 4458,Thriller|Children,57000000,127,2001,9.9,427,0
4459,Movie 4459,Action,174000000,121,2023,2.1,42,0
4460,Movie 4460,Drama|Action,123000000,154,2014,6.1,15,1
4461,Movie 4461,Children|Horror|Crime,100000000,171,2011,3.8,76,1
4462,Movie 4462,Thriller|Crime,198000000,137,2006,5.5,294,0
4463,Movie 4463,Adventure,188000000,157,2005,2.8,480,0
4464,Movie 4464,Animation,189000000,93,1993,5.2,146,1
4465,Movie 4465,Adventure|Animation|Thriller,146000000,97,2015,9.6,391,1
4466,Movie 4466,Comedy,109000000,164,2005,8.9,84,1
4467,Movie 4467,Animation,66000000,152,1996,6.8,260,0
4468,Movie 4468,Action|Children|Comedy,178000000,139,2017,9.9,150,0
4469,Movie 4469,Sci-Fi,176000000,126,2005,5.8,201,1
4470,Movie 4470,Children|Thriller,125000000,97,1999,3.0,423,0
4471,Movie 4471,Children|Action,132000000,103,2015,2.3,41,0
4472,Movie 4472,Thriller|Documentary,29000000,117,2004,2.8,204,0
4473,Movie 4473,Animation,160000000,127,2001,7.2,227,0
4474,Movie 4474,Adventure|Drama|Thriller,190000000,158,2008,9.9,473,0
4475,Movie 4475,Sci-Fi|Crime,86000000,163,2001,8.4,27,0
4476,Movie 4476,Animation,43000000,165,2011,7.7,88,0
4477,Movie 4477,Thriller|Action,118000000,94,1990,9.7,289,0
4478,Movie 4478,Action|Horror,19000000,98,2004,4.8,499,0
4479,Movie 4479,Drama,37000000,102,2007,7.3,384,0
4480,Movie 4480,Adventure|Horror|Drama,21000000,142,2000,7.6,479,0
4481,Movie 4481,Sci-Fi|Fantasy,175000000,145,1991,3.0,323,0
4482,Movie 4482,Thriller|Crime,94000000,157,1991,2.6,317,0
4483,Movie 4483,Crime|Thriller,45000000,122,2005,7.1,208,0
4484,Movie 4484,Fantasy|Comedy|Children,56000000,165,2005,7.4,416,1
4485,Movie 4485,Children|Thriller,165000000,165,2022,4.8,10,0
4486,Movie 4486,Animation|Documentary|Comedy,74000000,101,2009,6.6,222,1
4487,Movie 4487,Children|Comedy,147000000,159,2000,9.3,317,0
4488,Movie 4488,Documentary|Thriller,54000000,129,1996,6.1,432,0
4489,Movie 4489,Sci-Fi|Comedy|Horror,103000000,88,1997,6.7,226,1
4490,Movie 4490,Thriller,40000000,154,2002,3.2,147,0
4491,Movie 4491,Adventure|Crime,104000000,168,1997,8.4,246,0
4492,Movie 4492,Horror|Sci-Fi|Children,48000000,98,1995,7.3,239,0
4493,Movie 4493,Fantasy|Sci-Fi|Crime,52000000,145,2014,6.1,344,0
4494,Movie 4494,Documentary|Comedy,6000000,108,1996,6.5,352,0
4495,Movie 4495,Children|Sci-Fi|Horror,103000000,156,2005,8.2,385,0
4496,Movie 4496,Horror,54000000,150,2004,6.8,121,0
4497,Movie 4497,Comedy|Thriller,156000000,87,2004,6.4,426,0
4498,Movie 4498,Documentary,153000000,146,2002,5.7,122,0
4499,Movie 4499,Documentary|Animation,154000000,110,2006,7.0,491,0
4500,Movie 4500,Animation,6000000,84,2001,4.4,374,1
4501,Movie 4501,Adventure|Documentary|Drama,191000000,117,2003,4.5,86,0
4502,Movie 4502,Action|Adventure,132000000,120,2021,6.1,143,1
4503,Movie 4503,Fantasy|Children,147000000,138,2017,2.8,387,0
4504,Movie 4504,Animation,41000000,103,2012,8.6,21,0
4505,Movie 4505,Adventure,198000000,128,1993,7.2,274,0
4506,Movie 4506,Fantasy|Action,114000000,89,2007,6.5,129,0
4507,Movie 4507,Animation|Adventure,116000000,118,2002,6.5,300,0
4508,Movie 4508,Action,175000000,96,2000,9.8,67,0
4509,Movie 4509,Animation|Fantasy|Documentary,127000000,138,1992,9.6,201,0
4510,Movie 4510,Fantasy|Drama|Action,65000000,168,2019,9.0,435,0
4511,Movie 4511,Drama,113000000,172,2020,4.5,479,0
4512,Movie 4512,Thriller|Fantasy,140000000,147,1998,5.5,113,0
4513,Movie 4513,Comedy|Animation,149000000,160,2013,2.9,484,0
4514,Movie 4514,Crime,150000000,172,2019,5.5,306,0
4515,Movie 4515,Sci-Fi|Horror|Comedy,183000000,127,2017,2.4,77,0
4516,Movie 4516,Children|Documentary|Comedy,150000000,129,2009,6.8,423,0
4517,Movie 4517,Horror|Action|Adventure,149000000,120,2002,9.8,79,1
4518,Movie 4518,Children|Adventure,97000000,130,2011,6.7,297,0
4519,Movie 4519,Comedy|Fantasy|Documentary,126000000,168,2019,5.6,325,0
4520,Movie 4520,Action,78000000,166,1997,3.0,295,1
4521,Movie 4521,Fantasy|Crime|Drama,62000000,92,1995,5.9,179,1
4522,Movie 4522,Fantasy|Documentary,139000000,106,1998,8.0,262,0
4523,Movie 4523,Sci-Fi,141000000,83,2005,9.9,484,1
4524,Movie 4524,Adventure|Documentary|Children,128000000,173,2020,8.7,133,0
4525,Movie 4525,Action,43000000,143,2012,5.4,351,0
4526,Movie 4526,Children|Comedy|Crime,94000000,171,1990,7.2,277,0
4527,Movie 4527,Crime,112000000,111,2019,8.3,33,0
4528,Movie 4528,Drama,111000000,107,2018,10.0,270,0
4529,Movie 4529,Fantasy|Sci-Fi|Children,192000000,138,2019,6.5,294,1
4530,Movie 4530,Children,187000000,133,2015,2.2,359,0
4531,Movie 4531,Sci-Fi|Crime|Thriller,181000000,119,1991,6.6,285,0
4532,Movie 4532,Action|Animation,50000000,140,2020,9.9,333,0
4533,Movie 4533,Fantasy|Comedy,123000000,179,1995,5.8,14,1
4534,Movie 4534,Comedy|Fantasy|Crime,78000000,94,2010,9.5,387,0
4535,Movie 4535,Fantasy|Thriller,43000000,99,2022,5.6,454,0
4536,Movie 4536,Comedy,2000000,124,2013,7.7,418,0
4537,Movie 4537,Thriller|Drama,84000000,112,1991,3.4,112,0
4538,Movie 4538,Children|Comedy,176000000,127,2015,5.8,26,0
4539,Movie 4539,Horror|Fantasy,36000000,142,2007,3.8,177,0
4540,Movie 4540,Children,29000000,130,2020,2.1,499,1
4541,Movie 4541,Sci-Fi,79000000,125,2008,2.6,188,0
4542,Movie 4542,Thriller|Horror|Sci-Fi,16000000,122,2012,3.3,136,0
4543,Movie 4543,Horror,152000000,165,1994,2.5,307,1
4544,Movie 4544,Documentary|Crime|Comedy,195000000,173,2009,6.9,119,0
4545,Movie 4545,Sci-Fi,50000000,101,2009,6.8,352,0
4546,Movie 4546,Action,40000000,124,2019,7.0,487,0
4547,Movie 4547,Animation|Sci-Fi|Horror,4000000,175,2024,4.1,19,0
4548,Movie 4548,Sci-Fi|Drama|Action,73000000,98,2012,7.0,80,1
4549,Movie 4549,Crime,52000000,174,2023,3.5,65,0
4550,Movie 4550,Comedy|Children|Drama,156000000,131,2004,5.7,300,0
4551,Movie 4551,Crime|Documentary|Thriller,13000000,99,2024,4.8,55,0
4552,Movie 4552,Crime,133000000,104,2013,5.2,447,0
4553,Movie 4553,Comedy|Thriller|Drama,150000000,138,2017,6.2,289,0
4554,Movie 4554,Adventure,44000000,151,1990,8.5,162,0
4555,Movie 4555,Children|Comedy,99000000,151,2015,5.7,499,0
4556,Movie 4556,Children|Crime|Animation,18000000,105,2017,9.9,260,0
4557,Movie 4557,Sci-Fi,161000000,146,2003,3.9,141,0
4558,Movie 4558,Thriller|Animation,58000000,134,1998,6.5,300,1
4559,Movie 4559,Children|Crime,139000000,118,1997,7.9,149,1
4560,Movie 4560,Crime|Comedy|Documentary,170000000,115,2022,9.6,483,1
4561,Movie 4561,Adventure|Fantasy,15000000,157,1995,6.4,43,0
4562,Movie 4562,Horror|Action,115000000,108,2012,4.2,7,0
4563,Movie 4563,Crime|Adventure,131000000,100,1996,9.7,399,0
4564,Movie 4564,Comedy,91000000,89,2023,2.3,429,0
4565,Movie 4565,Adventure|Documentary,179000000,81,2011,9.2,62,0
4566,Movie 4566,Animation,59000000,152,2014,9.2,18,0
4567,Movie 4567,Drama|Crime|Action,96000000,160,2010,8.4,453,1
4568,Movie 4568,Drama,86000000,175,1994,8.4,217,0
4569,Movie 4569,Action,179000000,142,1992,2.6,191,0
4570,Movie 4570,Sci-Fi|Action,126000000,140,2002,8.3,462,0
4571,Movie 4571,Thriller,172000000,119,2014,8.4,252,0
4572,Movie 4572,Drama,171000000,90,2007,7.9,326,1
4573,Movie 4573,Sci-Fi|Horror|Thriller,139000000,147,1995,3.8,432,0
4574,Movie 4574,Drama,6000000,135,2008,7.6,481,0
4575,Movie 4575,Thriller,21000000,127,1998,4.1,132,0
4576,Movie 4576,Thriller,80000000,174,2017,7.7,119,0
4577,Movie 4577,Drama,54000000,88,2021,4.9,205,0
4578,Movie 4578,Horror|Sci-Fi|Drama,78000000,155,2019,3.1,315,0
4579,Movie 4579,Animation|Documentary,7000000,166,2003,8.3,486,1
4580,Movie 4580,Action|Comedy|Drama,95000000,83,2020,6.2,478,0
4581,Movie 4581,Sci-Fi|Fantasy|Horror,75000000,83,2010,3.9,260,0
4582,Movie 4582,Sci-Fi|Adventure|Crime,40000000,102,1990,4.3,181,0
4583,Movie 4583,Crime,145000000,87,2007,4.7,367,0
4584,Movie 4584,Documentary|Children,171000000,82,2013,7.5,239,1
4585,Movie 4585,Animation|Horror|Crime,165000000,148,2023,7.2,248,0
4586,Movie 4586,Drama|Crime|Adventure,150000000,117,2002,8.9,11,0
4587,Movie 4587,Action|Drama|Comedy,1000000,83,2022,7.4,431,0
4588,Movie 4588,Children,44000000,177,1993,9.1,260,1
4589,Movie 4589,Comedy,68000000,105,2013,3.2,184,1
4590,Movie 4590,Horror|Action,119000000,90,2020,9.3,330,0
4591,Movie 4591,Sci-Fi|Horror,173000000,82,1993,9.2,142,0
4592,Movie 4592,Action|Children,46000000,117,2008,6.3,191,0
4593,Movie 4593,Animation,61000000,120,1991,4.7,408,0
4594,Movie 4594,Children|Fantasy|Animation,63000000,157,1995,8.0,481,0
4595,Movie 4595,Action,157000000,152,2021,7.9,124,0
4596,Movie 4596,Crime|Children|Thriller,35000000,166,1991,2.2,77,0
4597,Movie 4597,Comedy,153000000,108,2020,2.5,422,1
4598,Movie 4598,Sci-Fi,154000000,161,2014,8.3,220,0
4599,Movie 4599,Children|Horror|Adventure,31000000,165,2007,3.6,126,0
4600,Movie 4600,Children|Adventure,64000000,145,1997,7.2,354,1
4601,Movie 4601,Fantasy|Comedy,48000000,90,2000,4.9,136,1
4602,Movie 4602,Horror,14000000,174,2001,4.5,357,1
4603,Movie 4603,Thriller|Action,80000000,114,1997,3.8,429,0
4604,Movie 4604,Fantasy|Sci-Fi,126000000,132,1990,9.5,34,1
4605,Movie 4605,Children|Comedy,81000000,121,2014,5.3,321,0
4606,Movie 4606,Fantasy|Sci-Fi|Thriller,55000000,176,2002,9.4,213,0
4607,Movie 4607,Comedy|Children,53000000,81,1992,5.9,127,0
4608,Movie 4608,Crime,187000000,133,2002,8.7,4,0
4609,Movie 4609,Action,162000000,126,2022,6.9,421,0
4610,Movie 4610,Documentary,172000000,153,2022,8.4,205,1
4611,Movie 4611,Horror|Comedy,24000000,117,2004,8.5,209,0
4612,Movie 4612,Comedy|Drama|Children,63000000,169,2020,7.2,486,1
4613,Movie 4613,Drama|Animation,85000000,137,2020,8.6,80,0
4614,Movie 4614,Drama|Crime|Documentary,196000000,178,1997,2.7,482,0
4615,Movie 4615,Crime|Action|Thriller,193000000,162,2019,7.1,477,0
4616,Movie 4616,Adventure,76000000,106,2019,8.2,345,0
4617,Movie 4617,Drama|Adventure|Documentary,43000000,149,1991,8.8,380,1
4618,Movie 4618,Action,10000000,110,2002,4.7,388,0
4619,Movie 4619,Thriller,79000000,124,1999,9.6,51,0
4620,Movie 4620,Comedy|Children,135000000,89,1990,3.0,393,0
4621,Movie 4621,Crime|Drama|Animation,37000000,110,2024,7.9,305,0
4622,Movie 4622,Sci-Fi|Horror,77000000,161,2014,6.2,228,0
4623,Movie 4623,Comedy,113000000,135,1992,2.5,75,0
4624,Movie 4624,Drama,77000000,127,1990,5.3,88,0
4625,Movie 4625,Drama|Animation|Children,7000000,134,1997,3.6,368,0
4626,Movie 4626,Thriller,60000000,127,2018,5.6,387,0
4627,Movie 4627,Adventure,82000000,141,1997,2.9,263,0
4628,Movie 4628,Crime,160000000,135,2000,2.8,45,1
4629,Movie 4629,Thriller|Sci-Fi|Action,157000000,159,2010,4.7,391,0
4630,Movie 4630,Action|Comedy,182000000,127,2006,5.5,204,0
4631,Movie 4631,Adventure|Children,159000000,139,2015,9.6,173,0
4632,Movie 4632,Action,4000000,135,2014,5.7,383,0
4633,Movie 4633,Adventure|Children,52000000,95,2015,9.0,276,0
4634,Movie 4634,Children|Sci-Fi|Comedy,144000000,114,2013,5.4,457,0
4635,Movie 4635,Documentary|Action|Children,159000000,177,2002,3.9,353,0
4636,Movie 4636,Thriller|Animation|Crime,30000000,112,2018,4.7,422,1
4637,Movie 4637,Horror,135000000,122,1993,3.1,9,0
4638,Movie 4638,Children|Action|Comedy,114000000,169,2021,5.5,492,0
4639,Movie 4639,Animation,25000000,91,2000,5.1,82,1
4640,Movie 4640,Documentary,31000000,112,2023,3.4,166,1
4641,Movie 4641,Animation|Children|Fantasy,136000000,87,2001,3.9,192,1
4642,Movie 4642,Comedy|Action|Adventure,195000000,134,2007,9.5,383,0
4643,Movie 4643,Fantasy|Children,24000000,129,1995,5.9,321,0
4644,Movie 4644,Comedy,133000000,87,2012,4.7,183,0
4645,Movie 4645,Comedy,72000000,123,1996,6.3,10,0
4646,Movie 4646,Comedy|Horror|Adventure,195000000,165,2018,4.3,423,0
4647,Movie 4647,Children|Thriller|Adventure,153000000,159,1994,5.6,11,0
4648,Movie 4648,Horror|Adventure,151000000,178,2023,6.8,81,0
4649,Movie 4649,Children,192000000,125,1990,7.2,375,1
4650,Movie 4650,Children|Action|Drama,29000000,107,2023,4.0,446,0
4651,Movie 4651,Horror|Children,16000000,170,2013,2.6,84,0
4652,Movie 4652,Comedy|Fantasy,32000000,106,2013,4.8,486,1
4653,Movie 4653,Children|Horror,30000000,86,2003,2.8,69,0
4654,Movie 4654,Animation|Children,181000000,154,2015,3.0,367,0
4655,Movie 4655,Horror|Crime|Documentary,64000000,148,1997,6.9,215,0
4656,Movie 4656,Children|Thriller|Documentary,54000000,166,1995,2.5,88,1
4657,Movie 4657,Drama,198000000,115,2009,8.8,222,1
4658,Movie 4658,Sci-Fi|Children,30000000,93,1999,7.5,294,0
4659,Movie 4659,Documentary|Thriller,25000000,142,2014,5.0,276,0
4660,Movie 4660,Thriller,24000000,88,2009,4.3,266,0
4661,Movie 4661,Children,168000000,80,2019,8.1,453,0
4662,Movie 4662,Drama|Horror|Children,103000000,154,1994,8.2,35,0
4663,Movie 4663,Drama|Fantasy|Animation,32000000,162,2005,8.8,382,0
4664,Movie 4664,Comedy|Adventure,6000000,116,1992,2.5,34,1
4665,Movie 4665,Sci-Fi|Children,167000000,92,1998,6.4,498,0
4666,Movie 4666,Adventure,142000000,155,2019,9.1,245,0
4667,Movie 4667,Adventure|Action|Horror,81000000,106,2016,4.1,429,0
4668,Movie 4668,Sci-Fi|Fantasy,84000000,88,2013,7.8,408,0
4669,Movie 4669,Thriller,112000000,140,1996,6.9,59,1
4670,Movie 4670,Comedy,161000000,82,2004,6.6,213,1
4671,Movie 4671,Thriller,77000000,81,1998,6.7,446,0
4672,Movie 4672,Comedy|Documentary,1000000,159,2009,9.2,338,0
4673,Movie 4673,Thriller|Documentary,116000000,115,2014,8.2,283,0
4674,Movie 4674,Action|Animation,114000000,128,2004,5.1,141,0
4675,Movie 4675,Documentary|Sci-Fi,60000000,123,1996,4.2,469,0
4676,Movie 4676,Adventure|Fantasy,82000000,88,2004,9.1,184,0
4677,Movie 4677,Documentary|Thriller,44000000,131,2019,2.3,93,0
4678,Movie 4678,Documentary|Animation|Sci-Fi,6000000,138,1991,3.8,169,0
4679,Movie 4679,Fantasy|Drama|Crime,174000000,159,1993,6.2,293,0
4680,Movie 4680,Sci-Fi|Horror,196000000,157,1996,2.9,472,0
4681,Movie 4681,Adventure|Comedy,96000000,153,2003,6.9,435,0
4682,Movie 4682,Adventure|Thriller,193000000,104,2003,4.4,143,0
4683,Movie 4683,Thriller|Fantasy,15000000,175,2000,8.5,396,0
4684,Movie 4684,Documentary,196000000,140,2014,2.9,373,0
4685,Movie 4685,Drama,147000000,81,1993,6.5,170,0
4686,Movie 4686,Animation,47000000,157,2024,4.5,218,0
4687,Movie 4687,Animation|Drama,113000000,117,2022,4.2,70,0
4688,Movie 4688,Fantasy,58000000,135,2018,6.4,84,0
4689,Movie 4689,Sci-Fi,106000000,138,2006,8.2,3,0
4690,Movie 4690,Documentary,189000000,177,2001,5.3,118,0
4691,Movie 4691,Fantasy|Comedy,150000000,129,2010,8.2,378,0
4692,Movie 4692,Children|Documentary|Crime,59000000,141,1995,7.2,427,0
4693,Movie 4693,Thriller|Sci-Fi|Children,45000000,145,1996,2.1,405,0
4694,Movie 4694,Drama|Documentary|Action,123000000,167,2014,7.0,247,1
4695,Movie 4695,Thriller|Action,121000000,128,2008,6.5,95,0
4696,Movie 4696,Drama|Sci-Fi|Children,171000000,150,2012,6.2,326,0
4697,Movie 4697,Horror,49000000,176,2013,5.4,212,0
4698,Movie 4698,Adventure,60000000,149,2004,3.2,272,0
4699,Movie 4699,Thriller|Drama|Adventure,44000000,158,2007,3.9,179,0
4700,Movie 4700,Documentary|Crime,28000000,149,2014,3.1,323,0
4701,Movie 4701,Adventure|Crime|Action,184000000,93,2020,4.0,152,0
4702,Movie 4702,Fantasy|Action|Children,98000000,111,1996,7.3,141,0
4703,Movie 4703,Action,154000000,151,2007,9.1,281,0
4704,Movie 4704,Adventure|Horror,161000000,169,2019,6.6,241,0
4705,Movie 4705,Sci-Fi|Thriller|Comedy,4000000,163,2002,4.1,2,0
4706,Movie 4706,Sci-Fi|Children,68000000,118,1995,9.1,362,0
4707,Movie 4707,Children|Horror,89000000,144,2016,4.7,490,0
4708,Movie 4708,Action|Thriller,49000000,176,2015,6.9,451,0
4709,Movie 4709,Documentary,102000000,169,1998,5.3,320,0
4710,Movie 4710,Documentary|Crime,184000000,129,2003,4.3,247,0
4711,Movie 4711,Adventure|Children,137000000,87,2016,10.0,430,0
4712,Movie 4712,Horror,36000000,162,1990,5.3,401,0
4713,Movie 4713,Action,176000000,144,2011,6.6,188,1
4714,Movie 4714,Sci-Fi|Documentary|Fantasy,79000000,137,1994,8.7,137,1
4715,Movie 4715,Horror,157000000,116,1999,8.6,457,0
4716,Movie 4716,Fantasy|Animation,182000000,175,2009,5.4,334,1
4717,Movie 4717,Drama|Children,97000000,146,2013,6.9,114,1
4718,Movie 4718,Drama|Comedy,133000000,101,2003,4.5,142,0
4719,Movie 4719,Sci-Fi|Comedy|Horror,110000000,139,2012,10.0,302,1
4720,Movie 4720,Drama,27000000,156,2001,6.7,145,0
4721,Movie 4721,Children|Adventure|Action,1000000,148,2000,2.9,264,0
4722,Movie 4722,Comedy|Sci-Fi,11000000,139,2009,9.1,128,0
4723,Movie 4723,Thriller|Children,36000000,86,1993,3.9,40,0
4724,Movie 4724,Drama|Animation,124000000,129,2009,8.4,469,0
4725,Movie 4725,Comedy|Crime|Drama,38000000,81,2005,5.2,357,0
4726,Movie 4726,Drama|Comedy|Adventure,110000000,86,1997,5.4,184,0
4727,Movie 4727,Action|Animation,65000000,138,1996,3.8,105,0
4728,Movie 4728,Crime|Adventure|Action,42000000,117,1992,8.6,219,0
4729,Movie 4729,Thriller,67000000,109,2009,5.5,469,0
4730,Movie 4730,Adventure|Fantasy,153000000,134,2020,4.1,471,0
4731,Movie 4731,Drama,26000000,109,2007,5.3,459,0
4732,Movie 4732,Documentary|Thriller,130000000,125,1998,8.9,400,0
4733,Movie 4733,Documentary|Crime|Sci-Fi,169000000,116,1994,2.1,205,0
4734,Movie 4734,Drama,94000000,172,1998,7.6,298,1
4735,Movie 4735,Crime,195000000,127,1994,5.8,498,0
4736,Movie 4736,Horror,124000000,177,2010,9.9,177,0
4737,Movie 4737,Comedy|Sci-Fi,80000000,152,2002,7.5,120,0
4738,Movie 4738,Comedy|Documentary|Crime,121000000,147,2010,5.9,25,0
4739,Movie 4739,Adventure|Crime|Sci-Fi,192000000,151,1994,6.2,210,1
4740,Movie 4740,Drama|Comedy,38000000,98,1995,8.8,276,0
4741,Movie 4741,Adventure,54000000,100,2006,3.7,163,0
4742,Movie 4742,Crime,126000000,148,2018,3.8,383,0
4743,Movie 4743,Horror|Fantasy,59000000,157,2013,4.0,427,0
4744,Movie 4744,Children|Comedy|Adventure,91000000,177,2018,3.8,364,0
4745,Movie 4745,Fantasy,113000000,105,2006,4.5,52,0
4746,Movie 4746,Action,140000000,177,1994,6.6,176,0
4747,Movie 4747,Adventure|Animation,43000000,160,2021,4.2,278,0
4748,Movie 4748,Adventure|Crime|Documentary,16000000,158,2021,9.1,258,1
4749,Movie 4749,Animation|Documentary|Fantasy,169000000,172,2018,6.6,356,0
4750,Movie 4750,Horror|Animation,82000000,88,2002,9.6,23,0
4751,Movie 4751,Horror|Fantasy|Documentary,51000000,106,1990,9.4,343,0
4752,Movie 4752,Sci-Fi|Horror|Crime,172000000,122,1997,3.5,381,1
4753,Movie 4753,Crime|Action,134000000,89,2003,6.5,80,0
4754,Movie 4754,Comedy,70000000,82,2023,5.8,20,1
4755,Movie 4755,Thriller,113000000,145,2007,7.3,70,0
4756,Movie 4756,Fantasy,141000000,111,1996,8.7,94,1
4757,Movie 4757,Drama|Thriller,17000000,150,2017,8.0,240,0
4758,Movie 4758,Adventure,158000000,101,2004,5.2,229,1
4759,Movie 4759,Crime|Documentary,114000000,121,1995,7.6,69,0
4760,Movie 4760,Action|Children|Sci-Fi,60000000,151,2022,5.3,447,1
4761,Movie 4761,Children|Crime,93000000,118,2000,6.9,25,0
4762,Movie 4762,Thriller|Horror,3000000,93,2013,3.2,8,0
4763,Movie 4763,Comedy|Documentary|Fantasy,15000000,168,2006,3.6,435,0
4764,Movie 4764,Drama,77000000,123,2024,9.2,83,0
4765,Movie 4765,Adventure|Fantasy,122000000,172,1996,8.1,317,0
4766,Movie 4766,Animation|Fantasy|Action,198000000,90,2006,4.0,229,0
4767,Movie 4767,Crime|Documentary|Adventure,7000000,170,2006,9.6,315,0
4768,Movie 4768,Action|Animation,175000000,126,1992,3.2,258,0
4769,Movie 4769,Comedy,128000000,117,2011,7.3,169,1
4770,Movie 4770,Drama,39000000,158,1990,7.5,450,1
4771,Movie 4771,Sci-Fi|Animation,173000000,146,2004,8.1,260,1
4772,Movie 4772,Documentary|Crime,28000000,81,2017,5.0,51,0
4773,Movie 4773,Horror|Sci-Fi|Crime,186000000,130,2017,3.7,61,0
4774,Movie 4774,Sci-Fi|Horror,37000000,89,1994,5.0,485,0
4775,Movie 4775,Thriller|Drama,141000000,168,2012,8.3,248,0
4776,Movie 4776,Animation,58000000,154,2022,8.8,178,0
4777,Movie 4777,Thriller|Crime|Fantasy,122000000,134,2016,3.6,29,0
4778,Movie 4778,Drama|Children,68000000,166,2024,7.7,175,1
4779,Movie 4779,Thriller|Horror,103000000,179,2005,8.6,177,0
4780,Movie 4780,Children,150000000,156,1996,7.8,448,1
4781,Movie 4781,Horror,139000000,119,1992,5.6,492,0
4782,Movie 4782,Comedy|Documentary|Action,31000000,174,1995,9.6,393,0
4783,Movie 4783,Drama|Documentary,68000000,144,2005,2.1,497,1
4784,Movie 4784,Children,30000000,113,1999,9.6,313,0
4785,Movie 4785,Sci-Fi|Drama|Animation,131000000,88,2005,5.9,408,0
4786,Movie 4786,Horror|Fantasy|Thriller,106000000,164,1995,5.2,375,0
4787,Movie 4787,Crime,150000000,128,1999,5.4,193,0
4788,Movie 4788,Documentary|Horror,185000000,151,2017,4.1,437,0
4789,Movie 4789,Adventure,163000000,178,2021,7.8,173,1
4790,Movie 4790,Drama,186000000,176,1999,6.5,78,1
4791,Movie 4791,Sci-Fi|Comedy,127000000,130,2022,8.6,237,0
4792,Movie 4792,Drama|Sci-Fi|Thriller,188000000,102,2010,4.5,479,0
4793,Movie 4793,Drama|Comedy|Horror,144000000,85,2022,9.5,244,0
4794,Movie 4794,Comedy|Horror|Documentary,129000000,133,1997,6.8,250,1
4795,Movie 4795,Drama|Horror|Adventure,26000000,81,2006,8.4,293,0
4796,Movie 4796,Drama|Documentary|Action,186000000,122,1996,9.7,427,0
4797,Movie 4797,Adventure|Fantasy,116000000,143,2018,2.8,295,0
4798,Movie 4798,Crime|Fantasy,51000000,85,1990,7.1,3,0
4799,Movie 4799,Sci-Fi,144000000,104,1996,9.8,25,1
4800,Movie 4800,Comedy,177000000,154,2004,8.0,131,0
4801,Movie 4801,Adventure,144000000,98,1993,5.4,395,0
4802,Movie 4802,Comedy|Crime|Horror,71000000,105,2020,7.7,327,0
4803,Movie 4803,Action|Horror,149000000,121,2014,6.9,276,1
4804,Movie 4804,Documentary|Adventure|Drama,56000000,104,2009,9.3,426,0
4805,Movie 4805,Crime|Animation|Documentary,120000000,102,2015,8.4,108,0
4806,Movie 4806,Fantasy,188000000,116,2001,5.8,451,0
4807,Movie 4807,Action,18000000,179,2015,6.8,88,0
4808,Movie 4808,Horror|Sci-Fi,191000000,125,2013,9.8,363,0
4809,Movie 4809,Crime,191000000,157,2022,8.8,98,0
4810,Movie 4810,Action|Children|Comedy,128000000,96,2022,7.6,74,0
4811,Movie 4811,Crime,2000000,176,2008,5.4,76,0
4812,Movie 4812,Adventure,73000000,137,2012,9.9,1,0
4813,Movie 4813,Children|Horror,94000000,108,2015,8.0,181,0
4814,Movie 4814,Crime|Fantasy,10000000,93,2017,2.9,267,0
4815,Movie 4815,Crime|Comedy|Sci-Fi,60000000,115,2013,6.2,342,1
4816,Movie 4816,Comedy|Documentary,135000000,159,2002,9.7,125,0
4817,Movie 4817,Fantasy,142000000,152,1996,3.6,15,0
4818,Movie 4818,Comedy|Children,199000000,178,2010,4.4,279,0
4819,Movie 4819,Fantasy|Drama|Animation,72000000,143,2001,4.2,240,0
4820,Movie 4820,Sci-Fi|Crime|Horror,96000000,163,2019,9.8,189,0
4821,Movie 4821,Thriller|Drama|Sci-Fi,68000000,106,2010,5.3,15,0
4822,Movie 4822,Fantasy|Animation|Action,95000000,164,1995,6.4,270,1
4823,Movie 4823,Fantasy|Drama|Adventure,181000000,168,2008,5.5,325,0
4824,Movie 4824,Action|Children,167000000,171,2004,8.7,391,0
4825,Movie 4825,Documentary,176000000,130,1997,4.8,376,0
4826,Movie 4826,Documentary|Fantasy,9000000,157,1995,6.1,146,0
4827,Movie 4827,Fantasy|Animation|Children,75000000,127,2007,8.0,323,0
4828,Movie 4828,Adventure|Animation|Fantasy,181000000,148,2011,9.4,214,1
4829,Movie 4829,Sci-Fi,188000000,151,2024,2.3,150,0
4830,Movie 4830,Action|Animation,142000000,120,2011,3.1,495,0
4831,Movie 4831,Horror,36000000,105,2015,2.9,296,0
4832,Movie 4832,Comedy,90000000,98,2019,8.7,24,0
4833,Movie 4833,Documentary,20000000,165,2011,9.6,323,0
4834,Movie 4834,Comedy|Adventure,112000000,133,1999,4.2,335,0
4835,Movie 4835,Crime,151000000,104,2001,7.0,414,0
4836,Movie 4836,Horror|Animation,183000000,84,1996,6.6,455,0
4837,Movie 4837,Children|Drama|Adventure,158000000,106,2006,9.5,78,0
4838,Movie 4838,Action|Fantasy|Documentary,75000000,153,2022,2.8,161,0
4839,Movie 4839,Animation,14000000,163,2011,2.9,29,0
4840,Movie 4840,Sci-Fi|Comedy|Fantasy,103000000,120,2009,4.1,322,1
4841,Movie 4841,Children|Animation|Comedy,140000000,152,1997,3.4,61,1
4842,Movie 4842,Sci-Fi|Horror|Comedy,52000000,165,1993,5.7,142,0
4843,Movie 4843,Children,32000000,153,2011,2.2,263,0
4844,Movie 4844,Drama|Crime|Thriller,128000000,83,1992,5.5,249,0
4845,Movie 4845,Sci-Fi|Action|Thriller,6000000,177,2000,10.0,409,0
4846,Movie 4846,Thriller|Action,25000000,173,2023,2.1,364,0
4847,Movie 4847,Horror,145000000,94,2004,3.3,350,0
4848,Movie 4848,Crime,162000000,169,2017,6.2,168,0
4849,Movie 4849,Thriller|Documentary,116000000,154,2019,2.7,480,0
4850,Movie 4850,Comedy,116000000,87,2012,4.3,386,1
4851,Movie 4851,Comedy|Action|Crime,109000000,115,2005,7.4,244,0
4852,Movie 4852,Crime|Action,189000000,110,2014,7.0,357,0
4853,Movie 4853,Adventure|Documentary|Comedy,103000000,179,2004,9.6,149,0
4854,Movie 4854,Children|Comedy,128000000,157,1995,2.2,388,0
4855,Movie 4855,Crime|Animation,190000000,158,2009,2.9,55,0
4856,Movie 4856,Sci-Fi|Comedy,40000000,168,1998,5.1,464,1
4857,Movie 4857,Comedy,19000000,137,2023,4.8,326,0
4858,Movie 4858,Documentary,139000000,107,2000,5.9,144,0
4859,Movie 4859,Thriller|Sci-Fi|Horror,149000000,110,1999,4.9,253,0
4860,Movie 4860,Comedy|Action,42000000,105,2023,2.9,315,0
4861,Movie 4861,Animation,199000000,127,1991,6.4,264,0
4862,Movie 4862,Crime|Action|Animation,185000000,121,2020,8.6,354,0
4863,Movie 4863,Thriller|Action,53000000,93,1995,5.6,114,0
4864,Movie 4864,Action|Children,54000000,120,2016,2.1,79,1
4865,Movie 4865,Action|Documentary,42000000,96,2013,9.3,320,1
4866,Movie 4866,Fantasy,131000000,83,2000,7.7,309,0
4867,Movie 4867,Documentary|Fantasy,21000000,82,1993,2.6,249,0
4868,Movie 4868,Horror,72000000,115,1990,3.7,307,0
4869,Movie 4869,Children|Action|Crime,29000000,159,2001,4.5,358,0
4870,Movie 4870,Animation|Children|Crime,83000000,121,1994,4.1,228,0
4871,Movie 4871,Action|Comedy,11000000,103,2005,4.2,465,0
4872,Movie 4872,Documentary|Adventure|Horror,142000000,138,1998,4.3,376,0
4873,Movie 4873,Horror,153000000,154,1997,2.3,240,1
4874,Movie 4874,Adventure|Drama,45000000,151,2018,9.6,207,1
4875,Movie 4875,Children,38000000,80,2020,4.0,441,0
4876,Movie 4876,Drama,94000000,118,1994,2.9,165,0
4877,Movie 4877,Drama|Documentary,17000000,164,2015,2.4,346,0
4878,Movie 4878,Drama|Animation|Comedy,111000000,175,2009,8.0,443,0
4879,Movie 4879,Animation,151000000,93,1997,6.7,131,0
4880,Movie 4880,Children|Crime,129000000,151,2001,9.8,64,1
4881,Movie 4881,Horror,78000000,132,1996,5.2,161,1
4882,Movie 4882,Documentary|Adventure,155000000,163,2004,6.8,82,0
4883,Movie 4883,Crime|Comedy,93000000,161,1990,3.5,434,1
4884,Movie 4884,Fantasy|Crime|Sci-Fi,109000000,128,1991,4.4,189,1
4885,Movie 4885,Sci-Fi,36000000,92,2016,7.9,56,0
4886,Movie 4886,Horror|Drama,124000000,121,2023,4.5,434,0
4887,Movie 4887,Thriller|Children|Animation,128000000,90,2007,7.6,235,0
4888,Movie 4888,Thriller|Drama,37000000,135,2011,5.5,413,0
4889,Movie 4889,Children,93000000,123,2017,5.9,91,0
4890,Movie 4890,Comedy|Crime|Drama,167000000,128,2001,7.0,151,0
4891,Movie 4891,Comedy,145000000,125,2016,2.7,282,0
4892,Movie 4892,Comedy|Animation|Thriller,83000000,108,2014,4.5,96,0
4893,Movie 4893,Crime|Documentary|Children,171000000,135,2001,5.3,142,1
4894,Movie 4894,Thriller,108000000,123,2023,2.8,444,0
4895,Movie 4895,Sci-Fi|Drama,168000000,156,2017,7.5,493,1
4896,Movie 4896,Fantasy|Horror,13000000,172,2016,2.2,119,0
4897,Movie 4897,Documentary|Crime|Horror,152000000,127,2014,5.1,89,0
4898,Movie 4898,Children|Thriller|Documentary,189000000,88,2010,7.8,317,0
4899,Movie 4899,Thriller|Documentary,154000000,105,2002,2.3,452,1
4900,Movie 4900,Horror,2000000,144,2016,6.6,292,0
4901,Movie 4901,Thriller|Sci-Fi|Adventure,178000000,149,2020,4.1,74,0
4902,Movie 4902,Thriller|Fantasy,18000000,179,1998,6.2,96,0
4903,Movie 4903,Action,58000000,172,1990,9.3,431,1
4904,Movie 4904,Children|Documentary,2000000,128,2022,2.3,162,1
4905,Movie 4905,Adventure|Documentary,124000000,163,2000,5.4,48,1
4906,Movie 4906,Children|Comedy,75000000,83,1993,8.6,301,0
4907,Movie 4907,Crime,148000000,145,2004,5.2,282,0
4908,Movie 4908,Thriller|Documentary,129000000,131,2006,3.3,108,1
4909,Movie 4909,Fantasy|Thriller|Crime,124000000,148,1996,8.6,19,0
4910,Movie 4910,Drama,99000000,178,2002,6.0,343,0
4911,Movie 4911,Crime,178000000,103,1991,8.6,277,0
4912,Movie 4912,Sci-Fi,107000000,110,2023,2.6,445,0
4913,Movie 4913,Animation|Thriller|Action,135000000,110,2002,6.5,395,0
4914,Movie 4914,Fantasy|Adventure|Drama,86000000,141,2010,4.1,455,0
4915,Movie 4915,Comedy|Horror|Action,101000000,92,2003,9.5,44,0
4916,Movie 4916,Comedy|Drama|Horror,186000000,144,2008,4.9,373,1
4917,Movie 4917,Adventure|Documentary,75000000,166,2002,2.3,461,1
4918,Movie 4918,Thriller|Comedy,99000000,104,1996,7.8,275,1
4919,Movie 4919,Comedy|Crime,178000000,84,2022,5.1,56,0
4920,Movie 4920,Sci-Fi|Crime,143000000,103,1993,3.5,106,0
4921,Movie 4921,Animation|Horror|Crime,79000000,151,2021,9.9,96,0
4922,Movie 4922,Children|Adventure|Action,105000000,133,1994,9.7,198,0
4923,Movie 4923,Horror,30000000,92,1998,4.6,372,0
4924,Movie 4924,Comedy|Documentary,63000000,132,2017,5.3,154,0
4925,Movie 4925,Adventure|Horror,159000000,83,2000,8.4,119,0
4926,Movie 4926,Children,98000000,128,1999,3.6,32,0
4927,Movie 4927,Action,159000000,149,2004,7.8,492,0
4928,Movie 4928,Adventure|Comedy,164000000,98,2010,2.8,404,1
4929,Movie 4929,Action,171000000,102,2019,3.2,324,0
4930,Movie 4930,Children|Horror|Thriller,25000000,146,1993,6.5,121,0
4931,Movie 4931,Crime|Thriller|Drama,40000000,117,2022,7.2,339,1
4932,Movie 4932,Action|Thriller|Sci-Fi,93000000,118,2017,2.5,175,0
4933,Movie 4933,Action,18000000,116,2016,7.9,88,0
4934,Movie 4934,Crime|Fantasy|Adventure,86000000,141,2020,2.9,171,0
4935,Movie 4935,Adventure|Action|Crime,168000000,139,2013,2.5,328,0
4936,Movie 4936,Adventure|Children|Horror,165000000,133,2010,2.8,357,0
4937,Movie 4937,Drama,41000000,154,2022,2.5,424,0
4938,Movie 4938,Comedy,138000000,138,2008,8.3,258,0
4939,Movie 4939,Drama,98000000,138,2019,8.3,271,0
4940,Movie 4940,Fantasy|Drama,16000000,120,2011,8.6,402,0
4941,Movie 4941,Documentary,160000000,84,2017,2.3,399,0
4942,Movie 4942,Sci-Fi,168000000,86,2012,7.4,341,1
4943,Movie 4943,Action,11000000,99,1992,5.3,357,1
4944,Movie 4944,Thriller,57000000,169,2008,6.9,63,0
4945,Movie 4945,Action|Drama,43000000,152,2017,4.4,163,0
4946,Movie 4946,Fantasy,70000000,117,2004,8.8,289,0
4947,Movie 4947,Crime|Comedy,77000000,90,2019,6.0,220,0
4948,Movie 4948,Animation|Drama,190000000,80,1999,6.8,230,0
4949,Movie 4949,Fantasy,164000000,119,2011,7.9,213,0
4950,Movie 4950,Comedy|Fantasy,95000000,103,2016,9.8,354,1
4951,Movie 4951,Fantasy,97000000,115,2023,4.1,232,0
4952,Movie 4952,Sci-Fi|Animation|Adventure,99000000,175,2008,2.7,490,0
4953,Movie 4953,Drama|Comedy|Sci-Fi,24000000,97,2013,2.1,436,0
4954,Movie 4954,Drama|Fantasy|Horror,111000000,90,2016,7.3,483,0
4955,Movie 4955,Adventure,141000000,119,2015,3.8,495,0
4956,Movie 4956,Children|Crime,23000000,96,2018,6.5,291,1
4957,Movie 4957,Crime|Drama,35000000,80,2014,7.1,306,0
4958,Movie 4958,Drama,159000000,137,2023,9.2,335,0
4959,Movie 4959,Documentary|Fantasy|Sci-Fi,74000000,89,2005,2.6,496,0
4960,Movie 4960,Action|Fantasy|Horror,160000000,178,1991,3.0,23,0
4961,Movie 4961,Horror|Children,25000000,104,1990,3.8,5,1
4962,Movie 4962,Children,117000000,139,2007,4.6,474,0
4963,Movie 4963,Horror|Thriller,141000000,162,2020,5.9,388,1
4964,Movie 4964,Action|Thriller,51000000,152,1996,5.4,178,1
4965,Movie 4965,Crime,134000000,130,2020,2.6,430,0
4966,Movie 4966,Action|Comedy,174000000,97,1998,8.7,321,0
4967,Movie 4967,Animation|Comedy,176000000,86,1992,5.4,331,0
4968,Movie 4968,Thriller|Horror,16000000,176,2007,7.2,380,0
4969,Movie 4969,Adventure,64000000,130,2020,9.3,59,0
4970,Movie 4970,Animation|Sci-Fi,30000000,137,2018,7.9,159,0
4971,Movie 4971,Animation|Fantasy|Sci-Fi,136000000,140,1993,8.3,271,0
4972,Movie 4972,Animation|Crime|Documentary,127000000,147,1993,7.6,489,0
4973,Movie 4973,Comedy|Thriller|Children,22000000,113,2024,5.4,132,0
4974,Movie 4974,Thriller|Animation|Fantasy,28000000,155,2015,3.5,152,0
4975,Movie 4975,Adventure|Children,129000000,109,2009,5.5,263,0
4976,Movie 4976,Fantasy,140000000,125,2013,7.9,107,0
4977,Movie 4977,Documentary,185000000,110,1999,7.5,6,0
4978,Movie 4978,Drama,37000000,136,1990,8.7,264,0
4979,Movie 4979,Thriller,86000000,159,2011,5.5,79,0
4980,Movie 4980,Animation|Adventure,141000000,101,2010,10.0,495,0
4981,Movie 4981,Drama|Documentary,176000000,106,2016,9.6,259,1
4982,Movie 4982,Comedy,134000000,95,2022,8.9,270,0
4983,Movie 4983,Horror|Action|Documentary,75000000,118,2001,3.6,267,0
4984,Movie 4984,Crime|Thriller,31000000,96,2011,5.1,25,0
4985,Movie 4985,Documentary,88000000,170,1990,6.0,422,0
4986,Movie 4986,Drama|Adventure|Children,6000000,108,2020,3.0,11,0
4987,Movie 4987,Animation|Horror|Adventure,139000000,116,2014,8.1,313,0
4988,Movie 4988,Thriller,50000000,149,2003,5.9,358,0
4989,Movie 4989,Comedy|Action,2000000,168,1999,6.0,265,1
4990,Movie 4990,Adventure,123000000,112,2017,4.2,163,0
4991,Movie 4991,Adventure|Documentary,73000000,170,2024,4.2,381,1
4992,Movie 4992,Fantasy|Action,191000000,153,2007,4.1,20,0
4993,Movie 4993,Crime,121000000,142,1999,5.0,40,0
4994,Movie 4994,Crime|Children|Documentary,39000000,116,1990,8.3,136,0
4995,Movie 4995,Horror|Crime,7000000,100,2016,8.4,446,0
4996,Movie 4996,Action|Fantasy|Drama,37000000,93,1995,4.2,372,1
4997,Movie 4997,Documentary|Thriller|Comedy,153000000,84,1996,9.1,302,1
4998,Movie 4998,Adventure|Horror|Crime,83000000,144,1992,7.1,449,0
4999,Movie 4999,Fantasy|Drama|Thriller,29000000,177,2016,8.0,138,0
5000,Movie 5000,Comedy|Drama|Adventure,29000000,165,1993,6.3,291,1
