userId,age,gender,is_premium,region
1,45,1,0,1
2,65,0,1,8
3,52,1,1,2
4,18,0,0,1
5,39,1,0,5
6,23,1,0,1
7,57,1,0,6
8,45,1,1,6
9,31,1,0,1
10,68,1,1,4
11,63,1,0,5
12,22,0,0,2
13,23,1,0,9
14,60,0,0,1
15,20,1,0,3
16,54,0,0,2
17,25,1,0,7
18,42,1,0,5
19,47,0,1,1
20,38,1,1,8
21,32,1,0,7
22,29,1,0,4
23,40,0,0,3
24,36,0,0,4
25,45,1,0,6
26,28,1,0,2
27,64,1,1,5
28,23,0,0,3
29,41,0,0,1
30,19,1,0,5
31,28,0,1,1
32,21,1,0,8
33,19,1,0,3
34,31,0,0,3
35,30,0,0,6
36,49,1,1,1
37,21,1,0,8
38,33,0,1,9
39,47,0,1,3
40,69,1,1,4
41,27,1,0,7
42,33,1,1,8
43,19,0,1,1
44,43,1,0,9
45,51,0,0,3
46,27,1,0,8
47,38,0,0,4
48,25,1,1,6
49,49,0,0,1
50,40,1,0,1
51,57,1,0,4
52,27,1,0,5
53,48,1,0,6
54,54,1,0,7
55,27,0,0,6
56,31,1,1,9
57,53,1,0,4
58,49,0,0,2
59,24,0,0,8
60,69,0,1,6
61,56,0,0,2
62,45,0,0,1
63,47,0,0,8
64,60,1,0,8
65,62,0,0,3
66,55,0,1,1
67,56,1,1,8
68,55,0,0,1
69,27,0,0,7
70,69,1,0,2
71,61,1,1,6
72,52,0,0,4
73,38,1,0,5
74,56,0,0,6
75,29,0,0,1
76,65,1,0,7
77,35,0,0,4
78,50,1,0,1
79,23,0,1,3
80,48,0,0,4
81,18,0,0,2
82,61,0,0,5
83,35,0,1,5
84,69,1,1,2
85,68,1,1,5
86,50,1,0,1
87,21,0,1,1
88,20,0,0,6
89,21,0,1,5
90,45,1,0,6
91,49,0,0,4
92,66,0,1,8
93,48,0,0,3
94,56,1,0,3
95,37,0,1,4
96,64,0,0,9
97,21,1,0,8
98,66,0,0,3
99,69,1,0,7
100,47,0,0,8
101,65,0,0,6
102,65,1,0,4
103,34,1,0,6
104,63,0,0,9
105,53,1,0,9
106,33,1,1,8
107,39,1,1,4
108,50,1,0,7
109,61,0,0,9
110,59,0,0,3
111,60,0,1,1
112,37,0,0,8
113,43,0,0,6
114,20,0,1,3
115,42,1,0,1
116,60,1,1,9
117,35,0,0,9
118,65,0,0,4
119,30,1,0,8
120,42,0,0,8
121,49,0,0,3
122,43,0,0,3
123,40,0,1,9
124,28,0,0,3
125,37,1,0,8
126,46,0,0,5
127,48,0,0,3
128,45,0,1,3
129,64,0,1,2
130,35,1,1,4
131,35,1,0,9
132,60,1,0,4
133,68,1,0,4
134,63,0,0,1
135,33,0,0,2
136,69,1,0,8
137,65,0,0,2
138,25,1,0,3
139,21,0,1,4
140,39,0,0,1
141,59,0,0,9
142,25,1,0,7
143,67,0,1,8
144,24,0,0,6
145,37,0,1,6
146,37,0,0,2
147,59,0,1,4
148,65,0,0,1
149,45,0,0,7
150,31,0,1,3
151,22,1,1,4
152,25,1,0,6
153,45,1,1,2
154,29,1,0,3
155,41,0,0,1
156,54,0,1,5
157,47,0,0,7
158,22,1,0,6
159,60,1,1,2
160,21,1,1,4
161,62,0,1,2
162,38,1,0,6
163,52,0,0,9
164,24,1,0,1
165,24,0,1,3
166,50,1,0,5
167,67,0,0,6
168,22,1,0,4
169,26,0,0,8
170,36,1,0,4
171,25,1,0,5
172,49,1,0,3
173,31,0,0,3
174,25,0,1,7
175,30,0,0,7
176,31,0,0,3
177,33,1,1,9
178,20,0,0,7
179,18,1,1,5
180,36,1,0,7
181,50,1,0,9
182,63,1,0,7
183,45,1,0,4
184,18,1,0,2
185,46,0,1,9
186,34,0,1,1
187,26,1,1,5
188,29,1,0,4
189,31,1,0,7
190,61,1,0,7
191,18,1,0,6
192,56,0,0,2
193,31,0,1,1
194,29,1,0,4
195,38,0,1,9
196,54,1,1,6
197,58,0,1,3
198,61,1,0,1
199,65,0,0,3
200,46,1,0,2
201,55,0,0,3
202,69,0,0,7
203,19,1,0,8
204,49,0,0,4
205,52,1,0,2
206,52,1,0,1
207,66,1,1,9
208,60,1,0,7
209,24,1,0,8
210,69,1,1,6
211,67,1,0,7
212,55,1,0,5
213,52,0,0,3
214,42,0,1,4
215,54,1,0,8
216,54,1,1,6
217,28,0,1,9
218,50,1,0,4
219,32,0,0,7
220,65,0,0,7
221,21,1,0,7
222,45,0,1,4
223,47,1,0,4
224,26,1,0,6
225,35,1,0,2
226,68,1,0,8
227,46,1,0,6
228,47,0,0,3
229,30,0,1,7
230,51,0,0,5
231,34,0,0,6
232,66,1,0,4
233,50,0,0,5
234,22,0,0,5
235,61,0,0,7
236,44,1,0,4
237,33,1,0,7
238,41,0,0,4
239,35,1,1,1
240,64,1,0,1
241,57,1,0,1
242,65,1,0,6
243,63,1,0,1
244,23,1,0,9
245,18,0,1,6
246,37,1,0,6
247,65,0,0,6
248,55,1,0,8
249,59,0,0,6
250,19,1,1,4
251,54,0,1,1
252,58,1,0,7
253,37,0,0,4
254,61,0,0,8
255,20,1,0,8
256,38,1,0,9
257,57,0,0,1
258,32,1,0,7
259,28,0,1,5
260,40,0,0,6
261,34,1,0,9
262,39,1,0,8
263,30,1,0,8
264,28,1,0,1
265,60,1,0,7
266,65,0,0,4
267,34,1,0,2
268,63,0,1,4
269,25,0,0,6
270,33,1,0,8
271,43,1,1,6
272,63,0,0,9
273,32,1,0,8
274,28,0,0,4
275,37,1,1,1
276,47,1,0,3
277,21,1,0,1
278,39,1,0,7
279,56,0,0,5
280,30,0,0,4
281,59,1,1,9
282,28,1,0,7
283,29,1,0,6
284,57,0,0,7
285,45,0,1,2
286,31,1,0,3
287,28,1,1,9
288,21,0,0,4
289,66,1,1,8
290,45,1,0,3
291,40,1,0,1
292,38,0,0,3
293,51,0,0,7
294,35,0,0,6
295,63,1,0,1
296,51,1,1,1
297,36,0,0,8
298,20,0,1,2
299,39,0,0,1
300,65,1,1,2
301,47,1,1,5
302,43,0,0,9
303,24,0,0,8
304,64,1,1,5
305,36,0,0,7
306,32,0,0,6
307,39,1,0,3
308,31,0,1,3
309,54,0,0,2
310,60,0,0,4
311,53,0,0,5
312,28,1,0,9
313,55,1,0,1
314,26,1,0,8
315,29,0,0,2
316,42,0,0,8
317,23,0,0,1
318,41,1,0,5
319,33,1,0,5
320,67,0,0,9
321,43,1,0,1
322,69,1,0,8
323,37,1,0,8
324,52,0,0,6
325,51,0,0,9
326,65,0,1,1
327,30,1,0,7
328,27,0,0,4
329,18,1,1,7
330,28,0,0,2
331,56,0,0,5
332,22,0,0,3
333,66,1,1,8
334,62,1,0,1
335,64,0,1,5
336,55,0,0,6
337,54,1,0,3
338,36,0,0,9
339,65,0,0,5
340,59,0,0,9
341,48,1,0,1
342,25,0,0,6
343,38,1,0,8
344,25,0,0,1
345,50,0,0,5
346,67,0,0,3
347,60,1,1,7
348,66,0,1,7
349,55,1,0,9
350,18,1,1,8
351,54,1,0,7
352,38,1,1,9
353,46,1,0,3
354,69,0,0,6
355,53,1,0,3
356,56,1,1,4
357,42,0,0,3
358,41,0,0,4
359,38,0,1,2
360,24,0,0,2
361,35,1,1,7
362,69,0,0,6
363,61,0,0,1
364,30,1,0,1
365,38,0,0,9
366,59,1,0,5
367,30,1,0,4
368,35,0,0,4
369,66,0,0,9
370,31,1,0,9
371,24,1,1,2
372,53,1,0,5
373,30,1,0,4
374,43,0,1,5
375,45,1,0,2
376,48,0,0,6
377,58,1,1,7
378,18,1,0,5
379,41,0,0,1
380,69,0,0,6
381,30,1,1,8
382,63,0,0,9
383,63,1,0,4
384,26,0,0,6
385,66,1,0,6
386,59,1,0,9
387,67,0,0,3
388,21,0,0,7
389,41,0,0,7
390,55,0,0,2
391,60,1,0,4
392,52,1,0,5
393,54,1,1,1
394,51,1,0,2
395,32,0,1,7
396,34,1,1,1
397,22,1,0,6
398,27,1,0,1
399,33,1,0,7
400,41,0,0,3
401,28,1,1,3
402,41,1,1,7
403,49,1,0,3
404,58,1,0,2
405,28,1,0,1
406,58,1,0,5
407,28,1,1,6
408,63,1,0,4
409,68,1,0,9
410,20,0,0,6
411,37,0,1,8
412,38,0,0,1
413,22,1,0,3
414,37,1,1,8
415,33,0,0,2
416,30,0,0,4
417,65,1,0,2
418,48,1,0,3
419,49,0,1,5
420,39,0,0,6
421,51,1,1,8
422,46,0,1,2
423,30,1,1,3
424,28,1,1,9
425,60,0,1,7
426,24,1,1,8
427,39,1,0,5
428,23,0,0,3
429,52,0,0,9
430,20,0,1,8
431,38,1,0,7
432,23,0,0,7
433,20,1,0,5
434,43,0,0,4
435,46,1,0,5
436,27,1,1,1
437,37,0,0,6
438,21,0,0,9
439,57,0,0,1
440,36,1,1,6
441,27,0,1,1
442,68,1,0,6
443,45,0,0,1
444,69,1,1,2
445,53,0,0,8
446,36,1,0,4
447,36,1,0,1
448,51,1,1,5
449,27,1,1,1
450,24,0,0,8
451,24,1,0,2
452,32,1,1,4
453,50,1,1,4
454,19,0,0,2
455,28,0,0,6
456,24,0,0,2
457,54,0,0,6
458,24,1,1,1
459,51,1,0,1
460,45,1,0,1
461,34,1,0,1
462,23,0,0,1
463,37,1,0,9
464,35,0,0,8
465,33,1,1,4
466,64,0,0,5
467,49,1,0,7
468,25,0,1,6
469,21,1,0,5
470,37,1,1,7
471,25,1,0,6
472,69,0,0,2
473,40,0,0,3
474,55,1,0,4
475,44,0,0,5
476,38,0,1,4
477,66,0,0,9
478,46,1,0,3
479,67,0,0,4
480,30,1,1,2
481,69,0,0,5
482,28,1,0,3
483,26,0,0,3
484,23,1,1,6
485,62,1,1,5
486,59,0,0,7
487,33,0,0,1
488,18,1,1,2
489,52,0,1,2
490,37,0,0,8
491,35,0,1,6
492,57,1,0,7
493,53,0,0,9
494,54,0,0,8
495,60,0,0,2
496,36,0,0,2
497,23,1,1,2
498,21,1,0,7
499,28,0,0,1
500,56,0,0,4
501,57,1,0,9
502,60,0,0,6
503,59,0,0,3
504,23,1,1,4
505,59,1,1,2
506,68,0,0,8
507,37,1,0,4
508,46,0,1,6
509,23,0,1,3
510,26,1,1,8
511,51,0,0,2
512,22,1,1,9
513,61,0,0,7
514,53,1,0,4
515,53,1,0,2
516,58,1,0,2
517,68,1,0,7
518,18,1,0,7
519,45,1,0,4
520,29,0,0,3
521,36,1,0,5
522,49,1,0,8
523,28,0,0,8
524,34,1,0,1
525,31,1,1,4
526,22,1,0,9
527,41,0,0,6
528,28,0,0,3
529,50,1,0,6
530,68,1,0,1
531,56,1,1,6
532,41,0,0,1
533,39,0,0,9
534,38,1,1,5
535,32,0,0,6
536,32,1,0,6
537,56,1,0,8
538,40,1,0,5
539,21,0,1,8
540,19,1,1,9
541,69,0,1,1
542,27,0,0,6
543,67,0,0,1
544,35,1,0,7
545,22,1,0,7
546,33,0,1,7
547,30,1,1,6
548,56,1,0,5
549,54,1,0,7
550,24,0,1,9
551,63,0,1,7
552,26,1,0,1
553,40,1,1,7
554,21,1,0,7
555,66,1,1,9
556,23,0,0,9
557,42,0,0,6
558,54,0,0,8
559,27,1,1,2
560,38,1,1,4
561,44,1,0,8
562,23,1,0,3
563,69,1,0,9
564,32,1,1,3
565,57,1,0,1
566,67,0,1,8
567,69,1,1,8
568,20,0,0,4
569,51,1,0,6
570,69,1,0,1
571,22,1,0,9
572,33,1,0,9
573,54,0,0,2
574,29,0,0,5
575,63,0,0,7
576,20,1,1,7
577,27,0,1,1
578,30,0,0,2
579,31,0,0,1
580,22,1,0,4
581,19,1,0,9
582,54,1,0,5
583,38,0,0,6
584,51,0,1,6
585,31,1,0,6
586,47,0,0,4
587,24,0,0,7
588,57,0,0,2
589,42,1,0,9
590,18,0,0,5
591,31,0,0,2
592,58,1,0,5
593,31,0,0,1
594,33,1,1,8
595,19,0,0,5
596,36,1,0,7
597,33,1,1,9
598,37,0,1,5
599,56,0,0,3
600,21,0,1,3
601,22,1,1,5
602,53,0,1,9
603,27,1,0,4
604,21,0,1,4
605,43,0,0,8
606,19,0,0,6
607,57,0,0,6
608,61,1,0,6
609,66,1,1,5
610,18,1,1,3
611,35,1,0,1
612,62,0,0,9
613,27,1,0,3
614,57,0,1,8
615,33,1,0,4
616,51,0,1,1
617,28,0,1,1
618,59,1,0,2
619,44,0,0,7
620,29,0,1,2
621,54,1,0,4
622,59,0,0,6
623,24,1,1,8
624,69,1,1,6
625,23,1,1,2
626,55,1,0,5
627,41,0,0,6
628,40,1,0,1
629,62,0,0,2
630,60,0,0,3
631,29,1,0,2
632,18,1,0,7
633,32,0,0,7
634,64,1,0,9
635,21,1,0,5
636,43,0,0,4
637,31,0,1,2
638,48,0,0,4
639,26,0,0,1
640,55,1,0,2
641,57,1,0,8
642,47,0,0,9
643,51,1,1,5
644,32,0,0,5
645,67,0,0,7
646,64,0,0,3
647,41,1,0,8
648,21,0,0,4
649,30,0,0,9
650,20,1,1,1
651,53,0,1,6
652,66,0,0,9
653,68,1,0,3
654,65,0,0,3
655,28,0,1,6
656,65,1,1,2
657,36,0,0,9
658,54,0,0,2
659,40,0,1,9
660,27,1,0,9
661,45,0,1,4
662,60,0,1,6
663,57,1,1,2
664,38,1,1,3
665,37,1,1,6
666,39,1,1,9
667,67,0,1,5
668,29,1,1,8
669,56,0,0,5
670,27,0,1,2
671,48,0,0,4
672,26,0,0,5
673,43,1,1,3
674,46,1,1,7
675,31,1,0,9
676,53,1,0,7
677,43,1,0,5
678,66,1,0,4
679,67,0,0,2
680,60,1,0,3
681,49,1,0,1
682,31,0,1,5
683,24,0,1,9
684,57,0,0,2
685,20,0,0,4
686,53,1,1,6
687,38,0,1,4
688,31,0,0,6
689,25,1,0,3
690,25,1,1,5
691,35,0,0,3
692,26,0,1,1
693,45,1,0,4
694,45,1,0,2
695,29,1,0,1
696,40,0,0,7
697,35,1,0,7
698,60,0,0,8
699,18,1,0,6
700,59,1,1,4
701,58,0,1,9
702,69,1,1,4
703,42,0,0,6
704,65,0,1,2
705,49,1,0,7
706,60,0,1,6
707,24,1,0,7
708,53,1,0,9
709,52,0,1,4
710,29,0,0,2
711,19,1,0,9
712,58,0,0,2
713,39,1,0,4
714,68,1,0,4
715,36,0,0,6
716,27,1,0,1
717,37,0,0,8
718,20,1,1,1
719,32,0,1,1
720,18,1,0,6
721,54,1,1,7
722,53,0,0,8
723,22,0,0,6
724,57,1,0,5
725,62,1,0,8
726,24,0,0,9
727,63,0,0,6
728,44,0,1,5
729,24,1,0,3
730,69,1,0,1
731,33,0,0,3
732,67,0,0,9
733,61,0,1,4
734,52,1,0,7
735,48,1,0,2
736,48,1,0,8
737,18,1,0,5
738,32,1,0,5
739,49,0,0,8
740,68,0,0,2
741,25,0,1,9
742,55,0,1,2
743,46,0,0,4
744,68,0,0,5
745,35,1,0,7
746,44,0,0,1
747,49,1,1,6
748,40,0,0,5
749,69,0,0,7
750,22,0,0,1
751,49,0,0,4
752,62,0,1,6
753,42,1,0,7
754,30,0,0,5
755,56,1,0,4
756,34,0,0,5
757,37,0,0,5
758,34,1,0,1
759,56,0,1,9
760,58,1,0,2
761,66,1,1,2
762,64,1,0,2
763,43,0,0,8
764,62,1,0,2
765,61,1,0,1
766,29,1,0,6
767,20,1,0,1
768,54,1,1,4
769,48,0,1,4
770,52,0,0,4
771,23,0,0,5
772,61,1,0,3
773,65,0,0,1
774,57,0,0,6
775,29,1,0,1
776,56,0,0,9
777,59,1,0,2
778,35,1,0,1
779,40,0,0,2
780,21,0,0,3
781,44,1,0,1
782,43,0,1,2
783,67,0,1,3
784,53,1,0,9
785,25,0,0,8
786,25,1,0,9
787,37,0,0,1
788,26,1,1,1
789,49,0,0,4
790,32,1,0,1
791,35,1,0,4
792,41,1,1,2
793,53,0,0,8
794,20,1,0,6
795,52,1,0,7
796,69,0,0,8
797,38,0,1,7
798,46,0,1,9
799,25,0,1,8
800,21,0,0,3
801,43,0,1,5
802,33,1,0,1
803,64,0,0,5
804,48,1,0,7
805,34,0,0,1
806,56,0,0,8
807,62,0,0,2
808,68,0,0,7
809,19,0,0,3
810,23,1,0,1
811,20,1,0,7
812,51,1,1,6
813,18,1,0,7
814,44,1,0,1
815,58,1,1,1
816,55,1,1,9
817,50,0,1,4
818,18,0,0,3
819,20,0,0,9
820,49,0,1,4
821,40,0,1,3
822,26,0,0,5
823,57,1,0,2
824,27,0,1,9
825,52,0,1,3
826,56,0,0,9
827,69,1,0,8
828,58,1,0,7
829,43,1,0,9
830,19,0,1,7
831,54,1,1,9
832,59,0,1,1
833,60,1,0,9
834,69,1,0,4
835,41,0,0,8
836,57,1,1,7
837,30,0,1,4
838,32,1,0,3
839,54,1,0,8
840,31,0,0,8
841,23,1,0,8
842,59,1,0,6
843,28,0,0,6
844,26,1,0,8
845,67,0,0,8
846,60,0,0,3
847,64,0,0,7
848,36,0,0,1
849,42,0,0,7
850,34,0,1,1
851,55,1,0,7
852,19,0,0,5
853,18,1,1,1
854,55,0,0,7
855,26,1,1,9
856,49,1,0,8
857,52,0,0,5
858,40,1,0,7
859,39,0,0,6
860,56,1,0,7
861,39,1,0,9
862,31,0,0,7
863,29,1,0,1
864,44,0,0,7
865,51,0,0,4
866,46,1,1,7
867,46,0,1,7
868,33,0,0,7
869,39,1,0,2
870,60,1,0,3
871,27,0,0,6
872,56,1,0,9
873,25,1,0,4
874,48,1,1,7
875,69,1,0,1
876,58,0,0,3
877,67,1,1,7
878,57,0,1,3
879,46,0,0,7
880,62,1,0,3
881,31,0,1,7
882,47,1,0,8
883,18,1,0,8
884,50,1,1,4
885,37,1,0,3
886,56,0,0,1
887,60,0,0,4
888,29,0,0,1
889,35,0,0,1
890,49,1,0,8
891,18,1,0,9
892,39,0,0,2
893,65,0,1,3
894,38,1,1,2
895,58,1,1,4
896,64,1,1,7
897,34,0,0,1
898,64,0,0,2
899,18,0,0,3
900,25,0,1,8
901,52,0,0,1
902,44,0,0,5
903,57,1,1,5
904,63,1,0,6
905,59,0,1,1
906,19,0,1,4
907,30,1,0,1
908,41,0,0,8
909,21,1,0,5
910,48,0,0,7
911,24,0,0,8
912,48,1,0,8
913,23,0,0,9
914,22,0,0,5
915,30,1,0,3
916,54,1,0,9
917,25,0,0,7
918,32,0,0,9
919,52,0,1,2
920,59,1,0,1
921,42,0,0,9
922,43,0,1,9
923,52,1,0,9
924,55,1,1,6
925,24,1,0,1
926,35,0,0,1
927,34,1,0,1
928,36,0,1,5
929,54,1,0,6
930,40,1,1,8
931,47,0,1,8
932,55,0,1,2
933,62,0,0,1
934,26,1,0,9
935,55,0,1,9
936,66,1,0,6
937,45,1,0,5
938,47,1,0,5
939,18,0,0,8
940,23,0,0,9
941,55,0,0,7
942,66,1,0,7
943,68,0,0,9
944,30,0,0,8
945,67,1,0,5
946,38,1,0,7
947,69,0,0,3
948,69,0,0,5
949,55,0,1,2
950,56,1,0,9
951,60,1,0,5
952,54,1,0,6
953,53,0,0,3
954,68,1,1,9
955,48,0,0,7
956,48,1,0,9
957,46,0,0,7
958,57,1,0,9
959,41,1,0,4
960,22,0,0,5
961,18,1,0,9
962,32,0,0,1
963,34,0,0,7
964,31,1,1,6
965,53,0,1,7
966,25,1,0,8
967,69,1,0,4
968,58,1,0,4
969,25,0,0,6
970,28,1,0,8
971,59,0,0,2
972,61,1,0,1
973,19,1,0,3
974,29,1,0,5
975,61,0,1,9
976,26,1,0,1
977,33,1,1,3
978,20,0,0,4
979,40,0,0,5
980,18,0,1,5
981,51,0,1,2
982,18,1,1,2
983,19,0,0,7
984,59,0,0,5
985,24,1,1,9
986,51,1,0,5
987,55,1,0,7
988,67,1,0,6
989,22,1,0,9
990,50,1,0,3
991,20,1,1,3
992,58,1,0,4
993,55,1,0,3
994,68,0,1,2
995,66,1,0,4
996,63,1,0,8
997,46,1,1,9
998,47,1,0,4
999,54,0,0,1
1000,32,1,0,6
1001,36,0,0,8
1002,49,0,0,8
1003,43,1,0,5
1004,39,0,0,3
1005,58,0,1,5
1006,24,1,0,6
1007,41,0,0,4
1008,36,1,0,3
1009,29,1,0,2
1010,28,1,0,7
1011,66,1,0,7
1012,39,1,0,3
1013,67,1,0,2
1014,36,0,0,3
1015,54,0,1,7
1016,44,0,1,8
1017,18,1,0,9
1018,54,0,0,7
1019,26,0,0,5
1020,46,0,0,2
1021,61,0,1,2
1022,20,1,0,1
1023,65,1,0,8
1024,35,0,0,6
1025,23,0,1,2
1026,30,0,1,5
1027,58,0,0,5
1028,26,1,0,8
1029,22,1,1,9
1030,63,0,0,6
1031,36,0,0,2
1032,29,0,0,7
1033,25,1,0,6
1034,49,1,0,5
1035,46,1,0,2
1036,37,0,1,5
1037,43,0,0,6
1038,49,1,1,7
1039,56,0,1,3
1040,23,1,0,7
1041,26,1,1,7
1042,62,0,0,5
1043,49,0,1,4
1044,46,1,1,2
1045,41,0,1,3
1046,37,1,0,3
1047,50,1,0,1
1048,59,0,1,6
1049,67,1,0,2
1050,19,1,1,3
1051,45,1,0,2
1052,61,1,1,5
1053,47,0,1,2
1054,39,0,0,8
1055,45,0,0,2
1056,43,0,0,8
1057,22,1,1,8
1058,49,0,0,8
1059,53,0,1,6
1060,66,0,0,5
1061,39,0,0,8
1062,38,1,0,4
1063,29,0,0,9
1064,62,0,0,9
1065,55,1,1,8
1066,61,0,0,6
1067,68,0,0,8
1068,48,1,1,7
1069,52,0,0,9
1070,57,1,1,2
1071,52,1,0,4
1072,48,0,0,9
1073,66,1,0,2
1074,23,0,0,5
1075,44,0,0,4
1076,66,1,0,3
1077,59,1,1,4
1078,45,1,0,5
1079,52,0,1,6
1080,48,0,0,7
1081,56,0,0,7
1082,46,1,0,8
1083,57,0,0,3
1084,55,1,1,5
1085,48,0,0,6
1086,20,0,1,8
1087,34,1,1,2
1088,44,0,0,8
1089,31,0,0,7
1090,54,1,0,1
1091,42,0,1,5
1092,36,1,0,4
1093,66,0,0,3
1094,63,0,1,9
1095,40,0,0,6
1096,28,1,0,4
1097,60,1,0,6
1098,44,1,0,8
1099,43,1,0,3
1100,36,1,0,8
1101,28,1,1,1
1102,59,1,1,2
1103,52,0,1,2
1104,30,1,0,2
1105,27,1,1,5
1106,47,0,0,7
1107,58,0,1,2
1108,20,0,1,8
1109,18,0,1,1
1110,64,0,0,8
1111,45,0,0,8
1112,66,1,1,5
1113,48,1,1,6
1114,35,0,1,7
1115,44,1,0,3
1116,58,1,0,9
1117,41,0,1,4
1118,38,0,0,8
1119,45,0,0,5
1120,32,0,1,9
1121,28,0,0,4
1122,66,1,0,6
1123,43,0,0,1
1124,39,1,1,3
1125,22,1,0,1
1126,35,0,1,1
1127,49,1,0,6
1128,55,1,1,4
1129,62,0,1,1
1130,52,1,1,5
1131,20,0,0,2
1132,27,1,0,7
1133,46,1,0,6
1134,50,0,0,8
1135,21,0,0,7
1136,57,0,1,4
1137,56,0,1,8
1138,29,0,0,5
1139,24,0,0,3
1140,25,0,0,4
1141,32,0,0,2
1142,19,0,0,7
1143,52,0,0,5
1144,45,0,0,4
1145,43,0,1,2
1146,30,1,0,1
1147,22,0,0,9
1148,52,0,0,5
1149,21,1,0,3
1150,62,0,0,7
1151,61,0,1,7
1152,44,1,0,3
1153,57,0,0,2
1154,38,0,1,3
1155,62,0,0,6
1156,23,0,1,4
1157,59,0,0,9
1158,37,0,1,5
1159,18,0,0,4
1160,20,1,1,3
1161,59,1,0,5
1162,26,0,0,9
1163,19,0,0,7
1164,34,0,1,2
1165,25,0,1,4
1166,67,1,1,2
1167,28,0,1,4
1168,37,0,1,1
1169,35,0,0,8
1170,57,1,0,3
1171,50,0,0,4
1172,60,0,1,5
1173,61,0,1,9
1174,55,1,0,1
1175,54,0,0,6
1176,63,0,0,5
1177,46,1,0,9
1178,28,1,0,4
1179,25,0,1,5
1180,45,1,0,7
1181,58,0,0,1
1182,25,0,1,4
1183,66,0,0,7
1184,51,1,0,3
1185,45,0,0,1
1186,54,0,0,8
1187,36,1,1,8
1188,42,1,0,6
1189,65,1,0,6
1190,69,1,0,6
1191,41,1,0,4
1192,41,0,0,7
1193,63,1,0,9
1194,47,0,0,3
1195,49,1,0,2
1196,32,1,0,4
1197,46,1,1,8
1198,31,0,0,2
1199,62,1,0,4
1200,28,1,0,7
1201,30,0,0,4
1202,63,0,0,8
1203,20,1,0,2
1204,37,0,0,3
1205,64,1,0,7
1206,53,0,0,7
1207,53,0,1,5
1208,69,0,1,5
1209,18,0,1,8
1210,26,1,1,5
1211,28,0,0,3
1212,69,0,0,2
1213,61,0,0,5
1214,47,0,0,9
1215,46,1,0,2
1216,29,0,0,5
1217,27,0,0,9
1218,57,1,1,6
1219,57,1,1,5
1220,51,0,0,7
1221,37,1,0,9
1222,51,1,0,7
1223,34,1,0,4
1224,34,1,0,8
1225,30,0,0,8
1226,29,1,1,1
1227,50,1,1,4
1228,49,1,0,4
1229,22,1,0,2
1230,54,1,1,1
1231,42,0,0,9
1232,54,0,0,9
1233,66,0,1,2
1234,37,1,1,9
1235,62,1,0,9
1236,45,1,1,4
1237,20,1,0,3
1238,62,0,1,2
1239,32,1,0,2
1240,68,0,1,5
1241,65,0,0,5
1242,66,1,1,2
1243,37,0,0,9
1244,69,1,0,4
1245,63,1,0,1
1246,67,0,0,5
1247,45,1,1,1
1248,25,0,1,8
1249,62,1,0,4
1250,66,0,0,6
1251,29,1,0,3
1252,49,0,0,8
1253,45,0,0,5
1254,21,0,1,4
1255,55,0,1,3
1256,46,1,0,8
1257,30,1,0,5
1258,33,0,0,6
1259,25,1,0,7
1260,44,1,0,6
1261,59,1,1,7
1262,19,1,1,7
1263,28,0,0,9
1264,28,0,0,4
1265,54,0,0,5
1266,54,1,1,6
1267,48,0,1,1
1268,31,0,0,6
1269,43,1,0,2
1270,33,1,1,5
1271,46,0,0,8
1272,46,0,0,1
1273,40,0,0,8
1274,62,0,0,4
1275,51,1,0,1
1276,34,1,0,5
1277,26,0,0,6
1278,65,1,0,2
1279,20,1,1,9
1280,50,1,0,1
1281,41,1,0,4
1282,49,0,0,4
1283,19,0,0,8
1284,53,0,0,9
1285,20,1,0,1
1286,58,0,0,8
1287,52,0,0,2
1288,51,1,0,4
1289,40,1,1,5
1290,66,0,1,8
1291,69,0,0,6
1292,59,1,0,7
1293,64,0,0,3
1294,20,0,0,4
1295,32,0,0,9
1296,22,0,1,1
1297,59,0,0,7
1298,59,0,0,2
1299,56,1,1,3
1300,19,0,1,7
1301,20,0,1,6
1302,36,1,0,6
1303,33,0,0,2
1304,61,0,1,2
1305,57,0,0,7
1306,35,1,0,2
1307,69,1,0,7
1308,19,1,0,7
1309,21,1,0,5
1310,29,0,1,3
1311,31,1,0,1
1312,21,1,0,1
1313,68,1,1,3
1314,60,1,1,2
1315,69,1,1,6
1316,31,0,0,5
1317,26,0,1,8
1318,68,1,1,4
1319,28,1,0,5
1320,30,0,0,8
1321,43,0,1,2
1322,56,0,1,2
1323,31,1,0,6
1324,61,1,0,3
1325,64,0,0,3
1326,38,1,0,8
1327,26,0,0,7
1328,40,0,0,7
1329,34,0,0,4
1330,44,1,0,5
1331,31,1,0,7
1332,50,1,0,6
1333,64,0,0,5
1334,31,0,0,3
1335,64,1,0,7
1336,42,0,0,4
1337,32,1,0,3
1338,44,0,0,3
1339,64,1,0,8
1340,21,0,1,9
1341,26,1,1,3
1342,18,1,0,7
1343,51,1,1,4
1344,34,0,1,8
1345,38,0,0,2
1346,68,0,0,9
1347,64,0,0,5
1348,67,0,1,5
1349,65,0,0,6
1350,21,0,0,9
1351,51,0,0,3
1352,32,0,0,9
1353,40,1,0,6
1354,46,0,0,6
1355,37,0,0,1
1356,46,1,1,3
1357,69,0,0,5
1358,36,1,0,4
1359,56,0,0,1
1360,39,0,1,8
1361,48,0,0,1
1362,28,1,0,6
1363,50,1,0,2
1364,31,0,0,5
1365,43,1,1,1
1366,27,0,0,4
1367,43,1,0,8
1368,59,0,0,9
1369,65,1,0,9
1370,57,0,0,5
1371,22,0,0,5
1372,46,0,0,3
1373,42,0,0,4
1374,60,0,0,8
1375,23,1,1,9
1376,68,1,0,4
1377,52,1,0,8
1378,57,1,0,7
1379,59,1,0,5
1380,63,1,1,9
1381,27,1,0,7
1382,22,0,1,1
1383,43,0,1,1
1384,18,1,1,6
1385,45,1,1,7
1386,68,0,0,6
1387,54,1,0,9
1388,24,1,1,9
1389,52,1,1,9
1390,56,1,0,7
1391,19,0,0,8
1392,52,1,1,4
1393,69,0,0,5
1394,48,1,1,8
1395,58,0,0,8
1396,56,1,1,8
1397,18,0,0,4
1398,66,0,1,6
1399,50,0,1,3
1400,31,0,1,6
1401,65,1,0,1
1402,49,0,0,3
1403,47,1,1,9
1404,30,0,1,1
1405,58,1,1,9
1406,19,1,0,5
1407,28,0,1,7
1408,50,0,0,7
1409,45,1,1,5
1410,68,0,0,6
1411,46,1,0,8
1412,22,1,1,8
1413,18,1,1,5
1414,53,0,1,1
1415,31,1,0,9
1416,34,1,0,7
1417,40,1,1,9
1418,53,1,0,2
1419,30,0,0,7
1420,56,0,0,9
1421,59,0,0,5
1422,41,1,1,7
1423,63,1,0,6
1424,60,0,1,4
1425,67,0,0,2
1426,36,0,0,8
1427,66,0,0,6
1428,60,1,1,8
1429,57,0,0,1
1430,62,0,1,1
1431,24,0,0,6
1432,50,1,0,1
1433,61,0,0,6
1434,52,0,0,3
1435,39,1,0,8
1436,39,0,1,7
1437,43,1,0,9
1438,40,0,0,8
1439,47,1,0,6
1440,59,1,1,7
1441,41,1,0,5
1442,55,1,0,9
1443,50,1,1,9
1444,53,1,0,8
1445,40,1,1,7
1446,30,1,1,9
1447,46,1,0,6
1448,58,1,1,2
1449,32,0,0,2
1450,37,0,0,1
1451,26,1,1,4
1452,65,1,0,6
1453,21,0,0,1
1454,39,1,0,5
1455,59,0,0,5
1456,29,1,0,2
1457,36,0,0,8
1458,67,1,0,2
1459,61,0,0,8
1460,51,0,0,6
1461,38,0,0,6
1462,62,1,0,6
1463,44,1,1,9
1464,35,1,0,2
1465,37,0,0,5
1466,65,0,0,6
1467,42,0,0,5
1468,60,1,1,8
1469,56,1,0,3
1470,62,0,0,8
1471,33,0,0,9
1472,21,1,0,7
1473,24,1,1,6
1474,66,0,0,7
1475,57,0,1,9
1476,62,1,0,7
1477,28,1,0,4
1478,27,0,0,1
1479,45,1,0,7
1480,59,1,0,5
1481,64,1,0,1
1482,27,1,0,3
1483,60,0,1,6
1484,55,1,0,5
1485,27,1,0,9
1486,36,1,1,6
1487,28,0,0,1
1488,58,0,1,4
1489,50,1,0,1
1490,20,1,0,6
1491,32,0,0,4
1492,67,0,1,3
1493,69,0,1,1
1494,55,0,1,3
1495,26,1,1,7
1496,61,1,1,9
1497,50,0,0,7
1498,58,0,1,4
1499,43,0,0,5
1500,27,1,0,1
1501,66,0,1,8
1502,32,1,0,5
1503,38,1,0,4
1504,64,1,0,1
1505,24,1,1,7
1506,37,0,0,4
1507,54,1,0,1
1508,26,1,0,6
1509,29,0,0,7
1510,44,0,0,7
1511,51,1,1,4
1512,65,0,0,1
1513,57,0,0,5
1514,61,1,1,1
1515,20,1,0,2
1516,45,0,0,9
1517,34,0,0,3
1518,37,1,1,3
1519,63,1,0,9
1520,40,0,0,6
1521,22,1,0,2
1522,20,1,0,1
1523,20,1,0,2
1524,28,0,0,9
1525,52,1,0,2
1526,41,1,1,9
1527,64,1,1,4
1528,60,1,0,4
1529,32,0,0,6
1530,26,1,0,6
1531,40,1,1,2
1532,40,0,0,6
1533,22,0,0,7
1534,69,1,1,1
1535,41,1,1,4
1536,41,1,0,9
1537,48,0,0,7
1538,34,1,1,4
1539,41,1,0,3
1540,57,0,0,8
1541,43,1,0,4
1542,42,0,0,4
1543,48,0,1,1
1544,51,1,1,3
1545,50,1,0,8
1546,63,1,1,4
1547,30,1,0,3
1548,33,0,0,4
1549,20,0,1,1
1550,65,1,0,5
1551,45,0,0,2
1552,32,0,0,8
1553,38,0,0,1
1554,18,0,0,2
1555,24,1,0,9
1556,28,1,1,8
1557,27,0,1,4
1558,44,0,0,7
1559,59,1,0,7
1560,45,0,1,1
1561,33,1,0,1
1562,35,0,0,1
1563,19,0,1,1
1564,43,0,1,3
1565,60,0,1,7
1566,67,0,0,7
1567,33,1,0,1
1568,36,0,0,3
1569,57,1,0,6
1570,38,1,1,9
1571,53,1,1,3
1572,40,0,1,3
1573,68,0,0,4
1574,68,0,1,6
1575,21,1,0,8
1576,57,1,0,8
1577,51,1,0,3
1578,57,1,1,1
1579,67,0,0,5
1580,50,0,0,5
1581,25,0,0,3
1582,39,0,0,1
1583,58,1,0,9
1584,56,0,1,3
1585,25,0,1,8
1586,28,0,1,5
1587,21,1,0,3
1588,48,1,0,3
1589,42,1,1,7
1590,46,1,0,6
1591,41,0,0,8
1592,65,1,0,3
1593,65,0,1,5
1594,62,1,0,5
1595,41,0,0,9
1596,52,1,0,1
1597,58,1,0,2
1598,67,1,0,5
1599,18,1,0,5
1600,22,1,0,1
1601,45,1,0,7
1602,32,1,0,3
1603,46,0,1,9
1604,22,1,0,1
1605,38,0,0,1
1606,50,0,0,8
1607,22,0,0,7
1608,24,0,0,8
1609,31,1,0,2
1610,29,0,1,3
1611,68,1,1,2
1612,35,0,1,5
1613,53,0,1,4
1614,27,0,1,6
1615,33,0,1,5
1616,23,1,1,7
1617,32,1,1,5
1618,22,0,0,1
1619,35,1,0,3
1620,61,0,1,4
1621,50,1,0,1
1622,44,0,0,8
1623,43,0,0,6
1624,24,1,0,4
1625,30,1,0,9
1626,53,0,0,7
1627,46,1,0,6
1628,22,0,1,7
1629,54,1,0,4
1630,63,1,0,2
1631,18,1,0,3
1632,65,1,1,6
1633,39,0,0,9
1634,33,0,0,3
1635,42,0,1,5
1636,49,1,1,9
1637,32,1,0,2
1638,61,1,1,7
1639,35,0,1,3
1640,60,1,1,8
1641,41,1,1,9
1642,54,0,1,6
1643,46,1,0,6
1644,59,0,0,6
1645,62,0,0,6
1646,20,0,0,3
1647,46,1,0,3
1648,18,0,0,2
1649,28,1,0,7
1650,49,0,0,6
1651,52,1,0,6
1652,18,0,0,7
1653,23,1,0,1
1654,45,1,0,8
1655,22,1,0,3
1656,33,0,1,6
1657,68,0,0,9
1658,47,0,1,5
1659,21,1,0,3
1660,56,1,0,4
1661,39,1,1,7
1662,64,1,0,2
1663,41,1,0,7
1664,54,0,0,8
1665,59,0,1,3
1666,53,1,0,1
1667,25,0,0,5
1668,54,1,1,2
1669,60,0,1,7
1670,26,1,0,2
1671,66,0,0,9
1672,43,0,0,4
1673,52,0,0,2
1674,50,0,0,7
1675,20,0,0,1
1676,39,0,0,6
1677,61,1,0,9
1678,53,0,0,7
1679,34,0,0,2
1680,47,1,1,3
1681,51,0,0,5
1682,44,0,0,9
1683,41,0,0,3
1684,64,1,0,5
1685,44,0,1,9
1686,56,1,0,7
1687,40,0,0,3
1688,46,0,0,4
1689,29,0,1,2
1690,69,1,1,2
1691,18,1,0,8
1692,63,0,0,4
1693,47,1,1,5
1694,30,1,0,3
1695,56,1,1,5
1696,50,0,1,8
1697,18,0,0,8
1698,66,0,0,2
1699,34,1,0,2
1700,65,1,0,1
1701,26,0,1,3
1702,29,0,0,8
1703,22,0,0,5
1704,22,1,0,9
1705,31,0,1,3
1706,68,1,1,7
1707,31,1,1,7
1708,66,1,0,6
1709,24,0,1,6
1710,66,1,0,7
1711,54,1,0,5
1712,65,0,1,6
1713,67,0,1,5
1714,21,0,0,2
1715,35,1,0,8
1716,42,1,0,3
1717,39,1,0,5
1718,55,0,0,6
1719,45,0,0,7
1720,41,1,0,2
1721,52,0,0,1
1722,48,0,0,9
1723,54,0,0,1
1724,23,1,0,8
1725,67,1,0,5
1726,49,1,0,6
1727,53,1,1,1
1728,47,0,1,9
1729,30,1,1,8
1730,31,0,1,1
1731,47,1,0,4
1732,67,1,0,2
1733,47,1,0,2
1734,38,1,0,2
1735,29,1,0,2
1736,38,0,1,2
1737,57,0,1,3
1738,64,1,0,7
1739,42,1,1,8
1740,41,1,0,8
1741,37,0,0,8
1742,61,1,0,2
1743,48,1,0,9
1744,51,0,0,4
1745,20,0,0,3
1746,30,1,0,2
1747,59,1,0,7
1748,50,1,1,8
1749,67,0,0,7
1750,60,1,0,5
1751,67,0,1,1
1752,48,1,0,5
1753,32,0,1,1
1754,39,0,0,5
1755,35,0,1,5
1756,31,1,0,3
1757,28,1,0,6
1758,49,0,1,9
1759,45,0,0,9
1760,50,1,1,2
1761,66,1,0,5
1762,47,0,0,7
1763,55,1,1,1
1764,58,0,1,2
1765,58,1,0,5
1766,26,1,0,1
1767,31,1,1,2
1768,25,0,0,6
1769,69,1,1,7
1770,65,0,0,1
1771,64,1,0,7
1772,65,0,0,4
1773,40,0,0,9
1774,38,0,0,2
1775,65,1,1,1
1776,33,1,0,5
1777,25,0,0,7
1778,33,0,1,7
1779,21,0,0,3
1780,24,1,1,1
1781,24,1,0,9
1782,62,1,0,3
1783,65,1,0,8
1784,49,0,0,9
1785,20,1,0,8
1786,28,1,0,2
1787,68,1,0,5
1788,22,1,0,8
1789,32,1,0,4
1790,58,0,1,1
1791,55,0,0,5
1792,60,1,1,4
1793,35,1,0,1
1794,48,1,1,6
1795,29,0,1,5
1796,36,1,0,6
1797,47,0,1,2
1798,62,0,0,2
1799,18,0,0,9
1800,45,0,0,5
1801,59,1,0,8
1802,26,0,1,9
1803,21,1,0,9
1804,21,0,1,5
1805,56,0,0,5
1806,50,0,0,5
1807,21,0,0,1
1808,47,1,0,2
1809,27,0,0,3
1810,36,0,0,1
1811,58,0,0,4
1812,24,0,1,8
1813,52,1,0,8
1814,51,0,0,9
1815,19,0,0,3
1816,39,1,0,9
1817,27,0,0,3
1818,23,0,0,6
1819,55,0,1,9
1820,40,1,0,3
1821,48,0,1,5
1822,44,1,1,7
1823,60,0,0,2
1824,58,1,1,9
1825,58,0,1,9
1826,68,1,1,6
1827,44,0,0,7
1828,58,1,0,2
1829,41,0,0,5
1830,66,1,0,9
1831,33,0,1,8
1832,19,0,0,5
1833,24,0,0,1
1834,25,1,0,5
1835,31,0,1,7
1836,27,0,1,6
1837,48,1,0,4
1838,38,1,1,3
1839,26,1,0,4
1840,30,1,1,2
1841,27,0,0,4
1842,20,0,0,5
1843,25,1,0,8
1844,48,1,0,6
1845,59,1,0,4
1846,52,0,1,6
1847,65,1,0,7
1848,48,0,1,3
1849,38,0,0,8
1850,47,1,0,8
1851,37,1,0,6
1852,65,0,0,9
1853,31,0,0,1
1854,40,0,1,1
1855,31,0,1,6
1856,23,0,1,9
1857,47,0,0,6
1858,30,1,0,3
1859,55,1,0,6
1860,46,1,1,3
1861,44,1,0,2
1862,61,1,0,9
1863,67,0,0,7
1864,62,0,1,9
1865,46,1,0,5
1866,19,1,0,1
1867,61,1,1,8
1868,31,0,0,3
1869,42,1,0,6
1870,45,0,1,5
1871,42,1,0,7
1872,43,1,0,2
1873,21,1,1,4
1874,67,1,0,2
1875,66,1,0,9
1876,38,0,0,1
1877,54,1,0,2
1878,20,0,1,9
1879,20,0,0,1
1880,32,1,1,3
1881,36,0,0,1
1882,32,1,1,1
1883,54,1,0,1
1884,21,1,1,3
1885,36,1,1,3
1886,57,0,0,5
1887,59,0,0,8
1888,54,1,1,7
1889,69,0,0,3
1890,57,0,0,6
1891,46,0,0,9
1892,34,0,0,4
1893,37,1,0,9
1894,67,1,0,3
1895,62,0,0,8
1896,61,0,1,1
1897,56,1,0,3
1898,52,1,0,5
1899,21,1,1,5
1900,31,1,0,4
1901,33,1,0,8
1902,32,0,0,2
1903,26,1,0,8
1904,49,0,0,2
1905,39,0,1,9
1906,53,0,0,1
1907,33,0,0,9
1908,19,1,0,9
1909,49,1,1,8
1910,65,0,0,1
1911,67,0,0,3
1912,63,1,1,4
1913,29,1,0,6
1914,25,1,0,8
1915,20,0,0,7
1916,32,0,0,3
1917,46,0,1,5
1918,22,1,1,4
1919,54,1,0,9
1920,65,1,0,6
1921,60,1,0,3
1922,40,0,0,7
1923,45,0,0,5
1924,58,1,0,9
1925,23,1,0,8
1926,67,0,1,6
1927,40,0,1,5
1928,23,1,1,5
1929,41,1,1,6
1930,36,0,1,5
1931,20,1,0,4
1932,22,1,0,3
1933,64,1,0,5
1934,62,1,1,6
1935,64,0,0,6
1936,41,0,0,4
1937,50,1,0,6
1938,32,1,0,7
1939,27,0,0,4
1940,32,0,0,8
1941,51,1,0,9
1942,49,0,1,1
1943,64,1,1,5
1944,64,0,0,3
1945,29,1,0,2
1946,48,0,0,2
1947,33,1,1,7
1948,46,0,0,6
1949,46,1,1,8
1950,68,0,0,1
1951,46,0,1,8
1952,52,1,0,1
1953,58,0,0,4
1954,38,0,1,1
1955,45,0,1,9
1956,22,0,0,3
1957,27,1,0,9
1958,39,0,0,5
1959,50,1,0,4
1960,51,1,0,4
1961,58,0,0,2
1962,52,1,0,2
1963,62,1,0,8
1964,46,0,0,5
1965,60,1,0,1
1966,35,0,0,6
1967,54,0,1,6
1968,19,1,0,1
1969,18,0,1,9
1970,50,0,0,2
1971,25,1,1,9
1972,25,0,0,3
1973,62,0,0,4
1974,34,1,0,1
1975,40,0,0,2
1976,37,1,0,5
1977,65,1,1,7
1978,56,1,1,6
1979,61,1,1,9
1980,22,0,0,7
1981,60,1,1,8
1982,37,0,1,1
1983,36,0,0,6
1984,35,0,0,9
1985,63,0,0,8
1986,68,1,0,4
1987,54,1,0,4
1988,59,1,0,1
1989,43,0,0,5
1990,60,0,0,6
1991,39,0,1,4
1992,63,0,0,2
1993,61,0,1,9
1994,67,1,0,2
1995,68,1,1,4
1996,61,1,1,1
1997,37,0,1,4
1998,30,1,0,1
1999,43,1,0,2
2000,64,0,0,2
2001,39,0,0,7
2002,23,1,0,3
2003,65,0,0,3
2004,21,0,0,7
2005,27,1,0,3
2006,26,0,1,4
2007,43,0,0,3
2008,61,0,0,4
2009,27,1,0,5
2010,53,1,0,1
2011,44,0,1,3
2012,51,1,1,1
2013,60,0,0,4
2014,51,0,0,3
2015,62,0,0,6
2016,31,0,0,9
2017,41,1,0,2
2018,32,0,0,7
2019,38,1,0,6
2020,34,0,0,5
2021,41,1,1,7
2022,50,0,1,4
2023,39,0,1,9
2024,45,1,0,5
2025,20,1,1,4
2026,38,1,0,7
2027,55,0,0,1
2028,30,0,1,9
2029,68,1,0,2
2030,33,0,0,5
2031,56,0,1,1
2032,23,1,0,4
2033,64,0,1,6
2034,45,1,0,2
2035,24,0,0,6
2036,32,1,1,7
2037,50,1,0,5
2038,38,1,1,9
2039,57,1,0,1
2040,25,1,0,9
2041,52,1,0,5
2042,24,0,0,1
2043,19,0,1,3
2044,62,1,1,3
2045,46,0,0,4
2046,26,0,1,1
2047,41,1,0,2
2048,58,1,1,5
2049,54,1,1,6
2050,65,1,0,9
2051,21,0,0,9
2052,20,0,0,3
2053,64,0,1,4
2054,49,0,0,6
2055,28,1,0,2
2056,47,0,0,5
2057,60,0,0,4
2058,61,1,0,7
2059,47,1,0,6
2060,53,1,0,6
2061,54,0,0,5
2062,31,0,1,5
2063,50,1,1,3
2064,53,1,1,9
2065,27,1,0,2
2066,29,0,0,6
2067,42,0,0,3
2068,43,0,0,2
2069,67,1,0,1
2070,27,1,0,5
2071,56,0,1,5
2072,21,0,0,1
2073,57,0,1,6
2074,34,1,0,3
2075,60,1,0,9
2076,69,1,1,6
2077,38,1,1,2
2078,29,0,1,2
2079,61,1,1,2
2080,30,0,0,1
2081,29,1,1,9
2082,60,0,1,8
2083,51,0,0,2
2084,31,0,1,2
2085,20,0,1,1
2086,30,1,0,3
2087,54,1,0,6
2088,24,0,1,5
2089,47,1,1,6
2090,21,1,0,1
2091,58,1,1,9
2092,51,1,0,5
2093,69,0,0,4
2094,52,1,0,6
2095,52,0,0,3
2096,60,1,1,2
2097,50,1,0,6
2098,53,1,0,8
2099,44,1,0,6
2100,29,0,1,4
2101,26,1,1,6
2102,61,1,0,2
2103,35,0,0,9
2104,27,0,0,4
2105,47,0,0,9
2106,47,1,0,3
2107,31,1,0,4
2108,54,1,1,8
2109,46,1,0,3
2110,41,0,0,2
2111,35,0,0,9
2112,21,1,0,1
2113,55,1,0,2
2114,33,0,0,1
2115,68,1,0,5
2116,38,0,0,3
2117,62,1,0,5
2118,37,1,1,3
2119,51,1,0,9
2120,47,1,0,4
2121,41,1,0,1
2122,26,0,0,2
2123,39,1,0,2
2124,43,0,1,4
2125,50,1,0,4
2126,48,1,0,2
2127,64,1,1,7
2128,23,0,0,1
2129,24,1,1,8
2130,21,1,0,1
2131,60,0,0,3
2132,58,0,0,9
2133,23,1,1,8
2134,27,1,0,6
2135,52,1,0,5
2136,67,0,1,9
2137,36,0,1,6
2138,48,0,0,9
2139,43,0,0,5
2140,62,1,0,5
2141,33,1,1,3
2142,27,1,0,6
2143,49,0,1,9
2144,59,0,0,5
2145,34,0,0,6
2146,64,1,0,1
2147,32,0,0,5
2148,24,0,1,2
2149,22,1,1,2
2150,33,1,0,4
2151,62,1,0,6
2152,35,0,0,4
2153,60,0,0,3
2154,62,0,1,1
2155,61,0,0,4
2156,69,0,0,8
2157,33,0,0,5
2158,68,1,0,6
2159,43,0,0,1
2160,30,1,0,8
2161,45,0,0,2
2162,52,0,1,2
2163,39,0,0,5
2164,35,1,0,2
2165,64,0,1,5
2166,24,0,0,3
2167,19,0,0,6
2168,54,0,0,6
2169,25,1,0,5
2170,45,0,1,4
2171,50,0,1,8
2172,68,0,0,4
2173,56,0,0,2
2174,57,0,0,8
2175,62,1,0,5
2176,49,0,0,8
2177,58,0,0,7
2178,18,1,1,5
2179,66,0,0,8
2180,61,0,0,1
2181,41,1,0,6
2182,57,0,1,7
2183,59,1,0,7
2184,39,0,1,4
2185,56,0,1,2
2186,42,0,0,7
2187,39,1,0,9
2188,20,1,1,9
2189,62,0,0,5
2190,44,1,1,8
2191,58,1,0,9
2192,67,0,0,2
2193,66,0,0,8
2194,68,0,0,3
2195,39,0,0,8
2196,50,0,0,2
2197,29,1,0,2
2198,58,0,0,1
2199,53,1,0,2
2200,55,0,0,4
2201,48,0,0,6
2202,27,1,0,2
2203,24,1,1,5
2204,65,0,0,3
2205,27,1,0,3
2206,60,0,1,8
2207,69,0,0,3
2208,55,0,1,2
2209,44,0,0,6
2210,39,1,0,1
2211,54,1,0,1
2212,23,1,0,5
2213,24,1,0,8
2214,46,1,1,4
2215,30,0,0,4
2216,50,1,0,2
2217,67,0,1,6
2218,23,1,0,1
2219,27,1,0,4
2220,59,0,0,1
2221,31,0,0,8
2222,67,0,1,5
2223,61,1,0,4
2224,67,0,0,7
2225,27,1,1,3
2226,34,1,0,6
2227,30,0,0,9
2228,21,0,0,6
2229,21,1,0,6
2230,59,1,0,8
2231,46,0,0,7
2232,29,0,0,9
2233,29,1,1,7
2234,69,1,0,3
2235,23,1,0,4
2236,55,1,0,6
2237,65,0,1,3
2238,46,1,0,1
2239,50,1,0,3
2240,66,1,0,1
2241,20,0,1,8
2242,30,0,0,1
2243,18,1,1,7
2244,53,1,0,5
2245,37,0,1,5
2246,25,1,0,9
2247,62,0,0,7
2248,36,1,0,6
2249,42,0,0,3
2250,49,0,0,5
2251,44,1,1,8
2252,66,1,0,1
2253,53,0,0,4
2254,53,1,0,3
2255,57,1,0,2
2256,47,1,0,1
2257,35,1,1,8
2258,23,0,0,7
2259,41,0,0,8
2260,43,1,1,6
2261,23,1,0,9
2262,53,1,0,2
2263,61,0,1,7
2264,43,0,1,7
2265,43,0,0,4
2266,19,0,0,1
2267,51,0,0,8
2268,50,0,0,7
2269,39,1,0,1
2270,28,1,1,1
2271,18,0,0,3
2272,24,0,1,1
2273,44,0,0,5
2274,65,0,0,3
2275,46,0,0,7
2276,69,1,0,6
2277,56,1,0,4
2278,32,1,0,5
2279,34,0,0,5
2280,29,0,0,2
2281,60,1,1,2
2282,67,1,1,8
2283,46,1,0,9
2284,22,0,0,8
2285,58,0,1,3
2286,46,1,0,6
2287,22,1,0,4
2288,40,0,0,7
2289,32,1,1,7
2290,34,0,1,5
2291,61,1,0,1
2292,24,0,1,2
2293,61,0,0,8
2294,50,1,0,3
2295,18,1,1,4
2296,34,0,0,4
2297,56,1,0,2
2298,60,1,0,6
2299,58,1,0,5
2300,42,1,1,3
2301,68,1,0,4
2302,39,0,1,5
2303,44,1,0,2
2304,55,0,1,9
2305,53,1,1,8
2306,33,0,0,6
2307,28,1,0,4
2308,49,0,0,4
2309,60,1,1,6
2310,34,1,1,2
2311,48,0,1,1
2312,37,1,1,4
2313,28,0,1,6
2314,21,0,0,4
2315,40,0,0,9
2316,20,1,1,5
2317,42,1,0,3
2318,52,1,1,8
2319,21,0,1,1
2320,46,1,0,5
2321,24,1,0,6
2322,45,0,0,8
2323,48,1,0,7
2324,45,0,1,1
2325,68,1,0,8
2326,23,0,0,5
2327,46,1,0,3
2328,51,1,0,5
2329,28,0,0,8
2330,29,1,1,5
2331,61,1,0,4
2332,37,1,0,6
2333,63,1,0,1
2334,33,0,0,7
2335,63,0,1,2
2336,33,0,0,5
2337,69,0,0,7
2338,32,1,0,2
2339,25,1,0,5
2340,26,0,0,6
2341,23,1,0,8
2342,18,1,0,7
2343,47,1,0,8
2344,29,0,0,2
2345,24,0,0,1
2346,36,1,0,5
2347,49,0,0,2
2348,32,1,0,3
2349,56,1,0,1
2350,55,1,0,7
2351,61,0,0,5
2352,29,1,0,9
2353,44,1,1,8
2354,31,1,1,9
2355,69,0,1,5
2356,30,1,0,5
2357,35,0,1,9
2358,59,1,1,5
2359,58,1,1,5
2360,36,0,1,6
2361,47,0,1,9
2362,68,0,0,4
2363,36,1,0,2
2364,25,1,0,4
2365,51,0,1,7
2366,51,0,0,7
2367,41,1,1,2
2368,27,0,0,6
2369,59,0,0,4
2370,51,0,0,3
2371,20,0,0,8
2372,67,0,0,6
2373,30,1,0,1
2374,69,0,1,4
2375,27,0,0,8
2376,38,1,1,2
2377,35,0,0,6
2378,49,0,0,9
2379,69,1,0,6
2380,26,0,1,1
2381,62,0,1,8
2382,28,1,1,8
2383,18,0,0,7
2384,23,1,0,9
2385,21,1,0,7
2386,26,1,1,8
2387,68,0,0,2
2388,22,1,0,1
2389,47,0,0,2
2390,54,0,1,2
2391,30,0,1,9
2392,23,0,0,4
2393,20,0,0,1
2394,57,1,0,7
2395,26,1,1,1
2396,63,1,0,9
2397,48,1,1,3
2398,64,1,1,9
2399,33,1,0,3
2400,57,0,0,3
2401,54,0,0,2
2402,37,1,0,2
2403,54,0,1,9
2404,51,1,0,2
2405,34,0,1,3
2406,34,0,0,5
2407,18,1,1,5
2408,47,1,0,8
2409,39,0,1,5
2410,20,0,0,7
2411,39,0,0,4
2412,41,1,0,3
2413,39,1,0,7
2414,28,0,0,4
2415,68,0,0,7
2416,67,0,1,7
2417,21,0,0,2
2418,30,1,0,6
2419,21,0,1,9
2420,25,0,0,6
2421,20,0,0,4
2422,34,1,0,6
2423,41,0,0,5
2424,23,0,0,2
2425,33,1,0,5
2426,46,1,0,4
2427,58,1,0,2
2428,33,1,0,8
2429,34,0,1,3
2430,20,1,0,6
2431,18,0,0,6
2432,21,1,1,4
2433,60,0,0,2
2434,32,0,1,5
2435,26,0,0,7
2436,28,1,0,7
2437,25,0,0,8
2438,22,0,0,2
2439,32,1,0,9
2440,20,1,0,4
2441,58,1,0,2
2442,23,1,0,8
2443,32,0,1,2
2444,66,1,0,2
2445,59,1,1,2
2446,37,0,0,1
2447,34,1,0,6
2448,52,1,1,1
2449,55,1,0,4
2450,37,1,1,9
2451,20,1,1,4
2452,50,1,0,6
2453,53,1,1,8
2454,49,1,0,9
2455,57,1,0,6
2456,54,0,0,4
2457,69,1,0,7
2458,53,0,0,4
2459,23,0,0,9
2460,22,0,0,6
2461,23,1,0,2
2462,50,0,0,2
2463,67,1,0,4
2464,53,1,1,9
2465,39,1,0,6
2466,67,1,0,3
2467,66,1,0,8
2468,31,1,0,8
2469,66,0,0,6
2470,58,1,0,4
2471,68,0,0,7
2472,38,0,0,7
2473,61,1,0,7
2474,19,1,1,1
2475,30,0,0,2
2476,26,1,0,9
2477,44,0,1,3
2478,64,0,0,5
2479,28,0,0,2
2480,51,0,0,8
2481,69,0,1,7
2482,24,0,1,3
2483,41,1,0,8
2484,61,0,0,1
2485,62,0,1,8
2486,58,0,0,9
2487,54,1,1,2
2488,65,0,0,2
2489,35,1,0,1
2490,53,1,0,4
2491,36,1,0,3
2492,61,1,0,2
2493,34,0,0,2
2494,63,1,0,4
2495,48,1,1,9
2496,27,0,1,1
2497,57,1,1,5
2498,61,1,1,4
2499,50,1,0,5
2500,44,0,0,8
2501,42,0,0,3
2502,27,1,0,2
2503,36,0,0,1
2504,38,1,1,5
2505,44,0,0,3
2506,28,0,1,9
2507,65,0,0,8
2508,62,1,0,6
2509,53,1,0,5
2510,22,0,1,7
2511,52,0,0,4
2512,33,0,1,4
2513,27,0,0,5
2514,64,0,0,9
2515,46,0,0,7
2516,65,0,1,1
2517,33,0,1,5
2518,30,1,1,7
2519,58,1,1,6
2520,57,1,0,9
2521,34,1,0,7
2522,21,0,0,2
2523,64,1,0,9
2524,29,1,0,9
2525,25,1,0,9
2526,53,1,1,2
2527,34,0,0,6
2528,65,1,0,9
2529,52,0,1,9
2530,61,1,0,5
2531,49,1,1,8
2532,19,1,0,6
2533,57,1,1,3
2534,35,0,0,5
2535,31,1,0,8
2536,40,1,1,9
2537,28,1,0,4
2538,25,1,0,9
2539,39,0,0,3
2540,57,1,1,2
2541,27,1,0,5
2542,45,0,0,1
2543,21,0,0,1
2544,65,1,1,5
2545,66,1,0,5
2546,45,1,0,4
2547,28,0,1,5
2548,54,1,1,1
2549,33,1,1,8
2550,56,1,0,1
2551,36,0,0,1
2552,33,0,0,4
2553,68,1,0,7
2554,60,0,0,5
2555,38,1,0,1
2556,65,0,1,3
2557,27,1,1,4
2558,65,0,0,2
2559,65,1,1,3
2560,63,0,0,5
2561,27,1,0,3
2562,37,1,1,7
2563,29,0,0,8
2564,49,1,0,7
2565,42,1,1,8
2566,57,0,0,1
2567,26,0,0,2
2568,65,1,0,6
2569,55,0,0,6
2570,38,1,0,4
2571,59,0,0,3
2572,27,0,0,2
2573,23,1,0,5
2574,58,0,0,2
2575,61,1,0,4
2576,61,0,0,1
2577,21,1,0,4
2578,47,1,0,7
2579,65,1,0,5
2580,39,1,0,4
2581,40,0,0,9
2582,62,0,0,9
2583,23,1,1,1
2584,31,0,0,1
2585,26,1,1,8
2586,55,1,0,2
2587,18,1,1,2
2588,69,0,1,2
2589,69,1,0,2
2590,51,1,0,4
2591,28,0,0,3
2592,68,1,1,4
2593,40,1,0,5
2594,24,1,0,1
2595,24,0,0,8
2596,25,0,1,4
2597,29,0,0,8
2598,33,1,0,2
2599,23,0,1,8
2600,24,0,1,7
2601,49,1,1,2
2602,61,1,1,3
2603,50,0,0,1
2604,48,1,1,9
2605,69,0,0,3
2606,30,0,0,2
2607,60,1,0,5
2608,65,0,1,3
2609,67,0,0,3
2610,20,1,0,9
2611,62,1,1,6
2612,43,1,1,9
2613,59,1,0,8
2614,31,0,0,6
2615,50,0,1,4
2616,26,1,0,1
2617,20,0,0,3
2618,31,0,1,5
2619,49,0,0,6
2620,47,1,0,2
2621,67,1,1,9
2622,54,1,0,9
2623,22,1,1,9
2624,64,1,0,9
2625,28,0,0,1
2626,23,1,0,9
2627,24,1,1,8
2628,50,1,1,3
2629,22,1,0,9
2630,50,0,1,9
2631,35,1,1,4
2632,35,0,0,4
2633,40,1,0,5
2634,52,0,0,3
2635,61,1,1,6
2636,55,0,0,3
2637,51,0,0,1
2638,65,1,0,7
2639,22,0,0,8
2640,65,1,0,2
2641,68,0,0,9
2642,29,1,0,9
2643,67,0,0,8
2644,60,1,0,4
2645,60,0,1,3
2646,59,1,0,7
2647,59,1,0,1
2648,20,0,0,4
2649,41,1,0,1
2650,43,0,0,6
2651,21,1,0,4
2652,63,1,0,1
2653,48,1,0,3
2654,32,1,0,2
2655,28,0,0,2
2656,34,0,0,8
2657,31,0,0,6
2658,23,0,1,8
2659,43,1,0,2
2660,25,0,0,9
2661,22,1,0,1
2662,28,1,0,7
2663,20,0,0,5
2664,48,0,1,7
2665,65,1,0,9
2666,24,0,0,8
2667,56,1,0,7
2668,53,0,0,7
2669,45,0,1,2
2670,50,1,0,8
2671,28,1,0,6
2672,53,0,0,3
2673,69,0,0,8
2674,66,0,0,5
2675,22,1,0,5
2676,51,0,0,9
2677,57,0,0,4
2678,58,1,0,4
2679,18,1,0,5
2680,29,1,0,4
2681,33,0,0,5
2682,19,0,0,9
2683,30,0,0,6
2684,49,1,0,6
2685,46,0,0,9
2686,28,1,0,8
2687,44,1,0,1
2688,66,1,0,9
2689,31,0,0,8
2690,63,1,1,4
2691,43,0,0,5
2692,34,0,0,3
2693,35,0,0,6
2694,53,0,0,1
2695,51,1,1,1
2696,27,0,0,1
2697,67,0,0,3
2698,21,1,1,7
2699,65,0,1,1
2700,30,1,1,8
2701,50,0,1,2
2702,35,1,0,4
2703,26,1,0,7
2704,27,0,0,5
2705,28,0,1,5
2706,30,1,0,9
2707,32,1,1,8
2708,44,0,0,9
2709,56,1,0,6
2710,66,1,0,4
2711,41,0,0,5
2712,37,1,0,5
2713,20,0,0,5
2714,43,0,0,6
2715,55,1,0,1
2716,21,0,0,7
2717,19,1,0,4
2718,60,0,0,8
2719,50,1,1,1
2720,39,0,1,4
2721,62,1,0,2
2722,24,1,0,7
2723,58,0,1,5
2724,28,0,1,6
2725,27,1,0,7
2726,26,0,1,7
2727,67,0,0,8
2728,56,0,0,5
2729,69,1,0,1
2730,25,1,0,4
2731,50,1,1,4
2732,53,0,1,9
2733,24,0,1,3
2734,57,1,0,2
2735,52,1,0,5
2736,35,1,0,5
2737,61,0,0,8
2738,50,0,1,4
2739,24,0,1,3
2740,53,1,1,5
2741,49,1,0,4
2742,25,1,0,3
2743,40,1,1,7
2744,48,1,1,9
2745,40,0,0,3
2746,35,1,0,4
2747,39,1,0,6
2748,66,1,1,6
2749,37,0,0,9
2750,69,1,1,9
2751,20,0,0,2
2752,64,0,0,7
2753,44,0,1,1
2754,52,1,0,4
2755,53,1,0,9
2756,26,0,1,7
2757,18,0,0,9
2758,49,0,1,1
2759,53,0,0,5
2760,64,0,0,7
2761,53,0,0,6
2762,48,0,0,9
2763,46,0,0,9
2764,69,0,1,4
2765,39,1,0,8
2766,47,0,0,4
2767,66,0,0,9
2768,26,1,0,4
2769,41,0,1,7
2770,41,0,1,5
2771,49,0,0,5
2772,29,1,0,2
2773,60,1,0,9
2774,54,1,0,6
2775,33,1,0,4
2776,69,1,0,3
2777,47,0,1,4
2778,59,0,1,9
2779,18,0,1,6
2780,34,0,0,1
2781,34,1,0,2
2782,48,1,0,7
2783,46,1,0,1
2784,66,0,1,8
2785,41,1,1,2
2786,48,0,0,9
2787,20,0,0,5
2788,50,1,0,7
2789,59,1,1,8
2790,21,0,0,5
2791,54,0,1,9
2792,29,1,0,1
2793,34,0,0,5
2794,31,1,0,5
2795,59,0,0,5
2796,51,0,0,6
2797,23,1,1,6
2798,42,0,0,4
2799,23,1,0,6
2800,28,0,1,2
2801,37,1,1,4
2802,33,0,1,2
2803,26,0,0,8
2804,25,0,0,2
2805,61,1,0,2
2806,26,0,1,3
2807,36,1,0,2
2808,57,0,0,9
2809,19,1,0,5
2810,42,0,1,8
2811,44,1,0,8
2812,50,1,0,4
2813,46,1,0,6
2814,59,0,0,2
2815,45,0,0,8
2816,42,1,0,6
2817,37,1,1,9
2818,52,1,0,1
2819,24,0,0,9
2820,24,1,0,1
2821,60,0,0,4
2822,64,1,0,1
2823,53,0,0,4
2824,19,1,1,6
2825,37,0,0,7
2826,28,0,0,2
2827,61,0,1,9
2828,23,1,0,8
2829,51,0,0,8
2830,36,1,0,7
2831,34,0,1,6
2832,41,1,1,9
2833,44,0,0,8
2834,25,1,0,2
2835,26,0,0,3
2836,46,0,1,1
2837,23,1,0,9
2838,67,1,1,9
2839,57,0,0,7
2840,41,0,0,9
2841,62,0,1,8
2842,49,1,1,3
2843,20,1,0,4
2844,39,1,0,8
2845,51,0,0,1
2846,60,0,1,1
2847,54,0,0,5
2848,40,1,0,7
2849,20,0,0,2
2850,64,1,0,1
2851,23,0,0,5
2852,31,1,0,2
2853,18,1,0,8
2854,42,1,0,4
2855,67,0,0,4
2856,26,1,0,3
2857,52,1,0,6
2858,30,0,0,9
2859,44,0,0,4
2860,25,1,0,4
2861,47,0,1,9
2862,66,0,1,2
2863,25,0,0,2
2864,68,0,0,8
2865,59,1,1,7
2866,50,1,0,4
2867,38,1,0,9
2868,32,1,0,3
2869,32,1,1,8
2870,56,1,0,9
2871,44,0,0,4
2872,32,1,1,4
2873,62,1,1,1
2874,38,0,0,8
2875,38,1,0,2
2876,30,0,1,4
2877,41,1,0,5
2878,59,0,1,8
2879,69,0,0,4
2880,52,1,0,9
2881,18,0,0,1
2882,28,1,1,2
2883,27,0,0,6
2884,33,1,0,4
2885,34,1,0,3
2886,40,1,0,2
2887,47,1,0,8
2888,57,0,0,9
2889,28,0,0,8
2890,46,0,0,4
2891,68,1,0,1
2892,47,0,0,4
2893,64,1,0,6
2894,52,1,0,9
2895,61,1,0,9
2896,46,1,1,8
2897,58,1,0,7
2898,33,1,1,3
2899,18,0,0,9
2900,39,0,0,8
2901,27,0,1,6
2902,37,1,0,9
2903,22,1,0,9
2904,55,1,1,8
2905,50,0,0,8
2906,45,1,0,7
2907,20,0,0,9
2908,41,0,0,3
2909,65,1,0,4
2910,57,1,1,7
2911,44,0,0,8
2912,50,1,1,4
2913,31,0,0,8
2914,46,1,0,5
2915,60,0,0,9
2916,55,0,0,7
2917,29,1,0,2
2918,24,0,0,1
2919,26,0,1,3
2920,24,0,0,5
2921,66,0,0,4
2922,36,1,1,1
2923,59,0,0,6
2924,39,0,1,7
2925,32,0,1,8
2926,61,0,0,8
2927,42,1,1,3
2928,33,1,0,9
2929,23,1,0,6
2930,47,1,1,4
2931,51,1,0,4
2932,66,0,0,4
2933,41,1,1,9
2934,30,1,1,9
2935,50,1,1,9
2936,62,1,0,1
2937,26,0,0,7
2938,33,0,1,2
2939,44,1,0,8
2940,57,1,1,5
2941,44,1,0,3
2942,48,1,0,1
2943,20,1,0,5
2944,56,0,0,8
2945,58,1,1,9
2946,61,1,0,2
2947,57,0,0,3
2948,43,0,0,2
2949,22,0,0,5
2950,58,1,0,6
2951,43,0,1,8
2952,32,1,0,3
2953,54,1,0,3
2954,18,1,0,2
2955,38,0,0,2
2956,45,0,0,5
2957,38,0,0,1
2958,34,1,0,1
2959,40,1,0,3
2960,57,1,0,7
2961,42,1,0,6
2962,45,1,0,1
2963,23,1,0,1
2964,55,0,0,9
2965,26,1,0,9
2966,49,0,0,8
2967,64,0,0,6
2968,49,1,0,9
2969,69,1,1,7
2970,37,0,0,3
2971,24,1,0,6
2972,42,0,0,4
2973,61,1,0,3
2974,52,0,0,6
2975,66,1,0,8
2976,38,0,0,1
2977,21,1,0,3
2978,40,0,0,9
2979,36,0,0,9
2980,52,1,0,3
2981,39,1,0,3
2982,26,0,0,5
2983,42,0,0,4
2984,25,1,1,8
2985,59,0,1,5
2986,39,0,1,9
2987,35,1,1,3
2988,68,1,1,6
2989,55,1,1,5
2990,58,0,0,5
2991,36,0,0,5
2992,23,1,0,8
2993,30,1,0,6
2994,51,0,0,9
2995,56,0,1,6
2996,21,1,1,1
2997,45,0,0,6
2998,51,0,0,8
2999,22,0,0,8
3000,55,0,0,7
3001,67,0,0,2
3002,23,1,1,7
3003,58,0,0,4
3004,25,1,0,2
3005,62,1,1,3
3006,35,1,0,9
3007,22,0,0,5
3008,34,1,0,5
3009,63,1,1,7
3010,68,0,1,1
3011,49,0,1,6
3012,60,0,0,9
3013,29,0,0,5
3014,21,1,1,7
3015,41,0,1,3
3016,52,1,0,7
3017,18,0,1,1
3018,19,0,0,7
3019,37,0,0,7
3020,51,1,0,2
3021,54,1,0,5
3022,35,1,0,8
3023,68,0,1,9
3024,21,0,0,5
3025,19,0,0,7
3026,24,1,0,2
3027,40,0,0,7
3028,59,1,0,5
3029,58,1,0,2
3030,64,1,1,2
3031,52,0,0,7
3032,59,1,0,2
3033,55,0,0,7
3034,32,0,1,1
3035,38,1,0,5
3036,67,0,0,3
3037,38,1,0,6
3038,26,0,0,2
3039,23,0,1,1
3040,42,1,0,2
3041,57,1,0,5
3042,61,1,0,4
3043,36,1,0,5
3044,24,1,0,6
3045,57,1,0,6
3046,32,1,0,5
3047,32,1,0,8
3048,49,1,0,7
3049,59,1,1,3
3050,52,0,0,1
3051,44,1,0,1
3052,69,0,0,3
3053,64,0,0,4
3054,40,1,1,5
3055,25,0,1,2
3056,54,0,0,8
3057,28,1,1,2
3058,26,0,0,3
3059,37,0,0,3
3060,60,1,0,4
3061,33,0,1,4
3062,36,0,0,1
3063,31,1,1,8
3064,50,1,0,6
3065,25,1,1,7
3066,56,0,0,7
3067,65,0,0,1
3068,55,1,1,2
3069,55,0,0,3
3070,62,1,1,4
3071,27,1,1,4
3072,35,1,0,6
3073,23,0,1,9
3074,31,1,0,5
3075,49,0,0,3
3076,36,1,1,7
3077,64,1,0,9
3078,42,0,0,8
3079,66,0,1,4
3080,53,0,0,5
3081,59,1,0,9
3082,65,0,1,7
3083,51,1,0,5
3084,27,0,0,3
3085,30,0,0,8
3086,67,1,0,1
3087,40,0,0,9
3088,34,1,0,6
3089,68,1,1,8
3090,40,1,0,8
3091,19,0,0,8
3092,44,0,0,1
3093,22,0,1,6
3094,68,1,0,5
3095,49,0,0,9
3096,68,1,1,7
3097,43,1,0,9
3098,34,1,1,1
3099,19,0,1,9
3100,41,1,0,4
3101,27,1,0,3
3102,59,0,1,4
3103,49,1,0,1
3104,49,1,0,4
3105,43,1,1,5
3106,45,0,0,1
3107,45,1,0,8
3108,27,0,0,2
3109,28,1,0,3
3110,24,0,0,5
3111,60,1,0,1
3112,65,1,1,7
3113,52,1,0,8
3114,45,1,1,8
3115,32,1,1,2
3116,41,1,0,8
3117,64,0,1,1
3118,30,0,1,2
3119,43,0,0,3
3120,42,1,0,5
3121,27,1,1,5
3122,58,1,1,6
3123,22,0,0,6
3124,43,1,1,7
3125,25,0,0,6
3126,57,1,0,4
3127,18,0,1,5
3128,68,0,0,1
3129,23,1,0,4
3130,51,1,1,9
3131,60,0,1,9
3132,31,0,0,8
3133,31,1,0,6
3134,56,0,0,3
3135,28,0,0,5
3136,66,0,0,6
3137,27,1,1,9
3138,36,1,1,9
3139,55,1,0,9
3140,38,1,1,6
3141,59,0,1,4
3142,66,1,0,3
3143,62,1,1,2
3144,29,1,0,7
3145,30,0,0,4
3146,41,1,0,5
3147,47,0,0,7
3148,65,0,0,2
3149,24,1,0,8
3150,33,1,1,9
3151,52,1,1,8
3152,22,1,0,6
3153,49,1,1,5
3154,21,1,1,3
3155,37,0,0,6
3156,37,0,0,3
3157,22,0,0,4
3158,35,0,0,9
3159,38,1,1,6
3160,43,1,0,5
3161,51,1,1,6
3162,45,0,0,6
3163,60,1,1,8
3164,60,0,0,8
3165,35,1,0,1
3166,35,0,0,4
3167,39,0,0,1
3168,18,1,0,5
3169,39,0,0,6
3170,68,1,0,5
3171,35,0,1,2
3172,30,0,1,7
3173,27,1,1,1
3174,50,0,0,4
3175,68,0,0,3
3176,59,1,0,1
3177,50,1,0,3
3178,35,0,0,4
3179,52,1,0,8
3180,36,0,1,9
3181,57,0,1,6
3182,67,1,0,6
3183,46,1,0,2
3184,26,1,0,5
3185,33,1,1,2
3186,41,0,1,2
3187,66,0,1,5
3188,62,1,0,8
3189,37,0,1,1
3190,65,1,1,2
3191,49,0,1,8
3192,21,0,0,1
3193,48,1,0,7
3194,47,0,1,2
3195,64,0,1,3
3196,55,1,0,1
3197,49,1,0,8
3198,50,1,1,9
3199,32,1,0,4
3200,18,0,0,4
3201,42,0,0,1
3202,57,0,0,2
3203,25,0,0,8
3204,66,0,1,5
3205,65,0,1,8
3206,54,1,0,2
3207,48,0,0,8
3208,52,1,0,4
3209,42,1,0,5
3210,28,1,0,5
3211,46,1,1,8
3212,34,0,1,6
3213,27,1,0,8
3214,31,0,0,1
3215,20,0,0,9
3216,58,1,0,6
3217,68,0,0,4
3218,57,1,1,7
3219,30,1,0,1
3220,30,1,1,9
3221,62,1,0,8
3222,63,1,0,4
3223,26,0,0,6
3224,32,1,0,8
3225,43,1,1,5
3226,49,0,1,3
3227,59,1,1,1
3228,43,1,1,1
3229,36,0,1,9
3230,34,1,0,3
3231,20,1,1,4
3232,50,1,1,3
3233,65,1,0,1
3234,20,0,0,6
3235,39,0,0,2
3236,45,1,0,3
3237,35,0,0,7
3238,61,1,1,7
3239,57,1,0,2
3240,45,1,1,9
3241,42,0,0,8
3242,67,1,1,1
3243,54,0,0,2
3244,60,1,1,7
3245,38,0,0,5
3246,64,0,0,1
3247,27,1,1,8
3248,59,0,0,4
3249,67,0,0,3
3250,22,1,0,5
3251,18,0,0,7
3252,67,1,0,5
3253,67,1,1,8
3254,28,0,0,8
3255,41,1,0,3
3256,55,0,0,4
3257,18,0,1,7
3258,63,0,1,4
3259,27,1,0,6
3260,22,0,0,3
3261,21,0,0,7
3262,67,0,0,5
3263,60,1,1,2
3264,37,1,1,7
3265,51,0,0,9
3266,26,0,1,9
3267,40,0,0,1
3268,54,0,1,9
3269,68,1,0,7
3270,39,1,0,7
3271,49,0,1,6
3272,39,1,0,6
3273,28,1,0,5
3274,38,1,0,7
3275,62,1,1,8
3276,30,1,1,1
3277,66,0,0,2
3278,57,1,0,7
3279,44,1,1,5
3280,63,0,0,7
3281,20,1,0,8
3282,64,1,0,6
3283,38,0,0,8
3284,41,1,0,9
3285,47,1,0,3
3286,55,0,0,9
3287,33,1,0,6
3288,22,1,0,7
3289,58,0,1,4
3290,42,0,0,6
3291,52,0,1,3
3292,54,0,0,5
3293,24,0,0,7
3294,61,0,0,4
3295,45,1,0,5
3296,21,0,0,3
3297,63,1,1,2
3298,26,1,1,3
3299,42,0,1,7
3300,51,0,1,1
3301,67,0,0,8
3302,58,1,0,5
3303,38,1,0,3
3304,66,1,1,6
3305,55,0,0,4
3306,46,1,0,3
3307,19,0,1,6
3308,30,0,0,3
3309,58,1,0,9
3310,47,0,1,5
3311,30,1,1,9
3312,48,1,1,4
3313,39,0,0,6
3314,33,1,1,1
3315,31,0,0,5
3316,48,0,0,8
3317,68,1,0,5
3318,48,0,0,4
3319,60,0,1,4
3320,61,1,0,7
3321,30,0,0,7
3322,27,1,1,3
3323,62,0,0,1
3324,61,1,0,6
3325,39,0,1,7
3326,58,1,1,5
3327,36,0,1,6
3328,65,0,1,6
3329,54,0,1,8
3330,57,0,0,5
3331,19,0,0,2
3332,20,1,0,7
3333,42,1,0,8
3334,28,0,0,6
3335,24,0,0,8
3336,55,1,1,3
3337,29,0,0,5
3338,62,0,0,9
3339,61,1,0,2
3340,49,1,0,8
3341,37,1,0,8
3342,69,1,1,9
3343,62,0,0,8
3344,65,0,1,5
3345,27,1,0,1
3346,19,0,0,5
3347,59,0,0,4
3348,67,0,0,7
3349,23,1,0,2
3350,20,1,0,1
3351,26,1,0,4
3352,45,1,1,2
3353,33,1,0,8
3354,66,0,0,9
3355,49,1,0,9
3356,38,1,0,5
3357,32,0,0,3
3358,23,0,1,6
3359,61,1,1,4
3360,68,1,0,9
3361,31,0,0,2
3362,66,1,0,5
3363,64,0,1,4
3364,62,1,0,4
3365,26,1,0,5
3366,57,0,1,9
3367,57,0,1,5
3368,53,1,1,4
3369,28,0,0,7
3370,56,0,0,4
3371,27,1,0,6
3372,62,1,0,4
3373,56,1,0,5
3374,38,1,0,6
3375,18,1,1,1
3376,41,1,1,8
3377,28,0,1,6
3378,42,0,0,2
3379,29,1,0,4
3380,47,1,0,6
3381,23,0,1,9
3382,35,0,1,8
3383,35,1,0,3
3384,59,1,1,3
3385,49,0,0,4
3386,49,0,0,3
3387,31,1,1,5
3388,65,0,1,4
3389,29,0,0,1
3390,59,1,0,4
3391,64,1,1,7
3392,53,1,0,3
3393,69,1,0,4
3394,69,0,0,5
3395,58,1,1,4
3396,31,0,1,6
3397,52,1,0,5
3398,68,1,0,2
3399,25,0,1,3
3400,27,1,0,8
3401,38,0,0,4
3402,58,1,0,6
3403,39,1,0,5
3404,57,1,0,7
3405,53,1,0,7
3406,40,0,0,7
3407,48,1,1,9
3408,63,1,0,1
3409,18,0,1,6
3410,32,0,0,6
3411,20,0,0,8
3412,66,0,0,6
3413,18,0,1,4
3414,67,0,1,5
3415,29,0,0,5
3416,32,0,0,7
3417,37,0,0,4
3418,60,0,0,3
3419,31,0,0,6
3420,30,0,0,3
3421,32,0,0,1
3422,35,1,0,7
3423,30,1,0,7
3424,52,0,0,9
3425,50,1,1,6
3426,34,0,1,5
3427,35,0,1,9
3428,18,1,1,3
3429,57,0,0,9
3430,63,1,1,9
3431,55,0,0,1
3432,47,0,0,1
3433,39,0,0,2
3434,28,1,0,6
3435,61,1,1,5
3436,53,1,1,2
3437,50,1,0,4
3438,21,1,1,7
3439,50,1,0,2
3440,18,1,0,5
3441,21,0,0,4
3442,54,1,1,8
3443,55,0,0,9
3444,60,0,0,2
3445,33,1,1,2
3446,29,1,0,9
3447,48,1,0,3
3448,32,0,0,1
3449,65,1,0,8
3450,20,0,1,7
3451,20,1,1,2
3452,45,1,1,3
3453,58,0,0,6
3454,50,0,1,3
3455,64,0,0,1
3456,58,0,0,9
3457,33,0,1,7
3458,68,1,0,3
3459,31,0,0,9
3460,40,1,1,9
3461,45,1,0,3
3462,40,1,1,8
3463,49,0,1,5
3464,20,0,0,1
3465,51,0,0,5
3466,18,1,1,9
3467,31,1,0,5
3468,56,1,0,2
3469,64,1,0,6
3470,20,1,0,2
3471,63,1,0,7
3472,19,0,0,3
3473,40,0,0,4
3474,54,1,1,5
3475,30,1,1,5
3476,26,1,1,4
3477,58,0,0,1
3478,35,1,0,8
3479,40,1,0,1
3480,49,1,0,8
3481,66,1,0,3
3482,61,0,1,5
3483,38,1,0,6
3484,38,0,1,7
3485,38,1,1,7
3486,33,1,0,1
3487,53,1,0,7
3488,59,1,1,9
3489,22,0,1,3
3490,35,0,0,4
3491,29,0,0,4
3492,56,1,0,2
3493,25,0,0,4
3494,64,1,1,9
3495,40,0,0,9
3496,59,0,1,6
3497,52,1,1,7
3498,40,1,0,3
3499,53,0,1,6
3500,68,0,1,1
3501,58,1,0,6
3502,39,1,0,4
3503,47,0,1,7
3504,42,1,0,3
3505,18,1,0,5
3506,62,1,1,2
3507,68,0,0,1
3508,41,1,0,9
3509,38,0,0,9
3510,22,1,0,6
3511,51,0,0,2
3512,59,0,0,2
3513,36,1,0,9
3514,23,0,0,8
3515,40,0,1,5
3516,22,0,0,4
3517,44,0,0,6
3518,61,1,0,6
3519,22,1,0,9
3520,20,0,0,2
3521,67,0,1,8
3522,22,1,1,8
3523,53,1,1,5
3524,42,1,0,8
3525,39,0,0,1
3526,67,1,0,3
3527,65,1,0,4
3528,51,0,0,2
3529,26,1,0,3
3530,50,0,0,5
3531,33,1,0,2
3532,50,0,0,4
3533,32,1,0,3
3534,39,0,0,9
3535,68,1,1,7
3536,42,1,0,9
3537,65,1,1,5
3538,26,1,1,7
3539,29,0,1,1
3540,31,1,0,6
3541,61,0,0,3
3542,23,1,0,6
3543,40,0,0,9
3544,62,1,0,1
3545,29,0,0,9
3546,25,0,0,4
3547,61,1,0,9
3548,65,1,0,3
3549,29,0,0,9
3550,51,1,0,9
3551,54,0,0,2
3552,61,1,1,9
3553,54,0,1,9
3554,41,0,0,4
3555,48,0,0,6
3556,41,1,0,4
3557,37,0,0,5
3558,57,1,1,1
3559,56,0,0,2
3560,65,1,1,4
3561,33,1,1,2
3562,28,1,1,6
3563,26,1,1,4
3564,38,0,0,9
3565,21,0,0,9
3566,59,0,1,6
3567,43,0,0,4
3568,32,1,1,4
3569,31,1,0,6
3570,66,1,1,9
3571,26,1,1,9
3572,50,1,0,9
3573,33,1,1,9
3574,66,0,0,1
3575,23,1,1,2
3576,64,0,0,6
3577,45,0,1,2
3578,61,1,0,4
3579,49,1,0,6
3580,23,1,1,8
3581,29,0,1,7
3582,40,1,1,2
3583,53,1,0,7
3584,57,1,0,4
3585,34,1,1,3
3586,68,0,0,4
3587,44,1,1,9
3588,69,1,0,2
3589,36,1,1,5
3590,42,1,1,3
3591,19,1,1,8
3592,66,0,1,7
3593,42,1,0,2
3594,49,0,0,3
3595,42,1,1,9
3596,60,0,1,2
3597,44,1,1,8
3598,60,1,0,4
3599,30,1,0,5
3600,22,1,0,1
3601,46,1,0,5
3602,47,0,1,2
3603,38,1,0,6
3604,53,0,1,7
3605,31,1,1,6
3606,47,1,1,4
3607,24,1,1,8
3608,28,0,0,2
3609,36,0,1,7
3610,46,0,0,8
3611,42,1,0,8
3612,27,0,0,2
3613,20,0,1,7
3614,24,0,0,9
3615,62,1,1,1
3616,54,1,1,3
3617,69,1,0,5
3618,57,0,0,6
3619,28,0,0,3
3620,63,0,0,4
3621,58,0,0,6
3622,22,0,0,1
3623,27,1,0,7
3624,31,0,1,3
3625,37,1,0,5
3626,21,1,0,7
3627,63,1,1,2
3628,18,0,0,9
3629,40,0,0,6
3630,21,1,0,1
3631,64,0,0,4
3632,61,1,0,1
3633,27,0,0,9
3634,34,0,0,4
3635,52,0,0,3
3636,44,1,0,8
3637,27,0,1,2
3638,52,0,1,7
3639,47,0,0,5
3640,36,0,0,7
3641,53,1,1,4
3642,50,0,0,8
3643,65,0,0,1
3644,51,1,0,2
3645,32,1,0,5
3646,23,0,1,4
3647,21,0,0,7
3648,30,0,1,8
3649,26,0,0,9
3650,36,0,1,2
3651,39,0,0,4
3652,41,1,0,4
3653,62,0,0,6
3654,34,0,1,4
3655,19,1,0,7
3656,40,1,0,7
3657,62,1,0,8
3658,39,1,1,9
3659,40,0,0,5
3660,30,0,0,3
3661,32,1,0,6
3662,43,1,1,9
3663,52,0,0,3
3664,42,0,0,6
3665,28,0,0,8
3666,21,0,0,6
3667,32,0,0,8
3668,50,0,1,5
3669,68,1,0,5
3670,30,0,1,8
3671,20,1,1,3
3672,34,1,0,1
3673,36,0,1,7
3674,26,0,1,5
3675,26,0,0,9
3676,48,0,0,9
3677,46,0,0,5
3678,65,1,0,9
3679,58,1,0,4
3680,62,0,0,2
3681,41,0,0,6
3682,37,0,0,2
3683,36,1,1,9
3684,19,0,1,8
3685,56,0,1,5
3686,46,1,0,6
3687,36,1,0,6
3688,26,0,0,9
3689,68,1,1,6
3690,47,0,0,1
3691,58,0,0,9
3692,62,0,0,7
3693,68,0,0,4
3694,24,1,0,2
3695,38,0,0,7
3696,30,0,0,3
3697,18,1,1,1
3698,61,0,0,6
3699,44,1,1,5
3700,66,0,0,9
3701,65,1,1,3
3702,49,1,0,1
3703,57,0,0,7
3704,32,1,1,5
3705,48,0,0,4
3706,30,1,0,6
3707,48,0,0,9
3708,64,0,0,6
3709,42,0,0,4
3710,53,1,0,9
3711,52,1,0,2
3712,37,0,1,6
3713,46,1,0,4
3714,20,1,0,5
3715,32,0,0,9
3716,39,0,0,5
3717,54,1,1,1
3718,31,1,1,9
3719,28,0,1,8
3720,65,0,1,3
3721,38,1,1,2
3722,51,0,0,6
3723,26,1,0,4
3724,29,0,1,6
3725,67,0,0,6
3726,62,1,0,6
3727,22,0,0,7
3728,60,0,0,1
3729,23,0,0,9
3730,64,1,1,6
3731,44,1,0,5
3732,37,0,1,5
3733,49,1,0,6
3734,51,1,0,8
3735,20,0,1,5
3736,59,1,0,8
3737,49,1,1,6
3738,49,1,1,1
3739,49,1,0,7
3740,67,1,1,6
3741,23,0,1,1
3742,23,1,0,8
3743,61,1,0,6
3744,37,1,0,9
3745,40,1,0,4
3746,46,0,0,7
3747,46,0,0,3
3748,28,1,1,6
3749,48,0,1,5
3750,66,1,1,7
3751,67,0,0,8
3752,55,0,0,6
3753,60,0,0,4
3754,27,1,0,3
3755,22,0,0,1
3756,61,0,1,9
3757,21,0,0,7
3758,45,1,1,4
3759,45,0,0,4
3760,38,0,1,8
3761,28,1,0,3
3762,38,0,0,7
3763,37,1,1,2
3764,58,0,0,4
3765,27,0,0,2
3766,41,0,0,5
3767,58,1,1,4
3768,51,1,0,9
3769,21,0,1,6
3770,27,0,0,6
3771,40,1,0,1
3772,25,0,1,2
3773,41,0,0,6
3774,37,1,0,9
3775,55,1,1,5
3776,34,1,0,9
3777,38,0,0,4
3778,62,0,0,1
3779,45,1,0,8
3780,68,1,0,8
3781,28,0,0,5
3782,29,1,1,9
3783,23,0,0,6
3784,37,0,1,4
3785,64,0,0,6
3786,29,1,1,9
3787,64,0,0,2
3788,60,1,0,5
3789,50,1,0,5
3790,24,1,0,7
3791,67,0,0,5
3792,29,0,1,8
3793,23,1,1,5
3794,49,0,0,4
3795,26,0,1,4
3796,43,0,0,1
3797,52,1,1,7
3798,43,0,0,8
3799,30,1,1,2
3800,60,0,0,4
3801,38,0,0,5
3802,46,1,0,4
3803,40,1,0,2
3804,18,1,0,9
3805,30,1,0,3
3806,69,1,0,2
3807,44,1,0,8
3808,26,0,0,3
3809,32,0,1,9
3810,60,0,0,9
3811,36,0,0,3
3812,28,1,1,3
3813,34,0,1,9
3814,19,1,0,8
3815,28,0,1,5
3816,63,1,0,1
3817,31,0,1,1
3818,48,1,0,2
3819,25,0,0,3
3820,27,0,0,2
3821,31,0,1,8
3822,34,0,0,1
3823,69,0,0,2
3824,27,0,1,2
3825,67,1,0,5
3826,55,1,0,4
3827,58,1,1,5
3828,53,1,0,3
3829,28,1,0,9
3830,46,1,1,1
3831,46,1,0,3
3832,19,1,0,8
3833,19,1,1,6
3834,30,0,0,3
3835,60,0,0,4
3836,68,0,0,8
3837,67,1,1,1
3838,23,0,0,8
3839,55,1,0,1
3840,57,1,0,5
3841,24,1,0,9
3842,45,1,0,8
3843,54,1,1,1
3844,19,1,0,7
3845,53,1,0,9
3846,22,0,0,2
3847,43,1,0,7
3848,65,1,0,5
3849,47,1,1,3
3850,27,0,1,2
3851,32,0,0,7
3852,21,0,1,6
3853,50,1,0,3
3854,21,0,0,3
3855,27,0,0,9
3856,48,0,0,7
3857,24,1,0,2
3858,26,1,0,6
3859,18,0,0,5
3860,39,0,1,2
3861,49,0,0,7
3862,40,1,0,6
3863,38,0,0,7
3864,33,1,0,1
3865,34,0,1,3
3866,27,1,0,1
3867,58,0,0,5
3868,41,0,0,8
3869,50,1,1,4
3870,57,0,0,2
3871,38,1,0,5
3872,46,0,0,3
3873,63,0,0,2
3874,67,1,0,7
3875,45,0,0,4
3876,42,0,0,4
3877,63,0,1,8
3878,32,1,0,8
3879,45,1,1,3
3880,34,0,0,6
3881,52,1,0,8
3882,20,0,0,4
3883,39,1,0,5
3884,21,1,1,5
3885,29,0,0,3
3886,47,1,0,9
3887,55,1,1,5
3888,21,0,1,3
3889,26,1,0,3
3890,42,1,0,7
3891,42,1,0,9
3892,49,1,1,8
3893,18,1,1,1
3894,68,0,1,9
3895,26,1,0,4
3896,37,1,0,3
3897,51,0,1,4
3898,62,1,1,6
3899,39,0,0,3
3900,51,1,1,9
3901,48,1,0,6
3902,48,1,0,1
3903,58,1,0,8
3904,28,0,0,3
3905,35,0,0,1
3906,45,0,0,9
3907,66,0,0,5
3908,22,0,1,1
3909,50,1,1,3
3910,51,0,1,4
3911,32,1,0,6
3912,35,0,1,8
3913,45,1,1,2
3914,68,0,1,7
3915,48,1,1,9
3916,44,0,1,3
3917,24,0,1,3
3918,41,0,0,8
3919,36,1,0,9
3920,55,0,0,6
3921,55,0,1,8
3922,63,0,1,6
3923,29,0,1,7
3924,47,0,0,7
3925,29,1,1,5
3926,68,1,0,8
3927,45,1,0,4
3928,65,1,1,1
3929,69,1,0,8
3930,46,0,0,6
3931,55,0,1,5
3932,48,0,0,5
3933,28,1,1,8
3934,68,0,1,5
3935,31,0,0,3
3936,47,0,1,9
3937,59,1,1,7
3938,59,0,0,4
3939,42,0,0,9
3940,65,0,1,9
3941,56,1,0,3
3942,40,0,1,6
3943,21,0,0,2
3944,24,1,0,3
3945,53,1,0,1
3946,19,1,0,3
3947,19,0,0,9
3948,51,1,1,9
3949,29,1,0,5
3950,21,0,0,3
3951,32,0,1,9
3952,24,1,0,3
3953,56,1,1,5
3954,56,0,1,7
3955,36,1,0,6
3956,69,0,1,7
3957,47,0,1,2
3958,47,1,1,7
3959,29,1,0,7
3960,20,1,1,7
3961,34,0,0,4
3962,42,1,0,9
3963,43,1,1,8
3964,23,0,0,3
3965,20,1,0,2
3966,41,0,1,1
3967,19,0,0,9
3968,51,1,0,4
3969,49,0,0,5
3970,49,1,0,3
3971,60,0,0,2
3972,37,1,1,8
3973,19,0,1,4
3974,37,0,0,3
3975,47,0,0,7
3976,31,0,1,7
3977,18,0,0,4
3978,38,0,1,8
3979,21,1,0,9
3980,46,0,0,1
3981,47,0,0,9
3982,21,0,0,9
3983,37,0,0,7
3984,31,0,0,3
3985,68,1,0,6
3986,67,0,0,5
3987,69,1,1,7
3988,45,1,0,2
3989,59,0,0,2
3990,24,1,0,6
3991,55,1,0,6
3992,55,0,1,8
3993,60,0,1,9
3994,65,1,0,9
3995,63,0,0,9
3996,32,1,1,5
3997,26,1,1,3
3998,61,0,0,8
3999,66,0,0,1
4000,29,0,0,8
4001,35,0,1,2
4002,35,0,0,4
4003,42,1,0,4
4004,55,0,1,1
4005,65,1,0,8
4006,36,1,0,8
4007,49,1,1,3
4008,42,1,1,3
4009,37,1,0,8
4010,40,0,0,6
4011,31,0,1,9
4012,27,1,0,8
4013,55,1,0,4
4014,60,1,0,8
4015,46,1,0,5
4016,25,0,0,5
4017,20,0,0,9
4018,58,1,0,3
4019,18,0,0,4
4020,50,1,1,3
4021,40,1,1,5
4022,65,0,0,6
4023,44,1,0,9
4024,46,1,1,5
4025,37,1,0,6
4026,32,0,1,5
4027,66,0,1,7
4028,67,1,0,8
4029,66,1,0,9
4030,19,1,0,1
4031,39,0,1,3
4032,37,0,0,7
4033,51,0,0,1
4034,60,0,1,6
4035,51,0,0,7
4036,41,0,1,9
4037,68,1,1,7
4038,52,0,0,3
4039,68,1,0,5
4040,53,1,0,3
4041,36,1,0,3
4042,35,1,0,7
4043,61,1,0,3
4044,45,0,0,7
4045,32,0,0,8
4046,62,0,1,4
4047,38,0,0,3
4048,37,0,1,4
4049,22,0,1,1
4050,18,0,1,8
4051,57,0,0,3
4052,41,1,0,5
4053,35,0,0,7
4054,33,0,0,9
4055,68,0,0,8
4056,24,0,1,5
4057,29,0,0,3
4058,60,0,0,5
4059,33,1,0,9
4060,55,1,0,1
4061,19,1,0,2
4062,68,1,1,4
4063,22,1,0,2
4064,64,1,0,1
4065,39,1,0,2
4066,40,0,0,4
4067,60,1,0,6
4068,61,1,1,6
4069,30,1,0,5
4070,35,1,1,2
4071,39,0,0,8
4072,33,0,0,6
4073,22,0,0,5
4074,43,0,0,2
4075,19,0,0,9
4076,49,1,1,9
4077,37,0,0,7
4078,61,0,0,4
4079,42,0,1,4
4080,50,1,1,8
4081,48,1,1,1
4082,65,1,1,1
4083,30,1,0,3
4084,19,1,0,3
4085,21,1,0,2
4086,27,0,1,1
4087,63,0,0,2
4088,57,1,0,4
4089,33,1,0,1
4090,68,1,0,1
4091,30,1,0,5
4092,66,0,1,1
4093,27,0,0,5
4094,25,0,0,3
4095,47,0,1,5
4096,64,1,0,5
4097,40,1,1,7
4098,60,1,0,3
4099,43,1,1,3
4100,19,1,1,3
4101,63,0,0,3
4102,31,1,1,2
4103,67,0,1,7
4104,51,0,0,4
4105,52,1,1,3
4106,61,0,0,2
4107,25,0,0,9
4108,28,0,0,6
4109,38,1,0,5
4110,56,1,1,7
4111,18,1,1,7
4112,50,0,1,7
4113,57,1,0,3
4114,25,0,0,5
4115,49,0,0,4
4116,26,0,0,1
4117,28,0,1,6
4118,34,0,0,3
4119,44,0,0,4
4120,49,0,0,3
4121,47,0,0,4
4122,55,0,0,8
4123,19,0,1,3
4124,39,1,0,7
4125,66,0,1,8
4126,60,1,0,4
4127,42,1,0,2
4128,47,0,0,6
4129,50,0,0,2
4130,56,1,0,4
4131,56,1,1,4
4132,57,0,1,4
4133,36,1,0,9
4134,31,1,0,2
4135,63,1,1,7
4136,52,0,1,6
4137,29,1,1,4
4138,50,1,0,7
4139,60,1,0,7
4140,23,1,1,4
4141,35,1,0,8
4142,51,0,1,7
4143,33,1,0,2
4144,29,1,1,3
4145,24,1,0,3
4146,68,0,1,4
4147,20,1,1,2
4148,65,0,0,7
4149,30,1,1,3
4150,51,0,0,1
4151,48,0,0,9
4152,19,1,1,8
4153,46,1,1,7
4154,60,1,0,9
4155,60,0,0,8
4156,62,0,0,5
4157,58,1,0,7
4158,41,0,1,5
4159,56,0,0,7
4160,44,1,0,6
4161,69,0,1,2
4162,39,0,1,7
4163,41,1,0,2
4164,34,0,0,4
4165,63,1,0,6
4166,42,0,0,3
4167,68,1,1,1
4168,45,0,0,3
4169,29,0,1,6
4170,27,0,0,2
4171,29,1,0,7
4172,19,1,0,8
4173,57,1,0,1
4174,62,1,0,7
4175,28,0,1,3
4176,63,0,0,8
4177,44,0,0,6
4178,65,0,0,8
4179,18,0,0,7
4180,32,1,0,9
4181,48,1,1,2
4182,60,1,0,6
4183,33,0,0,9
4184,63,0,0,6
4185,18,0,0,9
4186,37,1,1,1
4187,47,0,0,4
4188,69,0,0,5
4189,27,1,0,1
4190,19,0,0,1
4191,49,1,0,9
4192,50,1,0,8
4193,41,0,1,2
4194,55,1,0,6
4195,25,0,0,6
4196,67,0,1,7
4197,65,0,0,9
4198,32,1,0,7
4199,20,1,1,3
4200,58,1,0,8
4201,33,1,1,2
4202,62,1,1,5
4203,66,0,1,9
4204,38,1,0,6
4205,36,0,0,8
4206,40,1,0,1
4207,30,1,0,5
4208,32,1,0,5
4209,30,0,0,4
4210,42,1,0,5
4211,22,0,0,2
4212,48,1,0,3
4213,31,1,0,4
4214,23,1,1,5
4215,65,1,0,1
4216,34,1,0,7
4217,37,0,0,6
4218,66,1,1,1
4219,20,0,0,9
4220,62,0,0,3
4221,61,1,1,1
4222,21,1,1,8
4223,62,1,0,2
4224,28,0,0,3
4225,30,0,0,7
4226,68,1,1,5
4227,41,1,0,5
4228,48,0,0,3
4229,64,0,1,5
4230,49,1,0,9
4231,26,0,0,1
4232,52,1,0,4
4233,27,1,0,2
4234,36,0,0,6
4235,67,0,0,4
4236,67,0,0,7
4237,60,0,0,5
4238,24,0,1,7
4239,18,0,0,6
4240,69,0,0,3
4241,22,0,1,7
4242,35,1,0,2
4243,51,1,1,5
4244,22,0,1,5
4245,33,0,1,7
4246,26,0,1,4
4247,42,0,0,1
4248,54,0,0,5
4249,53,1,1,1
4250,67,1,0,8
4251,53,0,0,7
4252,42,0,0,4
4253,43,1,1,8
4254,54,1,1,6
4255,34,0,0,9
4256,68,0,0,3
4257,58,0,0,4
4258,26,0,0,3
4259,21,0,0,9
4260,36,0,0,8
4261,37,0,1,3
4262,56,1,0,5
4263,67,1,0,6
4264,53,1,0,5
4265,21,0,1,7
4266,22,0,0,4
4267,47,1,0,5
4268,24,1,0,8
4269,25,0,0,9
4270,20,1,0,5
4271,55,0,0,6
4272,63,1,0,1
4273,22,1,0,6
4274,54,0,1,5
4275,43,0,1,4
4276,57,0,1,5
4277,61,1,1,9
4278,65,0,1,7
4279,39,1,1,8
4280,56,0,0,8
4281,66,1,1,9
4282,36,0,0,5
4283,47,0,1,7
4284,33,1,0,5
4285,69,0,0,3
4286,54,0,0,5
4287,68,1,0,6
4288,23,0,1,8
4289,23,1,0,3
4290,30,0,0,3
4291,42,1,0,7
4292,64,1,1,9
4293,30,0,0,6
4294,42,0,0,7
4295,35,1,1,5
4296,28,1,0,3
4297,19,1,0,6
4298,25,0,1,4
4299,51,0,1,2
4300,40,1,1,9
4301,60,0,1,7
4302,66,0,0,7
4303,18,1,0,2
4304,36,1,0,8
4305,21,1,0,8
4306,18,1,0,8
4307,23,1,0,7
4308,27,1,1,3
4309,32,0,0,4
4310,28,0,0,2
4311,59,1,1,9
4312,24,0,0,6
4313,18,0,0,2
4314,63,1,1,8
4315,69,0,1,2
4316,68,1,0,5
4317,37,1,0,3
4318,65,0,0,8
4319,43,1,0,1
4320,34,0,0,4
4321,66,0,0,3
4322,55,1,0,4
4323,66,1,0,6
4324,68,1,0,2
4325,36,0,1,9
4326,52,0,0,8
4327,51,0,0,1
4328,50,1,0,6
4329,65,0,0,8
4330,44,0,1,8
4331,36,0,0,3
4332,60,0,0,9
4333,53,0,0,1
4334,65,1,0,2
4335,68,1,1,2
4336,34,1,0,4
4337,64,0,0,3
4338,32,1,0,6
4339,53,1,0,8
4340,52,0,1,9
4341,53,0,0,7
4342,38,0,0,9
4343,24,1,1,6
4344,56,0,0,3
4345,26,1,0,8
4346,58,1,0,3
4347,23,1,1,9
4348,47,1,0,9
4349,41,1,0,3
4350,27,0,1,8
4351,36,1,0,2
4352,49,0,0,4
4353,66,1,1,2
4354,63,1,0,2
4355,64,0,0,5
4356,55,1,0,3
4357,46,0,0,7
4358,49,1,1,6
4359,58,1,1,4
4360,66,0,0,4
4361,39,0,0,3
4362,33,0,0,2
4363,62,1,1,8
4364,18,1,1,8
4365,29,0,0,5
4366,39,1,0,9
4367,56,1,1,4
4368,57,1,0,4
4369,55,1,1,1
4370,19,1,0,3
4371,48,0,0,9
4372,63,1,1,8
4373,41,1,1,6
4374,64,0,0,1
4375,65,1,0,5
4376,33,0,0,3
4377,41,0,0,1
4378,59,0,0,4
4379,26,0,0,9
4380,48,0,0,9
4381,30,0,0,6
4382,28,0,0,5
4383,48,0,0,2
4384,64,1,1,9
4385,22,0,1,5
4386,24,1,0,9
4387,18,0,0,9
4388,39,1,1,5
4389,50,0,1,2
4390,64,0,1,8
4391,61,1,1,4
4392,55,1,0,2
4393,46,1,0,7
4394,43,0,1,5
4395,56,1,1,8
4396,25,1,1,4
4397,55,1,1,1
4398,61,0,0,9
4399,66,0,0,8
4400,62,0,0,5
4401,28,1,0,1
4402,25,1,1,4
4403,49,0,1,9
4404,63,0,1,2
4405,59,1,0,8
4406,27,0,0,2
4407,19,0,0,7
4408,44,1,1,3
4409,44,1,0,4
4410,43,0,1,2
4411,40,1,1,6
4412,48,0,1,8
4413,28,1,1,5
4414,63,1,1,5
4415,18,1,0,2
4416,60,0,1,5
4417,40,0,0,4
4418,59,0,1,9
4419,44,0,0,5
4420,67,0,0,5
4421,24,1,0,1
4422,34,0,0,2
4423,37,0,0,1
4424,30,1,0,4
4425,37,1,0,9
4426,36,1,1,3
4427,50,0,1,1
4428,50,0,1,9
4429,61,1,0,8
4430,37,0,0,5
4431,35,0,0,4
4432,25,1,0,4
4433,58,1,0,8
4434,67,1,0,6
4435,49,0,1,1
4436,68,0,1,4
4437,30,0,1,6
4438,67,0,0,1
4439,23,0,0,6
4440,47,1,0,8
4441,43,1,0,9
4442,37,1,0,3
4443,40,0,0,1
4444,50,0,1,5
4445,64,1,0,7
4446,36,0,1,2
4447,19,0,0,7
4448,57,0,0,4
4449,35,0,0,7
4450,36,0,1,2
4451,45,0,1,1
4452,63,1,0,9
4453,44,0,0,9
4454,52,0,0,8
4455,31,0,0,2
4456,24,0,0,7
4457,37,0,0,6
4458,39,1,0,8
4459,21,1,0,3
4460,26,0,1,7
4461,44,1,0,4
4462,28,0,0,9
4463,65,0,0,9
4464,43,1,0,2
4465,33,0,0,4
4466,21,1,0,3
4467,34,1,0,1
4468,31,1,0,6
4469,46,0,0,7
4470,56,1,1,3
4471,66,0,0,1
4472,67,1,0,7
4473,33,0,0,2
4474,49,1,0,4
4475,54,0,0,6
4476,22,0,0,1
4477,20,1,0,1
4478,35,0,0,7
4479,22,1,0,4
4480,69,1,0,3
4481,19,1,1,3
4482,18,0,0,3
4483,48,0,1,6
4484,33,0,0,4
4485,18,0,1,4
4486,23,1,0,9
4487,69,0,0,1
4488,68,0,0,7
4489,67,0,0,8
4490,66,1,1,8
4491,50,0,0,6
4492,25,1,0,7
4493,19,0,0,2
4494,46,1,0,4
4495,43,1,0,8
4496,42,0,0,1
4497,18,0,1,8
4498,67,0,0,4
4499,35,0,0,8
4500,61,0,0,4
4501,38,0,1,6
4502,29,0,1,2
4503,47,0,0,1
4504,57,0,0,9
4505,43,0,1,6
4506,28,0,0,9
4507,28,0,0,5
4508,21,1,0,1
4509,40,0,1,3
4510,38,0,1,9
4511,19,1,1,6
4512,20,1,0,8
4513,48,1,0,7
4514,46,0,0,7
4515,62,1,0,5
4516,67,1,0,7
4517,31,1,0,5
4518,22,1,1,1
4519,62,0,0,1
4520,65,0,0,3
4521,42,1,1,5
4522,38,1,0,9
4523,56,1,0,5
4524,28,1,1,6
4525,64,1,0,3
4526,23,1,0,1
4527,23,0,0,3
4528,58,1,0,3
4529,41,0,1,4
4530,41,1,0,4
4531,66,0,0,1
4532,58,0,0,9
4533,51,1,0,2
4534,27,0,0,3
4535,60,1,0,8
4536,22,1,0,1
4537,68,0,0,9
4538,57,0,1,9
4539,39,0,0,9
4540,23,0,0,4
4541,58,1,1,7
4542,37,0,0,9
4543,47,0,0,6
4544,38,1,1,8
4545,33,0,0,5
4546,51,0,0,7
4547,59,0,1,5
4548,34,1,0,7
4549,47,1,0,5
4550,31,1,0,2
4551,62,0,1,1
4552,55,0,0,2
4553,45,1,1,4
4554,49,1,0,4
4555,45,0,1,4
4556,49,0,1,1
4557,23,1,0,4
4558,47,0,0,3
4559,37,1,0,9
4560,22,0,0,5
4561,40,0,1,9
4562,26,1,0,3
4563,28,0,1,7
4564,69,1,1,7
4565,45,1,0,5
4566,42,0,0,3
4567,63,0,0,8
4568,29,0,0,2
4569,40,1,0,3
4570,44,1,0,3
4571,61,1,0,4
4572,67,0,1,1
4573,22,0,0,8
4574,18,0,0,9
4575,34,1,0,2
4576,34,1,1,7
4577,33,0,0,4
4578,41,1,0,8
4579,51,0,0,8
4580,23,0,0,5
4581,40,1,0,9
4582,62,0,0,5
4583,20,0,1,7
4584,68,0,1,8
4585,31,0,0,4
4586,41,1,0,9
4587,47,1,0,6
4588,40,1,1,8
4589,42,1,0,7
4590,31,1,0,7
4591,40,1,0,3
4592,50,1,0,9
4593,50,1,0,3
4594,49,1,0,6
4595,31,1,0,7
4596,56,0,0,4
4597,33,1,0,3
4598,18,0,0,5
4599,64,1,1,3
4600,52,0,0,6
4601,42,1,0,8
4602,18,0,1,4
4603,25,1,0,8
4604,55,0,0,3
4605,44,0,1,1
4606,60,1,1,2
4607,50,1,0,9
4608,41,0,0,3
4609,21,1,1,7
4610,66,1,0,4
4611,62,1,0,8
4612,22,1,0,3
4613,62,0,0,4
4614,45,1,0,7
4615,37,1,1,8
4616,44,1,1,3
4617,55,1,0,1
4618,66,0,0,6
4619,49,1,1,2
4620,25,1,1,2
4621,21,0,0,2
4622,37,1,0,1
4623,20,1,0,7
4624,21,1,0,8
4625,68,0,0,9
4626,46,1,0,7
4627,32,1,0,7
4628,60,1,1,2
4629,21,1,0,3
4630,20,1,0,2
4631,64,0,0,5
4632,63,0,0,8
4633,57,1,1,8
4634,48,0,0,5
4635,28,0,0,5
4636,42,1,0,7
4637,39,0,0,2
4638,36,1,1,3
4639,25,1,0,6
4640,25,0,0,1
4641,63,1,0,7
4642,69,0,0,9
4643,29,0,0,7
4644,33,1,0,9
4645,43,1,0,9
4646,25,0,0,8
4647,25,1,0,2
4648,69,1,0,1
4649,68,0,0,8
4650,45,1,0,4
4651,55,1,0,1
4652,50,0,0,6
4653,44,1,1,7
4654,38,0,1,6
4655,38,1,1,7
4656,31,0,0,9
4657,32,1,1,9
4658,60,0,0,7
4659,59,0,1,8
4660,24,1,1,1
4661,21,1,1,1
4662,22,0,0,9
4663,56,0,0,2
4664,22,0,0,1
4665,43,0,0,8
4666,53,1,0,8
4667,59,1,0,1
4668,68,1,0,4
4669,64,1,0,5
4670,53,1,0,2
4671,41,0,1,4
4672,29,0,0,3
4673,65,1,0,9
4674,43,1,1,9
4675,28,0,0,1
4676,43,0,1,2
4677,23,1,1,2
4678,59,1,0,5
4679,43,1,0,2
4680,36,1,0,2
4681,32,1,0,5
4682,67,1,0,6
4683,68,1,0,9
4684,40,0,0,4
4685,30,1,1,8
4686,39,0,1,2
4687,48,0,0,2
4688,66,0,1,4
4689,55,1,1,3
4690,60,0,0,2
4691,60,0,0,6
4692,35,1,0,3
4693,38,1,0,6
4694,46,0,0,7
4695,55,0,0,5
4696,56,1,0,8
4697,28,0,0,2
4698,55,0,0,1
4699,44,1,0,3
4700,63,1,0,1
4701,25,0,0,6
4702,56,1,1,9
4703,39,0,0,1
4704,59,1,0,2
4705,61,1,1,9
4706,69,0,0,5
4707,27,1,0,6
4708,59,1,0,5
4709,39,1,1,9
4710,21,0,0,2
4711,41,0,0,5
4712,68,0,0,5
4713,50,1,0,1
4714,28,0,1,5
4715,55,0,0,5
4716,34,0,0,9
4717,46,1,0,9
4718,53,0,0,4
4719,46,1,1,2
4720,42,0,0,8
4721,42,1,0,5
4722,23,1,0,3
4723,40,0,0,6
4724,23,1,0,6
4725,31,0,0,9
4726,24,0,0,5
4727,57,0,1,5
4728,30,0,1,5
4729,27,0,0,5
4730,45,1,0,5
4731,55,1,0,4
4732,55,0,0,3
4733,42,0,1,4
4734,59,1,0,1
4735,39,0,1,4
4736,51,1,1,9
4737,35,1,0,6
4738,28,0,0,2
4739,22,0,0,7
4740,48,0,0,8
4741,64,1,1,7
4742,18,1,1,8
4743,30,0,0,4
4744,42,0,0,2
4745,28,0,0,8
4746,41,0,1,6
4747,30,1,1,5
4748,42,1,1,3
4749,46,0,0,6
4750,38,1,1,4
4751,39,1,1,8
4752,35,1,0,1
4753,62,1,0,5
4754,35,0,0,8
4755,54,0,0,9
4756,42,0,1,9
4757,68,0,1,7
4758,50,0,0,8
4759,66,1,0,8
4760,42,0,0,2
4761,33,1,0,4
4762,32,1,0,6
4763,42,1,0,7
4764,49,0,0,5
4765,44,1,1,2
4766,36,0,1,2
4767,29,0,1,4
4768,46,1,0,2
4769,66,1,0,9
4770,25,0,0,2
4771,47,1,1,4
4772,18,1,1,5
4773,25,1,0,7
4774,39,1,1,1
4775,36,0,1,9
4776,49,0,0,8
4777,49,0,0,8
4778,49,1,0,7
4779,52,0,0,7
4780,51,1,1,6
4781,23,0,1,2
4782,40,0,0,6
4783,68,1,1,7
4784,61,0,0,6
4785,29,0,1,4
4786,46,1,0,1
4787,67,0,1,2
4788,46,1,0,9
4789,18,0,0,1
4790,58,0,1,3
4791,32,1,1,2
4792,35,0,0,9
4793,41,1,0,4
4794,23,0,0,1
4795,63,0,0,4
4796,65,0,0,3
4797,31,0,1,1
4798,41,0,0,5
4799,43,1,0,9
4800,42,0,0,6
4801,67,0,0,6
4802,56,1,0,4
4803,26,1,0,6
4804,40,1,0,6
4805,53,1,0,6
4806,27,1,0,8
4807,69,1,0,7
4808,44,1,0,2
4809,49,0,0,3
4810,37,0,0,6
4811,30,0,1,3
4812,41,0,0,2
4813,40,0,1,5
4814,49,1,0,6
4815,23,1,0,7
4816,47,0,1,8
4817,20,0,0,4
4818,48,1,0,2
4819,36,1,0,1
4820,49,0,0,1
4821,62,0,0,5
4822,48,1,1,6
4823,66,0,0,6
4824,36,1,0,6
4825,59,1,0,1
4826,25,1,0,3
4827,27,0,0,2
4828,57,0,0,9
4829,53,1,1,7
4830,32,0,0,9
4831,24,1,1,5
4832,37,0,1,4
4833,54,1,1,4
4834,58,1,1,7
4835,54,1,0,6
4836,50,1,0,2
4837,45,1,1,6
4838,62,0,0,5
4839,23,1,0,7
4840,60,0,1,2
4841,33,1,0,2
4842,51,0,1,5
4843,51,1,0,5
4844,59,1,1,5
4845,42,1,1,2
4846,49,1,1,8
4847,50,1,0,9
4848,50,1,0,7
4849,48,1,0,7
4850,23,1,0,8
4851,26,0,0,2
4852,62,1,0,8
4853,61,1,0,8
4854,64,1,0,3
4855,44,1,0,1
4856,66,1,1,6
4857,53,1,1,2
4858,31,0,1,9
4859,62,0,0,9
4860,34,0,1,3
4861,29,0,0,7
4862,38,1,1,3
4863,29,1,0,7
4864,40,1,1,5
4865,60,0,0,7
4866,36,0,0,8
4867,55,0,0,3
4868,64,1,0,8
4869,23,0,1,8
4870,69,1,0,9
4871,55,0,1,4
4872,60,1,0,6
4873,38,1,0,8
4874,50,1,1,7
4875,29,1,1,5
4876,27,0,0,3
4877,42,0,1,9
4878,64,1,0,5
4879,32,1,0,9
4880,66,1,0,3
4881,21,1,0,9
4882,18,0,0,2
4883,21,0,0,5
4884,26,0,0,7
4885,56,0,0,1
4886,57,0,0,6
4887,55,1,0,6
4888,64,0,0,3
4889,41,0,0,6
4890,21,0,0,8
4891,39,1,0,7
4892,18,1,0,4
4893,44,0,0,9
4894,63,0,1,6
4895,68,1,0,2
4896,69,0,0,7
4897,36,0,0,6
4898,66,0,0,8
4899,23,1,0,5
4900,44,0,0,8
4901,58,0,0,4
4902,60,1,1,8
4903,46,0,0,4
4904,40,1,0,9
4905,44,1,0,1
4906,54,0,1,5
4907,68,1,0,8
4908,44,1,0,5
4909,46,0,0,6
4910,27,1,0,8
4911,65,1,0,1
4912,61,1,0,9
4913,46,1,0,8
4914,36,0,0,3
4915,21,1,0,9
4916,50,0,1,9
4917,33,1,0,4
4918,27,0,1,3
4919,58,0,0,2
4920,51,1,0,8
4921,49,1,0,8
4922,32,1,0,1
4923,67,1,0,1
4924,50,1,0,7
4925,55,0,0,5
4926,42,1,0,1
4927,63,1,0,9
4928,69,1,0,5
4929,64,0,0,5
4930,48,0,1,1
4931,24,1,0,9
4932,54,1,0,2
4933,23,0,0,8
4934,28,0,0,9
4935,36,1,0,6
4936,48,0,1,9
4937,53,0,0,4
4938,43,0,0,1
4939,67,0,1,6
4940,44,1,0,7
4941,47,0,0,9
4942,36,0,1,8
4943,31,1,1,5
4944,68,0,1,7
4945,50,0,0,9
4946,28,1,1,2
4947,36,1,0,7
4948,44,0,1,6
4949,25,0,0,3
4950,38,1,0,8
4951,39,1,1,3
4952,65,1,0,9
4953,65,1,0,6
4954,56,1,0,3
4955,62,0,0,5
4956,51,0,0,6
4957,31,0,1,8
4958,60,0,0,3
4959,67,0,0,5
4960,22,0,0,6
4961,33,0,0,3
4962,64,0,0,3
4963,32,0,0,3
4964,64,1,0,1
4965,31,0,0,4
4966,46,1,0,6
4967,65,0,0,5
4968,62,1,0,4
4969,18,0,0,7
4970,49,0,0,1
4971,56,0,0,9
4972,67,0,0,1
4973,55,1,1,4
4974,21,1,1,5
4975,32,0,1,5
4976,18,0,0,5
4977,49,1,0,7
4978,59,0,0,2
4979,55,0,0,5
4980,28,1,1,4
4981,32,1,1,5
4982,18,0,0,1
4983,49,1,0,7
4984,50,0,0,8
4985,43,0,0,8
4986,44,0,1,1
4987,47,1,1,1
4988,33,0,0,9
4989,50,1,0,7
4990,60,0,0,4
4991,31,0,0,9
4992,54,0,0,6
4993,47,0,0,5
4994,49,0,0,4
4995,34,0,0,8
4996,58,1,0,7
4997,51,1,0,9
4998,27,0,1,2
4999,33,1,0,9
5000,62,0,1,6
5001,44,1,0,9
5002,19,0,0,7
5003,27,0,0,3
5004,56,0,1,1
5005,33,0,0,7
5006,59,1,0,5
5007,61,0,1,2
5008,69,0,0,8
5009,67,1,0,2
5010,48,0,0,7
5011,41,1,0,5
5012,57,1,0,2
5013,24,1,0,8
5014,32,0,0,3
5015,36,0,1,3
5016,40,0,0,9
5017,20,1,0,4
5018,56,1,1,3
5019,65,1,0,5
5020,67,1,0,3
5021,51,0,0,7
5022,21,1,0,6
5023,22,1,1,7
5024,48,0,0,1
5025,24,0,1,4
5026,49,1,0,9
5027,58,0,0,8
5028,31,0,1,4
5029,21,1,0,7
5030,59,0,1,9
5031,69,0,1,3
5032,69,1,0,6
5033,69,0,0,2
5034,59,0,0,8
5035,45,0,0,8
5036,63,1,0,8
5037,49,0,1,8
5038,55,0,0,9
5039,40,0,0,5
5040,57,0,0,3
5041,24,0,1,7
5042,20,1,0,3
5043,30,0,0,8
5044,62,1,0,5
5045,33,0,1,7
5046,65,0,0,8
5047,49,0,0,6
5048,50,0,1,2
5049,26,1,0,6
5050,51,0,1,9
5051,45,1,0,4
5052,29,1,1,4
5053,62,1,0,5
5054,20,1,0,9
5055,65,0,0,4
5056,67,0,0,5
5057,44,1,0,9
5058,65,1,1,2
5059,51,1,1,6
5060,28,0,0,9
5061,50,1,1,9
5062,34,1,0,8
5063,55,0,0,9
5064,19,1,0,7
5065,65,0,1,9
5066,23,0,1,5
5067,54,0,1,5
5068,19,1,1,7
5069,53,1,0,2
5070,39,0,1,5
5071,50,0,0,8
5072,39,1,0,4
5073,27,1,0,5
5074,60,1,0,9
5075,68,0,0,7
5076,54,1,0,8
5077,69,1,0,5
5078,35,0,0,8
5079,55,1,0,7
5080,32,1,0,3
5081,30,1,0,1
5082,63,0,0,7
5083,56,0,0,2
5084,48,1,1,5
5085,60,1,1,9
5086,41,1,1,1
5087,54,1,0,9
5088,61,1,1,7
5089,35,1,0,1
5090,63,1,1,5
5091,69,0,1,5
5092,44,1,0,2
5093,21,1,0,1
5094,32,1,0,9
5095,38,0,1,6
5096,60,1,1,8
5097,58,0,0,9
5098,52,1,0,4
5099,19,1,1,5
5100,29,1,1,9
5101,44,1,0,3
5102,52,0,0,8
5103,57,1,1,6
5104,59,1,0,8
5105,26,1,0,7
5106,44,0,0,8
5107,41,1,1,6
5108,42,1,0,2
5109,49,1,0,5
5110,60,0,1,6
5111,60,0,1,6
5112,25,0,0,1
5113,42,0,0,7
5114,22,1,1,3
5115,56,1,1,6
5116,31,0,1,8
5117,44,0,0,3
5118,23,0,0,5
5119,50,1,1,7
5120,59,1,0,5
5121,55,0,0,6
5122,61,0,0,6
5123,45,0,1,8
5124,23,1,0,7
5125,41,1,1,3
5126,18,1,0,8
5127,61,1,1,8
5128,27,1,1,4
5129,42,1,0,5
5130,55,0,0,8
5131,20,0,1,5
5132,41,0,1,4
5133,29,1,0,4
5134,47,0,0,5
5135,25,0,0,6
5136,31,0,0,7
5137,58,1,0,2
5138,64,1,0,2
5139,18,1,1,7
5140,66,0,0,3
5141,33,0,1,5
5142,34,1,1,4
5143,63,1,1,4
5144,68,0,0,2
5145,42,0,0,7
5146,40,0,1,9
5147,32,0,1,3
5148,56,0,0,4
5149,30,0,0,9
5150,21,0,1,8
5151,68,0,0,2
5152,69,0,1,5
5153,59,0,1,2
5154,31,0,0,6
5155,62,0,1,4
5156,22,0,0,8
5157,41,1,1,2
5158,51,1,0,2
5159,20,0,1,6
5160,33,0,0,6
5161,36,0,0,2
5162,52,1,0,6
5163,62,0,0,6
5164,63,1,1,6
5165,62,1,0,2
5166,40,0,1,6
5167,21,0,0,1
5168,30,1,0,1
5169,40,0,1,4
5170,52,1,0,7
5171,59,1,0,6
5172,32,1,1,5
5173,31,1,0,1
5174,26,1,1,8
5175,50,0,0,9
5176,48,1,0,9
5177,59,1,0,1
5178,47,1,0,2
5179,26,0,0,9
5180,40,0,0,9
5181,58,0,1,5
5182,20,1,1,1
5183,54,1,0,4
5184,28,0,0,3
5185,41,0,0,7
5186,50,1,0,3
5187,68,1,0,8
5188,59,1,0,8
5189,65,1,0,2
5190,37,0,1,8
5191,34,0,0,7
5192,50,1,0,2
5193,35,1,0,3
5194,33,0,0,7
5195,34,1,0,4
5196,50,0,0,3
5197,58,1,1,7
5198,65,0,0,6
5199,43,0,1,8
5200,51,1,0,5
5201,30,1,0,1
5202,58,0,1,9
5203,66,0,0,4
5204,66,0,0,4
5205,56,1,0,1
5206,31,1,0,5
5207,60,1,0,4
5208,38,1,1,9
5209,49,0,0,3
5210,53,0,0,9
5211,52,0,0,8
5212,66,1,1,6
5213,57,0,0,2
5214,41,1,1,6
5215,59,0,1,2
5216,68,1,0,2
5217,58,1,0,2
5218,48,1,1,1
5219,25,0,0,8
5220,32,0,0,9
5221,52,1,0,2
5222,65,0,1,5
5223,26,1,0,6
5224,55,0,1,2
5225,38,0,0,5
5226,55,0,0,5
5227,33,1,0,8
5228,49,0,0,6
5229,30,0,0,9
5230,57,1,0,9
5231,20,1,1,8
5232,62,0,1,3
5233,58,1,0,5
5234,59,1,0,7
5235,66,1,0,6
5236,48,1,0,2
5237,64,1,0,7
5238,61,0,0,7
5239,36,0,0,2
5240,58,0,0,3
5241,37,1,0,6
5242,36,1,0,3
5243,58,1,0,3
5244,54,1,1,4
5245,30,0,0,2
5246,54,0,0,3
5247,61,0,0,7
5248,38,1,0,2
5249,65,1,0,3
5250,42,0,0,6
5251,20,0,1,9
5252,54,0,0,9
5253,23,1,0,7
5254,52,1,0,4
5255,67,0,1,8
5256,64,0,0,1
5257,37,1,0,8
5258,30,0,1,4
5259,31,1,0,1
5260,40,1,0,8
5261,21,0,0,2
5262,46,0,0,1
5263,29,1,1,4
5264,66,1,1,8
5265,61,0,1,1
5266,50,1,0,5
5267,34,1,1,1
5268,52,0,1,6
5269,31,0,0,4
5270,64,0,1,4
5271,44,0,1,3
5272,56,1,0,9
5273,62,0,1,4
5274,20,1,1,4
5275,60,0,0,8
5276,66,0,0,3
5277,36,1,1,3
5278,38,0,0,8
5279,34,0,0,6
5280,56,1,1,7
5281,45,1,0,5
5282,62,1,0,3
5283,19,1,1,3
5284,58,0,0,9
5285,69,1,0,1
5286,39,0,0,2
5287,50,1,1,7
5288,55,0,1,6
5289,39,0,0,5
5290,40,0,0,3
5291,60,0,0,8
5292,47,1,0,4
5293,46,1,0,5
5294,69,0,0,6
5295,18,0,0,8
5296,20,0,0,7
5297,23,1,0,1
5298,21,1,0,1
5299,48,0,0,7
5300,19,1,1,1
5301,22,1,0,1
5302,52,1,1,6
5303,48,1,0,4
5304,42,1,0,8
5305,49,0,0,4
5306,19,0,0,8
5307,18,1,0,4
5308,35,1,1,4
5309,19,0,1,6
5310,68,0,0,5
5311,55,0,0,7
5312,48,0,0,2
5313,46,1,0,3
5314,37,1,1,2
5315,54,0,0,2
5316,45,1,0,1
5317,63,0,0,8
5318,61,1,0,7
5319,18,1,1,6
5320,69,0,1,3
5321,41,1,0,9
5322,25,0,0,1
5323,35,1,0,8
5324,60,0,0,9
5325,20,0,0,4
5326,27,1,0,9
5327,37,0,0,8
5328,61,1,1,5
5329,69,1,0,3
5330,47,1,0,5
5331,42,0,0,5
5332,34,1,0,7
5333,19,0,0,9
5334,41,1,0,7
5335,48,0,0,7
5336,29,1,0,3
5337,33,1,0,9
5338,47,0,0,1
5339,55,0,0,2
5340,25,1,1,1
5341,27,1,0,5
5342,67,0,0,2
5343,33,0,0,9
5344,51,1,0,4
5345,21,1,1,1
5346,44,1,0,9
5347,64,0,0,9
5348,55,0,0,6
5349,47,0,0,7
5350,48,1,0,9
5351,49,1,0,7
5352,21,1,1,1
5353,26,1,0,8
5354,35,1,1,7
5355,35,0,0,3
5356,20,0,0,1
5357,19,1,0,2
5358,41,0,0,1
5359,39,0,0,1
5360,29,0,1,8
5361,21,1,1,5
5362,60,1,0,9
5363,27,0,1,7
5364,51,0,0,7
5365,65,1,0,9
5366,42,0,0,9
5367,63,1,0,7
5368,68,0,0,2
5369,54,0,1,8
5370,39,1,0,3
5371,18,1,0,6
5372,65,1,0,1
5373,36,0,0,2
5374,38,0,1,1
5375,61,0,1,7
5376,35,1,0,7
5377,65,1,1,7
5378,25,0,1,6
5379,38,1,1,9
5380,40,0,0,4
5381,60,0,0,9
5382,36,1,1,2
5383,25,0,0,3
5384,67,1,1,3
5385,21,0,1,8
5386,48,0,1,7
5387,18,0,0,1
5388,35,0,0,6
5389,61,0,0,7
5390,52,0,1,1
5391,69,0,0,3
5392,57,0,0,5
5393,29,0,1,1
5394,58,0,1,9
5395,56,0,0,9
5396,20,1,1,5
5397,38,1,0,5
5398,43,1,1,5
5399,21,1,0,9
5400,44,1,0,9
5401,67,0,0,8
5402,25,0,0,9
5403,33,0,0,6
5404,33,1,0,7
5405,64,0,0,5
5406,20,1,0,1
5407,39,0,0,7
5408,69,0,0,6
5409,57,1,0,3
5410,42,0,0,1
5411,18,1,1,2
5412,34,1,0,9
5413,43,1,1,9
5414,69,1,0,3
5415,60,1,0,5
5416,64,0,0,2
5417,51,0,0,5
5418,61,1,0,3
5419,57,0,1,8
5420,27,1,0,4
5421,56,1,0,8
5422,65,1,0,2
5423,59,0,1,2
5424,61,0,1,5
5425,50,1,0,6
5426,39,0,0,4
5427,37,1,0,1
5428,39,1,0,4
5429,23,0,0,4
5430,57,0,0,8
5431,68,1,0,1
5432,54,0,1,2
5433,66,0,0,8
5434,48,0,0,6
5435,51,0,0,5
5436,49,0,1,5
5437,54,1,0,1
5438,68,1,1,7
5439,65,0,1,2
5440,50,0,0,3
5441,54,0,0,9
5442,34,1,0,9
5443,44,1,0,2
5444,50,1,0,4
5445,34,0,0,3
5446,61,1,1,2
5447,43,1,0,5
5448,58,1,0,6
5449,33,1,1,9
5450,22,0,0,8
5451,22,0,0,3
5452,18,1,0,1
5453,33,0,1,6
5454,52,1,0,1
5455,38,0,0,8
5456,24,0,0,5
5457,36,0,0,4
5458,66,1,0,1
5459,40,1,1,9
5460,48,0,1,9
5461,69,0,0,6
5462,55,0,1,3
5463,35,0,0,2
5464,60,1,1,8
5465,37,0,0,5
5466,27,1,1,2
5467,67,0,0,4
5468,23,0,0,8
5469,28,1,0,7
5470,28,0,0,8
5471,29,1,0,9
5472,30,0,0,8
5473,63,0,0,7
5474,69,0,0,3
5475,43,0,1,7
5476,27,0,0,3
5477,59,1,0,5
5478,60,0,0,2
5479,50,1,1,5
5480,25,1,1,5
5481,23,1,1,4
5482,44,1,0,9
5483,51,1,1,8
5484,63,1,1,4
5485,62,1,0,6
5486,46,1,1,6
5487,45,1,1,7
5488,30,0,0,8
5489,52,1,0,3
5490,63,0,0,6
5491,50,0,0,7
5492,26,1,1,7
5493,57,0,0,8
5494,46,1,1,8
5495,56,0,0,4
5496,68,0,0,6
5497,69,1,0,6
5498,59,1,0,1
5499,39,0,1,3
5500,31,0,0,7
5501,68,1,1,2
5502,39,0,1,3
5503,58,1,1,6
5504,61,0,0,4
5505,21,0,0,3
5506,26,0,0,9
5507,30,0,0,1
5508,31,0,1,3
5509,45,0,0,4
5510,38,0,0,2
5511,69,0,1,9
5512,18,0,0,9
5513,40,0,0,9
5514,30,1,0,2
5515,38,0,1,9
5516,46,0,0,1
5517,41,0,0,7
5518,58,0,0,1
5519,63,0,1,4
5520,67,1,0,3
5521,60,0,0,4
5522,57,1,0,4
5523,40,1,0,3
5524,19,1,1,1
5525,65,1,0,4
5526,44,0,0,1
5527,18,1,1,9
5528,28,0,1,2
5529,38,1,1,1
5530,26,0,0,6
5531,66,1,0,8
5532,41,1,0,7
5533,39,0,1,1
5534,35,0,0,5
5535,29,1,0,9
5536,42,0,0,5
5537,50,0,0,1
5538,35,0,1,5
5539,38,0,0,6
5540,29,1,0,1
5541,18,0,1,5
5542,42,1,1,5
5543,24,0,1,4
5544,66,1,0,5
5545,33,0,1,9
5546,50,1,1,2
5547,25,1,0,9
5548,56,1,0,1
5549,38,0,0,7
5550,41,0,1,5
5551,66,1,0,7
5552,47,1,1,6
5553,37,0,1,9
5554,60,0,0,4
5555,52,1,0,8
5556,50,1,0,6
5557,20,1,0,7
5558,31,0,1,4
5559,54,1,0,9
5560,68,0,1,4
5561,50,0,1,6
5562,23,0,0,6
5563,64,1,1,3
5564,36,1,0,8
5565,59,1,0,8
5566,48,1,0,5
5567,38,1,1,7
5568,48,0,0,5
5569,59,1,0,9
5570,39,1,0,4
5571,29,0,0,5
5572,19,0,0,6
5573,51,1,0,6
5574,57,1,0,9
5575,58,0,0,3
5576,26,1,0,9
5577,24,0,0,4
5578,34,0,0,5
5579,45,1,0,1
5580,43,0,0,6
5581,36,1,0,1
5582,35,1,0,8
5583,35,1,0,6
5584,23,0,0,2
5585,67,0,0,9
5586,39,0,0,6
5587,35,0,0,8
5588,19,0,1,5
5589,65,1,1,1
5590,64,0,1,5
5591,35,0,0,3
5592,45,1,0,9
5593,55,0,1,6
5594,66,0,1,9
5595,56,1,1,3
5596,26,1,0,4
5597,64,1,1,9
5598,63,1,1,6
5599,57,1,0,5
5600,23,1,0,5
5601,24,0,0,3
5602,23,0,0,5
5603,57,0,1,5
5604,20,1,0,5
5605,69,0,1,2
5606,62,0,1,3
5607,23,0,0,8
5608,40,1,0,9
5609,27,0,0,7
5610,50,1,0,1
5611,43,1,0,7
5612,50,0,1,7
5613,58,0,0,8
5614,34,0,0,6
5615,31,0,0,2
5616,27,0,0,3
5617,38,0,1,4
5618,50,0,0,3
5619,52,1,0,7
5620,42,1,1,7
5621,18,1,0,6
5622,21,0,1,4
5623,33,1,1,1
5624,54,1,0,9
5625,60,1,0,1
5626,39,0,0,1
5627,33,1,1,2
5628,40,0,0,7
5629,56,0,0,9
5630,52,1,1,5
5631,61,0,1,4
5632,56,1,0,9
5633,42,1,0,7
5634,66,1,0,5
5635,21,1,0,8
5636,32,1,1,5
5637,35,0,0,3
5638,23,1,1,2
5639,67,0,0,8
5640,56,0,0,8
5641,63,1,0,7
5642,34,1,0,2
5643,68,0,1,6
5644,20,1,0,7
5645,31,0,0,8
5646,24,0,0,3
5647,25,0,0,4
5648,47,1,1,2
5649,36,1,0,5
5650,47,0,0,9
5651,67,0,1,6
5652,34,1,0,2
5653,44,0,0,3
5654,58,1,0,7
5655,58,0,0,1
5656,22,1,0,6
5657,45,0,0,4
5658,18,0,0,9
5659,51,1,0,4
5660,55,1,0,3
5661,68,1,0,8
5662,29,0,0,4
5663,32,1,1,5
5664,20,1,0,4
5665,52,0,0,7
5666,51,1,0,5
5667,36,1,1,6
5668,36,0,1,6
5669,47,0,1,9
5670,56,0,0,4
5671,58,0,1,2
5672,22,1,0,3
5673,43,0,1,9
5674,25,0,0,7
5675,62,0,0,3
5676,23,1,1,1
5677,63,1,1,9
5678,47,1,0,5
5679,51,1,0,8
5680,36,0,0,5
5681,47,0,0,3
5682,66,1,0,2
5683,48,1,0,8
5684,25,0,0,9
5685,39,0,0,9
5686,54,0,0,3
5687,51,0,0,1
5688,39,1,0,9
5689,20,0,0,2
5690,64,0,0,9
5691,42,0,0,2
5692,34,1,0,5
5693,23,1,1,7
5694,41,0,0,9
5695,56,0,0,2
5696,45,1,1,9
5697,34,1,0,1
5698,65,0,1,4
5699,19,0,1,5
5700,64,0,0,5
5701,45,0,0,4
5702,55,0,0,1
5703,20,0,0,8
5704,43,1,1,5
5705,35,0,1,7
5706,39,0,0,5
5707,59,1,0,2
5708,19,1,0,4
5709,48,1,0,2
5710,54,1,0,6
5711,35,0,0,5
5712,60,0,0,2
5713,61,0,0,3
5714,54,0,0,6
5715,29,0,1,4
5716,26,0,1,8
5717,69,1,0,7
5718,47,0,0,1
5719,65,0,0,8
5720,54,1,0,4
5721,68,1,0,3
5722,34,1,1,1
5723,46,1,0,9
5724,52,0,0,9
5725,28,1,0,5
5726,45,1,0,6
5727,69,0,0,5
5728,25,0,0,4
5729,47,0,1,8
5730,20,1,0,9
5731,66,0,0,8
5732,23,1,0,6
5733,62,1,0,6
5734,30,1,0,9
5735,51,0,0,3
5736,33,1,0,7
5737,43,1,1,4
5738,45,1,0,5
5739,18,0,0,1
5740,58,0,0,7
5741,25,1,1,6
5742,38,1,0,2
5743,42,0,0,3
5744,41,0,1,7
5745,45,1,0,3
5746,47,1,1,8
5747,27,0,1,6
5748,40,0,0,1
5749,67,0,0,8
5750,35,0,1,3
5751,53,0,0,5
5752,30,1,0,7
5753,46,0,1,4
5754,68,1,1,3
5755,18,0,1,2
5756,46,1,0,6
5757,49,1,0,1
5758,36,0,1,1
5759,20,0,0,5
5760,48,0,1,7
5761,61,0,0,8
5762,51,0,0,1
5763,53,0,0,6
5764,38,0,1,8
5765,69,1,0,7
5766,28,1,0,6
5767,47,1,0,4
5768,53,0,0,8
5769,49,0,1,3
5770,34,0,0,6
5771,30,0,0,4
5772,53,1,0,7
5773,28,0,0,1
5774,37,0,0,5
5775,29,1,0,8
5776,43,1,0,2
5777,29,0,0,6
5778,38,0,0,3
5779,23,1,0,3
5780,34,0,0,4
5781,23,1,0,6
5782,49,0,0,4
5783,34,1,0,4
5784,35,0,0,6
5785,22,1,1,1
5786,35,1,0,4
5787,33,1,0,4
5788,24,0,1,7
5789,29,1,0,3
5790,37,0,1,1
5791,26,1,0,6
5792,50,1,1,4
5793,45,0,0,3
5794,50,0,1,1
5795,32,0,0,4
5796,29,0,0,9
5797,67,0,1,5
5798,54,1,0,5
5799,47,0,1,3
5800,26,0,1,7
5801,65,1,0,2
5802,47,1,1,1
5803,24,0,0,2
5804,48,0,0,6
5805,29,1,0,7
5806,41,0,0,3
5807,36,0,1,1
5808,51,0,0,2
5809,37,0,0,7
5810,24,0,0,8
5811,69,1,0,6
5812,40,1,1,7
5813,32,0,0,5
5814,44,0,0,8
5815,41,1,0,5
5816,50,0,1,9
5817,63,0,0,2
5818,61,1,0,2
5819,44,0,0,3
5820,68,0,0,7
5821,49,1,0,9
5822,44,1,0,7
5823,62,0,1,3
5824,68,0,0,5
5825,28,1,0,3
5826,19,0,0,6
5827,55,1,0,8
5828,38,0,0,8
5829,38,0,0,3
5830,53,0,0,7
5831,40,0,0,8
5832,42,0,0,6
5833,39,1,1,8
5834,63,0,0,1
5835,25,1,0,1
5836,53,1,0,4
5837,20,0,0,2
5838,51,1,1,4
5839,22,0,0,6
5840,22,0,0,8
5841,54,0,1,9
5842,36,1,1,9
5843,63,1,0,6
5844,23,0,0,3
5845,55,0,0,2
5846,30,0,0,9
5847,28,1,0,9
5848,22,0,0,4
5849,31,1,1,9
5850,29,0,0,3
5851,39,1,0,6
5852,67,0,1,7
5853,62,1,0,9
5854,64,1,0,9
5855,63,0,1,6
5856,31,1,0,5
5857,19,0,0,6
5858,29,1,0,4
5859,59,0,1,7
5860,58,0,0,2
5861,37,1,1,3
5862,67,1,0,9
5863,32,0,0,6
5864,30,1,0,4
5865,60,1,0,7
5866,48,0,1,3
5867,29,0,0,8
5868,69,1,1,1
5869,57,0,1,9
5870,41,0,0,5
5871,56,0,0,6
5872,36,1,1,8
5873,31,1,0,5
5874,60,1,0,1
5875,64,1,0,2
5876,68,1,0,2
5877,64,0,1,4
5878,66,1,0,6
5879,32,1,1,4
5880,43,1,1,5
5881,31,1,0,7
5882,41,0,0,2
5883,40,0,0,7
5884,39,1,0,8
5885,51,1,0,7
5886,41,1,0,5
5887,64,0,0,3
5888,60,1,1,7
5889,50,0,0,7
5890,58,0,0,2
5891,41,0,1,3
5892,60,0,1,9
5893,42,0,0,5
5894,62,0,0,6
5895,25,0,1,6
5896,63,1,0,9
5897,27,1,0,6
5898,66,1,0,6
5899,50,1,0,1
5900,33,1,1,5
5901,36,0,1,6
5902,34,0,0,5
5903,18,1,0,5
5904,27,1,0,1
5905,36,0,0,6
5906,66,1,0,7
5907,67,1,0,7
5908,49,1,0,9
5909,49,0,1,2
5910,18,0,1,7
5911,59,0,0,6
5912,41,0,0,2
5913,64,0,1,6
5914,33,1,0,6
5915,20,1,0,4
5916,27,0,0,8
5917,54,1,1,4
5918,37,0,0,8
5919,43,1,0,5
5920,45,0,0,9
5921,21,0,1,2
5922,42,0,0,4
5923,19,0,1,7
5924,45,1,0,4
5925,61,0,0,4
5926,45,0,0,7
5927,59,0,1,3
5928,64,0,0,8
5929,41,0,0,7
5930,69,0,0,4
5931,41,0,0,8
5932,35,0,1,7
5933,65,1,0,9
5934,25,1,1,2
5935,18,1,0,1
5936,46,0,1,7
5937,21,1,1,5
5938,69,1,1,8
5939,55,1,0,3
5940,45,1,0,8
5941,64,0,0,4
5942,46,0,0,9
5943,41,1,0,8
5944,69,0,0,9
5945,64,0,0,5
5946,50,0,0,8
5947,33,0,1,4
5948,34,0,0,1
5949,41,1,1,1
5950,41,1,1,5
5951,56,1,1,7
5952,28,1,0,2
5953,35,1,0,4
5954,20,0,0,8
5955,37,0,0,8
5956,37,1,1,3
5957,35,1,0,3
5958,18,1,0,9
5959,44,0,0,2
5960,69,0,0,4
5961,36,1,1,4
5962,27,0,0,4
5963,36,1,0,4
5964,52,0,0,9
5965,24,1,0,9
5966,35,1,0,5
5967,18,1,0,8
5968,40,0,0,2
5969,46,0,0,8
5970,31,1,0,7
5971,40,0,0,8
5972,55,1,0,9
5973,37,1,1,7
5974,65,0,0,6
5975,44,0,0,1
5976,46,0,0,2
5977,27,1,0,5
5978,44,0,0,9
5979,18,0,0,4
5980,48,0,1,2
5981,40,0,0,8
5982,60,1,0,5
5983,47,1,0,7
5984,46,1,1,9
5985,46,1,1,4
5986,59,1,1,5
5987,65,0,0,2
5988,54,1,0,4
5989,18,1,0,4
5990,47,1,1,9
5991,57,0,0,4
5992,45,0,1,5
5993,19,1,0,9
5994,37,0,0,4
5995,41,1,0,3
5996,54,1,0,8
5997,33,1,0,7
5998,48,1,0,3
5999,65,1,1,4
6000,49,0,1,5
6001,31,0,1,3
6002,41,1,0,3
6003,57,0,1,2
6004,52,0,0,6
6005,51,0,0,5
6006,61,0,0,5
6007,62,1,0,3
6008,55,0,1,7
6009,56,0,0,2
6010,69,1,0,2
6011,62,0,0,6
6012,44,0,0,2
6013,29,0,0,7
6014,62,1,0,7
6015,40,0,0,1
6016,38,0,0,1
6017,24,0,0,2
6018,64,1,0,8
6019,37,0,0,9
6020,19,1,0,9
6021,56,0,0,3
6022,48,0,0,9
6023,19,0,0,3
6024,33,1,0,1
6025,62,1,1,1
6026,21,0,0,8
6027,39,1,0,2
6028,60,0,0,8
6029,25,1,0,8
6030,50,0,0,1
6031,43,0,1,9
6032,58,1,1,5
6033,51,1,0,5
6034,53,0,0,1
6035,35,1,1,7
6036,47,1,1,5
6037,59,1,0,6
6038,65,0,0,1
6039,26,0,0,1
6040,43,1,0,3
6041,48,0,0,2
6042,39,1,1,7
6043,49,0,0,7
6044,68,0,1,3
6045,59,0,1,1
6046,35,0,1,1
6047,30,1,0,2
6048,69,1,0,7
6049,66,0,0,4
6050,26,0,1,9
6051,25,1,0,6
6052,25,1,1,7
6053,67,0,0,1
6054,62,1,1,3
6055,58,0,0,1
6056,57,1,0,9
6057,33,1,0,6
6058,27,1,1,1
6059,35,0,0,9
6060,21,0,0,6
6061,64,0,0,5
6062,40,0,1,3
6063,58,0,0,8
6064,59,0,1,7
6065,19,0,0,8
6066,18,1,1,8
6067,57,1,0,2
6068,57,0,1,3
6069,51,0,0,3
6070,28,1,1,5
6071,58,0,0,7
6072,50,0,0,4
6073,68,0,0,1
6074,60,1,0,6
6075,32,0,0,4
6076,64,0,0,1
6077,36,1,1,2
6078,34,0,1,4
6079,66,0,0,5
6080,41,0,0,6
6081,46,0,1,1
6082,46,1,0,5
6083,35,0,0,5
6084,56,1,0,3
6085,59,0,0,2
6086,24,0,1,7
6087,46,0,0,1
6088,20,0,1,2
6089,54,1,0,8
6090,18,0,0,1
6091,67,1,1,1
6092,63,0,0,6
6093,65,0,1,4
6094,24,1,1,4
6095,32,0,0,6
6096,52,0,1,8
6097,55,1,0,4
6098,65,0,0,2
6099,45,0,1,6
6100,23,1,0,1
6101,37,0,1,3
6102,59,0,0,6
6103,30,1,0,8
6104,21,1,1,4
6105,45,0,1,6
6106,62,0,0,4
6107,60,1,1,5
6108,45,1,0,6
6109,63,1,0,1
6110,32,1,0,3
6111,55,0,0,7
6112,55,0,0,7
6113,54,1,0,2
6114,41,0,1,2
6115,34,0,0,6
6116,43,0,0,4
6117,69,0,0,9
6118,37,1,0,5
6119,53,0,0,8
6120,65,1,0,4
6121,57,0,1,5
6122,67,0,1,8
6123,50,1,1,6
6124,51,0,1,9
6125,44,0,1,9
6126,47,0,1,4
6127,68,0,0,7
6128,25,0,1,7
6129,29,0,0,4
6130,68,0,0,6
6131,42,1,0,8
6132,49,0,0,4
6133,40,1,0,1
6134,36,0,1,3
6135,21,1,0,5
6136,55,0,1,5
6137,47,0,0,7
6138,43,0,1,5
6139,44,1,1,6
6140,23,1,0,4
6141,47,1,0,2
6142,50,1,0,7
6143,29,1,0,5
6144,39,1,0,9
6145,49,0,1,5
6146,41,1,0,3
6147,53,0,1,7
6148,65,1,1,8
6149,24,0,0,5
6150,62,0,0,2
6151,34,0,0,5
6152,23,0,0,5
6153,42,1,0,3
6154,62,1,0,4
6155,60,1,0,5
6156,26,1,1,7
6157,23,0,0,9
6158,47,0,0,4
6159,63,0,1,6
6160,20,1,0,9
6161,22,1,1,6
6162,59,1,0,2
6163,19,0,1,4
6164,59,0,0,6
6165,32,1,1,1
6166,56,1,0,8
6167,18,0,1,8
6168,32,1,0,2
6169,18,1,0,4
6170,38,0,1,1
6171,65,0,0,8
6172,68,1,0,1
6173,22,1,0,1
6174,39,1,0,2
6175,38,1,1,5
6176,45,0,0,8
6177,28,1,0,1
6178,21,1,1,2
6179,53,1,0,4
6180,42,0,0,3
6181,38,1,0,4
6182,58,0,0,9
6183,18,1,0,5
6184,29,1,0,9
6185,18,0,1,3
6186,27,1,1,5
6187,19,0,1,3
6188,26,0,0,1
6189,49,1,0,1
6190,65,0,0,5
6191,49,0,0,6
6192,52,0,0,4
6193,56,1,0,1
6194,46,0,0,6
6195,33,1,1,3
6196,62,0,0,9
6197,56,1,0,7
6198,34,0,1,5
6199,52,0,1,3
6200,60,1,0,4
6201,30,1,0,4
6202,61,1,0,9
6203,21,1,1,6
6204,25,1,0,7
6205,31,1,1,8
6206,29,1,1,6
6207,52,1,0,5
6208,66,0,1,4
6209,23,0,0,6
6210,44,1,1,3
6211,54,1,0,6
6212,35,1,0,5
6213,43,0,0,9
6214,28,1,0,6
6215,48,0,0,3
6216,18,1,0,4
6217,31,1,1,4
6218,65,1,0,3
6219,42,1,0,5
6220,19,0,0,5
6221,59,1,0,4
6222,63,0,0,8
6223,22,1,0,5
6224,69,0,1,6
6225,65,0,1,1
6226,26,1,1,8
6227,30,1,0,9
6228,53,0,0,5
6229,44,0,1,2
6230,63,1,0,4
6231,67,1,0,6
6232,41,1,0,3
6233,69,0,0,2
6234,44,0,0,7
6235,40,0,0,6
6236,68,0,0,1
6237,28,0,0,9
6238,66,0,0,1
6239,62,1,0,3
6240,68,0,1,2
6241,30,0,1,7
6242,30,1,1,6
6243,19,0,0,2
6244,45,0,0,8
6245,19,0,1,7
6246,41,0,0,8
6247,20,0,0,7
6248,34,0,1,7
6249,50,0,0,1
6250,29,1,0,9
6251,35,1,0,6
6252,19,0,0,6
6253,26,0,0,2
6254,34,1,0,9
6255,33,0,0,7
6256,33,0,0,9
6257,63,0,0,4
6258,26,1,0,7
6259,57,0,0,7
6260,38,0,1,5
6261,44,0,0,8
6262,44,1,0,1
6263,47,0,0,6
6264,47,1,1,2
6265,43,0,0,1
6266,50,0,1,4
6267,18,1,0,3
6268,38,1,1,7
6269,23,1,1,7
6270,22,0,1,2
6271,63,1,0,8
6272,62,1,1,1
6273,47,0,0,6
6274,59,1,0,6
6275,33,0,0,7
6276,53,0,0,5
6277,49,1,0,9
6278,20,1,0,9
6279,38,1,0,8
6280,28,0,0,2
6281,47,1,1,7
6282,45,0,0,7
6283,19,0,1,4
6284,42,1,0,7
6285,47,1,0,1
6286,57,1,1,4
6287,57,0,0,2
6288,32,1,0,5
6289,66,0,0,2
6290,23,0,0,8
6291,52,0,0,2
6292,65,1,0,7
6293,56,0,0,9
6294,58,0,0,8
6295,52,0,1,9
6296,24,0,0,8
6297,55,1,0,4
6298,52,1,0,7
6299,26,1,1,9
6300,37,0,0,5
6301,54,1,1,1
6302,57,0,0,6
6303,29,1,0,9
6304,49,0,1,3
6305,32,1,0,3
6306,36,0,1,8
6307,30,1,0,4
6308,35,1,0,8
6309,50,1,0,5
6310,33,0,1,7
6311,64,0,0,4
6312,29,1,0,7
6313,53,0,0,4
6314,67,1,0,2
6315,69,1,0,8
6316,59,1,0,8
6317,56,0,0,6
6318,31,0,0,7
6319,19,1,0,7
6320,21,1,1,4
6321,51,0,0,4
6322,42,1,1,6
6323,24,1,0,6
6324,23,0,0,6
6325,51,1,0,8
6326,56,0,0,6
6327,19,1,0,8
6328,61,0,1,5
6329,43,0,0,2
6330,41,1,1,5
6331,59,1,1,7
6332,59,1,0,9
6333,53,1,0,8
6334,36,1,0,2
6335,24,1,1,7
6336,33,0,1,8
6337,69,0,0,6
6338,62,1,0,4
6339,46,1,0,7
6340,42,1,0,1
6341,51,0,0,5
6342,22,0,0,9
6343,25,1,0,6
6344,22,0,0,8
6345,38,0,1,5
6346,31,0,1,7
6347,48,0,0,5
6348,55,0,0,6
6349,46,0,0,5
6350,26,0,0,9
6351,45,1,0,1
6352,20,1,0,5
6353,33,1,0,4
6354,34,1,1,7
6355,64,1,0,9
6356,37,1,0,6
6357,51,1,0,7
6358,23,1,1,6
6359,60,1,0,6
6360,41,0,0,6
6361,49,0,1,4
6362,21,1,0,1
6363,24,1,0,1
6364,25,1,0,6
6365,52,1,0,7
6366,68,1,0,5
6367,30,0,0,8
6368,40,0,0,6
6369,63,0,1,4
6370,25,0,0,8
6371,24,1,0,7
6372,60,1,0,3
6373,34,1,0,9
6374,48,1,1,6
6375,49,0,0,7
6376,27,0,0,4
6377,37,1,0,8
6378,20,1,0,6
6379,66,0,0,7
6380,50,1,1,5
6381,61,0,0,9
6382,43,1,1,5
6383,29,0,1,3
6384,59,0,1,8
6385,49,1,0,8
6386,34,0,0,9
6387,34,0,0,4
6388,41,0,0,8
6389,26,1,0,3
6390,21,0,0,9
6391,31,0,1,3
6392,62,1,0,9
6393,66,0,1,6
6394,68,0,0,1
6395,40,1,0,3
6396,41,1,0,1
6397,65,0,0,2
6398,21,0,0,7
6399,42,0,1,8
6400,38,0,0,5
6401,39,0,1,1
6402,39,1,0,2
6403,62,1,0,9
6404,29,1,1,6
6405,56,0,0,9
6406,56,1,1,9
6407,61,1,0,5
6408,53,0,0,5
6409,66,0,0,3
6410,57,0,1,5
6411,43,1,0,5
6412,24,0,0,8
6413,65,1,1,2
6414,43,0,0,1
6415,31,1,0,1
6416,30,1,0,6
6417,53,1,0,1
6418,30,0,1,4
6419,47,1,0,7
6420,23,0,1,9
6421,64,0,0,6
6422,44,1,1,1
6423,37,0,0,9
6424,64,0,0,9
6425,26,0,0,5
6426,19,0,0,8
6427,42,1,0,8
6428,58,1,0,2
6429,46,0,0,9
6430,44,0,1,3
6431,40,1,0,6
6432,62,0,0,2
6433,69,0,0,7
6434,34,1,0,2
6435,19,1,0,9
6436,28,1,0,3
6437,58,1,0,9
6438,27,0,1,8
6439,48,0,1,1
6440,62,1,0,5
6441,41,0,0,4
6442,48,1,0,6
6443,33,1,0,3
6444,23,1,0,8
6445,33,0,0,8
6446,25,0,0,1
6447,53,0,1,1
6448,30,0,0,6
6449,42,1,0,5
6450,25,0,1,2
6451,35,1,0,6
6452,59,0,0,5
6453,64,1,0,4
6454,48,1,0,3
6455,27,1,0,2
6456,58,1,0,4
6457,40,1,1,1
6458,22,1,0,4
6459,49,0,0,7
6460,23,0,0,7
6461,24,0,0,5
6462,67,1,1,2
6463,34,0,0,4
6464,67,0,0,9
6465,41,1,0,1
6466,65,1,1,1
6467,62,0,0,4
6468,43,0,0,9
6469,44,0,0,3
6470,53,0,0,5
6471,48,1,0,9
6472,64,1,0,3
6473,37,0,1,5
6474,45,1,1,2
6475,40,1,0,7
6476,49,1,0,9
6477,26,0,0,8
6478,23,0,0,8
6479,36,1,1,7
6480,57,1,0,6
6481,53,0,1,2
6482,48,1,1,7
6483,40,0,1,7
6484,29,1,0,7
6485,52,0,0,4
6486,67,1,0,9
6487,45,0,0,1
6488,68,0,0,3
6489,50,1,0,4
6490,42,1,0,6
6491,37,1,1,4
6492,61,1,0,1
6493,25,0,1,5
6494,44,1,0,4
6495,46,1,0,9
6496,64,1,0,4
6497,67,1,0,8
6498,36,0,0,7
6499,57,1,0,4
6500,23,0,0,4
6501,36,1,1,5
6502,59,0,0,5
6503,52,0,0,3
6504,63,1,0,8
6505,63,1,1,2
6506,67,0,1,2
6507,27,1,0,2
6508,26,0,0,1
6509,49,0,1,5
6510,25,0,1,5
6511,24,0,1,4
6512,59,1,0,8
6513,51,1,0,1
6514,26,0,1,9
6515,22,0,0,8
6516,40,1,1,1
6517,40,0,1,6
6518,20,0,0,9
6519,18,0,0,4
6520,35,0,0,1
6521,42,0,0,7
6522,51,0,0,1
6523,41,0,0,4
6524,58,1,0,8
6525,43,0,0,4
6526,65,0,0,5
6527,32,1,0,2
6528,39,0,1,8
6529,25,1,0,7
6530,43,0,1,1
6531,55,0,0,1
6532,44,1,0,4
6533,37,1,1,5
6534,20,0,0,6
6535,54,0,0,4
6536,43,1,0,2
6537,40,1,1,3
6538,51,0,0,6
6539,53,0,0,3
6540,19,1,0,4
6541,41,0,1,5
6542,68,1,1,5
6543,37,0,1,9
6544,33,1,0,5
6545,55,1,1,2
6546,20,0,0,5
6547,67,1,0,5
6548,62,1,0,9
6549,28,0,0,5
6550,27,1,0,8
6551,64,0,0,6
6552,56,0,0,8
6553,61,1,0,2
6554,64,0,1,8
6555,63,1,0,4
6556,68,1,1,2
6557,18,0,0,9
6558,26,1,1,4
6559,21,0,1,2
6560,47,1,1,6
6561,57,1,1,4
6562,66,1,1,7
6563,52,0,1,3
6564,65,1,0,6
6565,48,0,0,1
6566,35,0,1,1
6567,40,0,0,2
6568,20,1,0,9
6569,43,1,0,5
6570,24,1,1,8
6571,61,0,0,3
6572,64,1,0,9
6573,59,0,0,8
6574,35,0,1,3
6575,63,1,0,4
6576,61,0,0,4
6577,26,1,0,4
6578,41,0,0,5
6579,30,1,1,5
6580,36,1,0,6
6581,39,0,0,6
6582,65,1,0,7
6583,26,0,0,6
6584,29,1,0,3
6585,30,0,1,6
6586,28,1,0,4
6587,29,1,0,5
6588,39,0,0,5
6589,65,1,0,7
6590,48,1,0,5
6591,31,1,0,2
6592,60,0,0,1
6593,41,0,0,8
6594,54,0,0,1
6595,22,0,0,6
6596,41,1,0,5
6597,43,1,1,5
6598,48,0,1,5
6599,46,1,0,7
6600,35,1,0,3
6601,35,0,0,3
6602,23,1,0,6
6603,37,0,1,3
6604,21,0,0,9
6605,55,0,1,9
6606,34,0,0,4
6607,21,1,0,9
6608,39,0,0,5
6609,39,0,0,3
6610,46,0,0,9
6611,18,1,0,6
6612,62,1,0,4
6613,37,0,1,7
6614,62,1,0,2
6615,66,1,0,7
6616,54,1,1,9
6617,65,0,0,8
6618,44,1,1,9
6619,58,1,0,2
6620,64,0,1,7
6621,67,1,0,4
6622,26,1,0,2
6623,33,0,0,2
6624,59,0,0,9
6625,64,1,1,5
6626,41,1,1,6
6627,47,1,0,8
6628,54,0,1,4
6629,51,1,0,7
6630,32,0,0,3
6631,33,0,0,5
6632,50,0,1,1
6633,28,1,0,6
6634,52,0,0,4
6635,43,1,0,5
6636,61,0,0,3
6637,45,0,0,5
6638,49,1,1,5
6639,21,0,0,7
6640,26,0,0,9
6641,25,0,0,7
6642,54,1,0,6
6643,54,1,1,8
6644,25,0,0,6
6645,18,0,1,4
6646,41,0,1,8
6647,53,0,0,5
6648,42,0,0,9
6649,60,1,1,9
6650,48,0,1,5
6651,38,0,0,1
6652,63,0,0,4
6653,26,1,1,6
6654,31,0,0,4
6655,57,0,0,1
6656,44,1,0,5
6657,63,0,0,9
6658,59,1,1,8
6659,21,0,0,2
6660,67,0,0,8
6661,67,0,1,1
6662,68,1,0,4
6663,47,0,0,8
6664,51,1,0,7
6665,30,1,0,5
6666,38,0,0,2
6667,23,1,1,4
6668,23,0,0,2
6669,48,1,1,2
6670,53,1,0,3
6671,24,1,0,5
6672,64,1,0,2
6673,61,1,0,1
6674,58,1,0,7
6675,25,0,0,5
6676,50,1,0,8
6677,42,1,1,4
6678,24,1,1,4
6679,33,1,1,2
6680,39,1,0,1
6681,38,0,0,3
6682,53,1,0,4
6683,32,1,0,2
6684,39,0,0,6
6685,49,0,0,8
6686,23,1,0,2
6687,67,0,0,1
6688,56,0,1,9
6689,55,0,0,8
6690,18,0,1,1
6691,63,0,1,3
6692,67,0,1,7
6693,41,1,0,9
6694,49,0,0,4
6695,44,1,0,6
6696,54,1,0,5
6697,31,1,0,7
6698,19,1,0,2
6699,40,0,0,9
6700,18,1,0,2
6701,46,0,1,2
6702,56,0,1,2
6703,18,1,1,3
6704,49,1,1,2
6705,44,0,1,3
6706,55,1,1,5
6707,22,1,0,7
6708,66,0,0,6
6709,60,1,1,6
6710,36,0,0,2
6711,47,1,0,7
6712,54,1,0,3
6713,65,0,0,4
6714,42,1,0,3
6715,20,1,0,5
6716,31,1,0,7
6717,63,0,0,1
6718,20,1,1,8
6719,31,1,0,8
6720,20,0,0,6
6721,51,0,0,4
6722,67,1,0,2
6723,35,1,0,1
6724,21,0,1,8
6725,24,0,1,8
6726,43,1,1,1
6727,57,0,0,4
6728,42,1,0,3
6729,31,1,0,2
6730,30,0,0,5
6731,54,0,0,9
6732,64,0,0,8
6733,21,1,0,2
6734,31,1,1,9
6735,35,1,1,2
6736,55,1,0,5
6737,33,1,0,8
6738,44,1,0,5
6739,51,1,0,9
6740,52,1,1,7
6741,28,0,0,1
6742,28,1,0,5
6743,45,1,0,3
6744,68,0,0,4
6745,31,1,0,7
6746,61,1,1,7
6747,51,0,1,5
6748,54,0,0,4
6749,18,1,0,9
6750,36,1,0,6
6751,64,1,0,7
6752,58,1,1,6
6753,31,0,0,8
6754,42,0,0,2
6755,44,0,0,9
6756,19,1,0,4
6757,63,1,1,4
6758,38,0,0,5
6759,40,1,0,1
6760,29,1,0,5
6761,23,0,1,4
6762,45,1,0,4
6763,31,0,0,2
6764,38,0,0,8
6765,66,0,0,5
6766,53,0,0,9
6767,49,1,0,2
6768,38,1,1,1
6769,47,1,0,6
6770,62,0,0,1
6771,59,0,0,8
6772,38,0,1,7
6773,57,1,0,8
6774,53,1,0,7
6775,21,1,1,8
6776,47,1,1,8
6777,45,1,0,1
6778,62,0,0,6
6779,20,0,1,8
6780,68,0,0,9
6781,43,0,0,4
6782,52,1,0,2
6783,26,1,0,2
6784,35,0,0,3
6785,49,1,0,7
6786,26,1,0,7
6787,41,1,1,7
6788,36,1,0,6
6789,34,0,1,3
6790,39,1,0,8
6791,24,0,1,9
6792,24,0,1,8
6793,21,0,0,5
6794,34,0,0,9
6795,23,0,0,3
6796,27,1,0,5
6797,60,0,0,4
6798,26,1,0,9
6799,57,0,0,6
6800,42,1,1,5
6801,52,0,0,5
6802,18,0,0,4
6803,59,1,0,1
6804,33,0,0,1
6805,40,1,0,2
6806,28,1,0,5
6807,32,0,0,7
6808,36,0,1,3
6809,59,1,0,1
6810,69,1,1,3
6811,63,1,1,3
6812,59,0,1,4
6813,18,0,0,8
6814,59,1,1,9
6815,28,1,1,1
6816,29,0,1,7
6817,38,0,0,1
6818,50,1,1,5
6819,41,1,0,5
6820,25,0,0,1
6821,46,1,0,3
6822,62,0,1,2
6823,44,1,1,2
6824,23,1,0,3
6825,60,0,0,9
6826,31,0,1,1
6827,58,1,1,6
6828,21,1,0,6
6829,49,0,0,6
6830,60,1,1,2
6831,59,0,0,8
6832,46,1,1,1
6833,24,1,0,9
6834,60,0,0,6
6835,59,0,0,7
6836,23,0,0,2
6837,33,1,0,4
6838,57,0,0,4
6839,56,1,0,1
6840,52,0,0,6
6841,49,0,0,7
6842,35,1,1,2
6843,50,1,1,6
6844,59,1,0,4
6845,67,1,1,6
6846,20,1,0,8
6847,40,1,0,4
6848,35,1,1,7
6849,18,0,1,6
6850,48,1,0,4
6851,39,0,0,9
6852,34,1,0,6
6853,29,1,0,9
6854,54,0,0,7
6855,52,0,1,3
6856,64,1,0,9
6857,36,0,0,9
6858,61,1,0,6
6859,55,1,1,7
6860,39,0,0,2
6861,32,0,0,8
6862,27,0,1,8
6863,41,1,1,9
6864,35,1,0,8
6865,36,1,0,8
6866,20,0,1,5
6867,64,0,1,5
6868,57,0,1,4
6869,66,0,0,2
6870,51,1,0,6
6871,25,1,0,3
6872,34,0,0,3
6873,36,1,0,8
6874,63,1,0,5
6875,61,1,0,9
6876,31,0,1,2
6877,59,0,0,6
6878,21,1,1,6
6879,41,1,0,4
6880,40,1,0,2
6881,57,0,0,2
6882,47,0,0,6
6883,32,1,0,3
6884,59,0,0,7
6885,52,1,0,8
6886,66,0,0,7
6887,52,0,0,5
6888,30,1,1,7
6889,35,0,1,1
6890,62,0,0,9
6891,39,0,0,5
6892,59,1,0,7
6893,32,1,1,6
6894,26,1,0,2
6895,61,1,1,2
6896,60,1,0,9
6897,45,1,0,3
6898,68,0,0,2
6899,22,0,0,3
6900,49,1,0,5
6901,50,0,0,8
6902,58,0,0,7
6903,18,0,0,2
6904,23,0,1,7
6905,51,1,0,8
6906,44,0,1,8
6907,64,0,0,2
6908,33,1,0,8
6909,44,0,0,7
6910,56,0,0,2
6911,23,0,0,2
6912,64,1,0,9
6913,23,0,0,4
6914,43,1,0,1
6915,44,1,1,1
6916,58,1,0,9
6917,61,1,0,4
6918,21,0,0,8
6919,40,1,0,9
6920,27,1,0,8
6921,62,0,1,5
6922,30,1,0,6
6923,58,0,0,9
6924,34,1,0,1
6925,48,1,0,4
6926,28,0,0,6
6927,40,0,0,7
6928,29,1,0,9
6929,28,0,0,9
6930,61,1,0,2
6931,39,0,0,9
6932,60,0,0,7
6933,50,0,1,9
6934,23,1,0,7
6935,52,1,0,4
6936,49,1,1,7
6937,21,0,0,2
6938,52,1,0,5
6939,51,1,1,9
6940,51,0,0,8
6941,62,0,1,9
6942,47,1,0,7
6943,63,1,1,1
6944,67,1,0,7
6945,29,0,1,6
6946,33,1,0,3
6947,60,0,0,8
6948,56,0,1,7
6949,36,1,0,4
6950,69,1,0,9
6951,32,0,0,1
6952,21,1,1,2
6953,64,1,1,1
6954,35,0,1,2
6955,58,0,0,9
6956,29,0,0,3
6957,30,1,0,7
6958,51,0,0,3
6959,42,0,0,8
6960,31,1,0,6
6961,21,1,0,6
6962,18,1,0,8
6963,61,0,0,3
6964,61,0,1,3
6965,43,0,0,2
6966,46,1,0,1
6967,61,1,1,5
6968,22,0,0,3
6969,49,0,0,6
6970,40,1,1,3
6971,67,1,1,3
6972,68,1,0,7
6973,26,0,0,1
6974,27,1,0,7
6975,21,1,1,5
6976,28,1,1,4
6977,61,1,0,1
6978,66,1,1,7
6979,49,1,1,1
6980,19,1,0,9
6981,25,0,0,4
6982,38,0,1,6
6983,37,1,1,2
6984,57,0,1,3
6985,35,0,0,8
6986,55,0,0,4
6987,53,0,1,8
6988,46,1,0,6
6989,35,1,0,5
6990,27,0,1,5
6991,66,0,0,9
6992,38,1,0,7
6993,27,1,1,6
6994,48,0,0,8
6995,27,0,0,5
6996,30,0,0,5
6997,59,0,0,8
6998,48,1,0,6
6999,21,1,1,7
7000,38,0,0,3
7001,27,1,0,5
7002,43,0,0,6
7003,55,1,0,2
7004,62,1,0,2
7005,52,1,0,2
7006,37,0,1,6
7007,45,0,0,1
7008,28,1,0,9
7009,64,1,0,9
7010,62,0,0,4
7011,67,0,1,9
7012,24,0,0,5
7013,35,1,0,6
7014,49,0,0,8
7015,57,0,0,6
7016,56,1,0,5
7017,41,1,1,3
7018,55,1,1,1
7019,44,0,0,9
7020,59,0,0,8
7021,24,0,0,6
7022,54,1,0,9
7023,69,0,0,8
7024,26,0,0,8
7025,60,0,0,9
7026,57,0,0,9
7027,56,1,0,5
7028,48,1,1,9
7029,42,0,0,1
7030,27,0,0,8
7031,18,1,0,6
7032,69,0,1,1
7033,29,0,0,6
7034,60,0,1,2
7035,21,0,0,9
7036,23,1,0,1
7037,33,0,1,5
7038,63,0,0,2
7039,21,1,1,2
7040,24,1,0,1
7041,55,1,0,7
7042,62,0,1,7
7043,21,0,1,7
7044,36,0,1,7
7045,29,0,0,1
7046,46,0,1,2
7047,23,1,0,2
7048,69,0,0,2
7049,56,1,0,3
7050,31,1,0,1
7051,49,1,0,6
7052,44,0,0,2
7053,29,1,0,8
7054,42,0,0,8
7055,53,0,0,4
7056,61,1,1,9
7057,44,0,0,7
7058,67,1,0,8
7059,58,1,0,9
7060,58,1,0,3
7061,45,1,0,7
7062,61,0,1,4
7063,19,1,0,2
7064,47,1,0,4
7065,55,0,0,4
7066,39,0,1,5
7067,34,1,0,3
7068,35,1,0,6
7069,59,0,0,3
7070,59,0,1,3
7071,25,1,1,4
7072,40,1,1,3
7073,30,1,0,3
7074,19,1,0,6
7075,60,1,1,5
7076,69,0,1,4
7077,27,0,0,5
7078,28,1,0,2
7079,51,0,0,8
7080,37,1,1,1
7081,34,1,1,9
7082,45,0,1,7
7083,42,1,0,2
7084,29,0,1,9
7085,24,1,1,7
7086,59,0,1,2
7087,50,0,1,1
7088,25,1,0,9
7089,29,1,1,7
7090,63,0,0,1
7091,40,0,0,4
7092,48,1,0,1
7093,26,1,0,6
7094,67,1,0,8
7095,34,0,0,2
7096,38,1,0,8
7097,53,1,1,6
7098,66,1,0,7
7099,44,0,1,4
7100,49,1,1,5
7101,66,0,0,9
7102,22,1,0,2
7103,65,0,0,9
7104,47,0,0,4
7105,42,0,0,8
7106,54,0,1,8
7107,55,0,0,6
7108,34,1,0,9
7109,54,1,0,8
7110,28,1,0,8
7111,21,0,1,3
7112,42,0,0,4
7113,18,1,1,4
7114,22,1,0,8
7115,32,1,0,6
7116,44,0,1,7
7117,34,1,0,3
7118,39,1,0,3
7119,20,1,1,7
7120,56,1,0,5
7121,21,0,0,7
7122,19,1,0,2
7123,51,1,0,1
7124,68,1,1,1
7125,31,1,0,4
7126,27,0,0,2
7127,20,1,0,9
7128,35,0,0,3
7129,58,0,1,9
7130,30,0,0,5
7131,63,1,0,9
7132,22,1,1,8
7133,35,0,0,7
7134,41,1,0,4
7135,27,1,0,8
7136,54,1,0,2
7137,28,1,0,3
7138,21,1,1,6
7139,43,0,0,9
7140,49,0,0,5
7141,30,0,0,8
7142,24,0,0,8
7143,61,1,0,4
7144,50,0,0,5
7145,20,1,0,7
7146,62,1,0,8
7147,30,1,0,4
7148,64,0,1,5
7149,63,0,0,1
7150,41,1,0,2
7151,32,1,0,7
7152,40,1,0,4
7153,50,0,0,4
7154,26,1,0,9
7155,54,1,0,5
7156,58,1,0,3
7157,26,1,0,6
7158,54,1,0,9
7159,27,0,1,3
7160,67,0,0,8
7161,63,1,1,5
7162,21,0,1,4
7163,42,1,0,3
7164,62,1,0,1
7165,30,0,0,8
7166,58,0,0,6
7167,41,1,0,9
7168,58,0,1,8
7169,48,0,0,1
7170,21,0,1,8
7171,26,1,0,4
7172,49,1,0,6
7173,40,0,1,8
7174,34,0,1,7
7175,49,1,0,5
7176,35,1,0,3
7177,59,0,0,9
7178,23,0,0,3
7179,20,1,0,8
7180,50,1,1,1
7181,36,1,0,5
7182,28,0,0,6
7183,68,1,1,4
7184,62,1,0,9
7185,64,1,0,2
7186,64,1,0,2
7187,40,1,0,8
7188,66,0,0,9
7189,66,0,0,2
7190,44,1,0,8
7191,18,1,0,8
7192,36,0,0,3
7193,20,1,0,4
7194,69,0,0,9
7195,49,1,0,3
7196,65,0,1,5
7197,61,1,0,4
7198,60,0,0,7
7199,37,1,0,9
7200,52,1,0,2
7201,29,0,1,5
7202,27,1,1,5
7203,41,1,0,4
7204,63,1,0,1
7205,30,0,0,9
7206,38,1,0,9
7207,53,1,0,7
7208,33,1,0,9
7209,47,1,0,9
7210,20,0,0,8
7211,21,1,0,4
7212,25,1,0,6
7213,65,1,0,6
7214,47,1,0,3
7215,64,0,0,7
7216,29,0,0,9
7217,64,1,0,9
7218,64,1,1,8
7219,39,0,1,1
7220,23,1,0,9
7221,51,0,1,6
7222,69,1,1,6
7223,54,0,0,9
7224,67,0,1,3
7225,40,0,0,1
7226,44,0,0,7
7227,26,1,1,9
7228,43,0,0,5
7229,51,1,0,1
7230,40,1,1,1
7231,61,0,0,8
7232,20,1,0,1
7233,50,1,1,6
7234,39,0,1,6
7235,48,1,0,9
7236,23,1,1,2
7237,52,1,1,1
7238,22,0,0,9
7239,69,1,0,9
7240,58,1,0,9
7241,60,1,0,2
7242,40,0,0,7
7243,65,0,0,2
7244,20,0,0,8
7245,63,1,0,5
7246,59,0,1,8
7247,47,0,0,9
7248,59,0,0,8
7249,48,1,0,4
7250,38,1,1,8
7251,69,0,0,6
7252,53,1,1,1
7253,51,1,0,7
7254,45,0,0,4
7255,68,1,0,6
7256,30,1,0,4
7257,52,0,0,7
7258,40,1,1,3
7259,20,0,0,8
7260,36,0,1,9
7261,64,1,0,1
7262,33,1,0,6
7263,58,0,0,9
7264,21,0,0,7
7265,54,1,0,7
7266,68,0,0,5
7267,67,1,0,2
7268,45,0,0,1
7269,31,1,0,7
7270,48,0,1,9
7271,31,0,0,1
7272,48,0,0,2
7273,61,0,0,8
7274,46,0,1,3
7275,57,1,0,7
7276,18,1,0,5
7277,37,0,1,2
7278,50,0,0,6
7279,24,0,0,3
7280,63,1,0,7
7281,51,0,0,3
7282,65,0,0,9
7283,38,0,0,6
7284,63,1,0,3
7285,49,1,0,5
7286,27,1,1,2
7287,69,1,0,4
7288,50,1,0,3
7289,59,0,0,6
7290,18,0,1,3
7291,45,0,0,5
7292,40,1,0,2
7293,20,1,1,9
7294,46,1,0,7
7295,20,0,0,4
7296,23,0,0,1
7297,40,0,1,5
7298,63,1,0,6
7299,33,1,1,4
7300,19,0,0,6
7301,52,0,0,5
7302,43,0,0,7
7303,61,1,0,2
7304,63,0,1,3
7305,37,0,1,2
7306,24,0,0,6
7307,33,0,1,7
7308,23,0,0,1
7309,24,1,1,7
7310,62,0,1,6
7311,47,0,0,3
7312,35,0,0,4
7313,50,1,0,9
7314,40,0,0,1
7315,54,1,0,1
7316,53,1,0,4
7317,64,1,0,4
7318,28,1,0,4
7319,24,0,1,7
7320,55,1,0,2
7321,55,0,0,7
7322,25,1,0,5
7323,28,1,0,5
7324,20,0,1,3
7325,31,1,0,1
7326,61,0,0,3
7327,64,0,1,5
7328,64,0,0,8
7329,53,1,0,3
7330,68,1,0,7
7331,65,0,0,1
7332,54,1,0,2
7333,46,1,0,1
7334,51,1,0,2
7335,34,0,0,7
7336,32,0,0,1
7337,51,1,0,2
7338,68,0,0,2
7339,22,1,0,8
7340,58,0,0,9
7341,68,0,1,5
7342,39,0,0,6
7343,22,0,0,8
7344,31,0,1,4
7345,46,1,1,3
7346,58,0,0,2
7347,56,1,0,1
7348,18,0,0,9
7349,27,1,0,7
7350,62,1,0,8
7351,64,0,0,3
7352,54,0,0,9
7353,50,1,1,4
7354,20,1,0,8
7355,54,1,0,9
7356,64,0,0,5
7357,55,0,0,8
7358,19,0,1,6
7359,54,1,0,3
7360,41,1,0,2
7361,69,1,1,9
7362,46,1,0,4
7363,64,1,0,7
7364,30,0,1,1
7365,42,1,0,9
7366,38,1,0,7
7367,24,1,0,3
7368,66,0,0,1
7369,37,0,0,6
7370,56,0,1,7
7371,58,1,1,2
7372,19,0,0,7
7373,28,1,0,9
7374,63,0,0,7
7375,68,1,1,1
7376,28,0,0,1
7377,32,1,1,7
7378,30,1,1,2
7379,38,1,0,2
7380,48,1,0,4
7381,27,0,0,5
7382,56,0,0,7
7383,22,1,1,3
7384,45,1,0,5
7385,38,0,0,3
7386,49,1,0,7
7387,52,0,0,5
7388,59,1,0,3
7389,60,1,0,8
7390,57,1,1,3
7391,64,1,0,2
7392,53,1,1,7
7393,38,1,1,8
7394,66,1,0,2
7395,21,1,1,7
7396,51,0,0,3
7397,28,0,1,7
7398,62,0,0,6
7399,34,0,0,7
7400,25,0,1,9
7401,50,1,0,5
7402,20,1,0,5
7403,62,1,0,3
7404,43,0,0,3
7405,21,0,1,8
7406,26,0,0,9
7407,56,1,1,5
7408,65,1,0,5
7409,54,0,0,9
7410,37,0,0,1
7411,49,0,0,8
7412,63,0,0,3
7413,30,0,0,4
7414,60,1,0,7
7415,34,0,1,4
7416,28,1,0,5
7417,64,0,0,2
7418,18,1,0,7
7419,55,1,1,3
7420,62,0,0,4
7421,40,1,1,8
7422,57,0,0,5
7423,59,0,0,9
7424,48,1,0,7
7425,63,0,0,2
7426,50,1,0,4
7427,51,0,0,6
7428,55,1,0,3
7429,23,1,0,7
7430,49,1,1,4
7431,36,0,1,3
7432,45,0,0,5
7433,69,0,1,4
7434,38,0,1,8
7435,55,0,0,7
7436,35,1,1,4
7437,19,1,0,7
7438,49,1,1,8
7439,29,1,1,1
7440,28,0,0,8
7441,55,1,0,2
7442,26,1,0,8
7443,63,1,1,3
7444,35,0,1,1
7445,67,1,0,4
7446,30,0,0,1
7447,30,1,0,6
7448,61,1,1,5
7449,64,1,1,3
7450,39,1,0,3
7451,56,1,1,4
7452,61,0,1,7
7453,43,1,0,8
7454,63,1,0,3
7455,46,0,1,6
7456,33,0,1,7
7457,59,1,1,6
7458,34,0,0,2
7459,29,0,0,2
7460,26,1,1,6
7461,52,1,1,4
7462,45,1,0,4
7463,63,1,0,6
7464,64,0,0,2
7465,62,1,0,6
7466,43,1,1,2
7467,68,1,1,9
7468,32,1,1,2
7469,24,1,1,6
7470,54,1,0,2
7471,65,1,0,6
7472,18,0,0,6
7473,21,1,0,5
7474,67,0,0,9
7475,25,0,0,3
7476,60,0,0,1
7477,65,0,0,7
7478,66,0,0,1
7479,22,1,1,8
7480,43,1,0,8
7481,57,1,0,2
7482,61,0,0,6
7483,42,0,0,6
7484,63,1,0,8
7485,41,0,0,2
7486,23,0,0,2
7487,23,0,0,7
7488,64,0,0,3
7489,18,0,0,6
7490,28,0,1,8
7491,25,1,0,8
7492,28,0,1,2
7493,46,1,0,2
7494,55,1,0,9
7495,18,1,0,8
7496,69,0,0,2
7497,66,0,1,3
7498,68,0,0,3
7499,26,1,0,5
7500,18,0,0,4
7501,62,0,0,7
7502,18,0,0,4
7503,56,0,0,9
7504,31,0,1,7
7505,49,1,0,7
7506,40,1,0,1
7507,43,1,0,6
7508,55,1,0,5
7509,69,0,0,9
7510,24,0,0,2
7511,64,1,0,3
7512,32,0,0,7
7513,69,1,0,7
7514,23,0,0,7
7515,30,0,1,4
7516,39,1,0,2
7517,43,1,0,2
7518,38,1,0,6
7519,55,1,1,7
7520,35,0,0,1
7521,44,0,1,5
7522,65,1,1,9
7523,52,0,0,7
7524,56,1,0,9
7525,26,0,1,4
7526,62,1,0,7
7527,31,1,0,8
7528,47,1,1,9
7529,19,1,0,9
7530,61,0,0,2
7531,42,0,1,8
7532,56,0,0,4
7533,37,0,1,8
7534,32,1,0,3
7535,40,1,0,2
7536,25,1,0,6
7537,49,0,1,9
7538,43,1,1,8
7539,62,1,1,2
7540,64,1,0,1
7541,25,0,1,6
7542,32,1,0,8
7543,61,0,0,1
7544,48,1,1,1
7545,19,1,0,6
7546,18,0,0,9
7547,33,1,0,7
7548,63,0,0,4
7549,59,1,0,9
7550,61,0,0,3
7551,36,1,0,3
7552,40,1,0,4
7553,48,1,0,7
7554,51,0,0,2
7555,49,0,1,9
7556,18,0,1,6
7557,54,0,0,1
7558,29,1,0,8
7559,57,0,0,9
7560,51,0,1,9
7561,44,0,0,1
7562,63,1,0,5
7563,61,0,0,9
7564,46,0,0,3
7565,63,1,1,7
7566,56,0,0,6
7567,31,1,1,8
7568,57,0,0,8
7569,32,1,1,9
7570,57,1,0,2
7571,63,0,0,6
7572,69,1,1,5
7573,44,1,0,4
7574,52,1,0,8
7575,60,1,0,9
7576,23,1,0,6
7577,34,0,1,3
7578,32,1,0,9
7579,46,0,0,9
7580,19,0,1,6
7581,37,1,0,3
7582,31,1,0,5
7583,32,1,0,2
7584,27,1,0,6
7585,64,1,0,5
7586,41,0,0,1
7587,43,0,1,5
7588,22,0,0,8
7589,42,0,0,1
7590,61,1,0,6
7591,63,0,1,5
7592,33,1,0,4
7593,40,1,0,2
7594,60,0,0,7
7595,53,0,0,7
7596,29,1,0,4
7597,60,1,0,6
7598,54,1,0,1
7599,45,1,0,7
7600,41,0,1,1
7601,49,0,1,9
7602,21,0,0,5
7603,56,0,0,5
7604,26,0,0,3
7605,62,1,1,2
7606,49,0,0,1
7607,32,1,0,8
7608,31,0,1,2
7609,44,0,0,7
7610,63,0,0,5
7611,55,0,0,7
7612,43,1,0,1
7613,59,1,1,7
7614,60,1,1,7
7615,40,1,1,3
7616,19,1,0,6
7617,40,1,1,3
7618,18,1,0,1
7619,28,1,0,8
7620,47,0,0,1
7621,54,1,1,1
7622,28,0,0,9
7623,68,0,0,7
7624,58,1,1,1
7625,27,1,0,2
7626,59,0,0,2
7627,55,0,0,8
7628,50,0,0,9
7629,18,0,0,1
7630,27,0,0,6
7631,61,1,0,9
7632,36,1,0,9
7633,68,0,0,9
7634,35,1,0,8
7635,19,1,0,6
7636,69,0,0,8
7637,57,0,0,7
7638,61,1,0,2
7639,40,1,0,3
7640,33,0,0,3
7641,56,0,0,7
7642,39,0,0,1
7643,64,1,1,7
7644,52,0,0,9
7645,64,1,0,7
7646,38,0,1,2
7647,56,0,0,6
7648,66,0,1,2
7649,64,0,0,7
7650,63,0,0,4
7651,49,1,0,5
7652,36,1,1,7
7653,43,0,0,1
7654,61,0,0,8
7655,49,1,0,8
7656,62,0,0,5
7657,26,0,1,5
7658,55,1,0,5
7659,24,0,0,8
7660,28,0,0,1
7661,48,1,0,7
7662,18,1,0,6
7663,34,0,0,7
7664,43,0,0,2
7665,35,0,1,2
7666,37,0,1,5
7667,50,0,1,1
7668,65,1,1,2
7669,25,1,0,1
7670,47,1,1,3
7671,56,0,0,6
7672,59,0,0,8
7673,37,1,0,7
7674,66,0,0,1
7675,52,1,0,3
7676,31,1,1,7
7677,19,1,1,1
7678,27,0,1,9
7679,24,0,1,3
7680,69,0,0,4
7681,42,0,1,9
7682,60,1,0,1
7683,29,0,1,4
7684,56,1,0,4
7685,45,0,0,8
7686,22,1,0,8
7687,55,0,0,2
7688,49,0,0,2
7689,61,1,0,8
7690,26,0,0,9
7691,35,0,0,5
7692,46,1,0,9
7693,24,0,0,5
7694,29,0,0,5
7695,41,0,1,6
7696,31,1,0,6
7697,35,0,1,7
7698,43,0,0,9
7699,25,0,1,1
7700,65,0,0,1
7701,41,0,0,4
7702,40,1,1,9
7703,51,1,0,3
7704,36,1,0,9
7705,22,1,0,4
7706,57,0,1,3
7707,39,1,0,7
7708,57,1,0,1
7709,48,1,0,6
7710,50,0,1,2
7711,30,1,0,7
7712,33,0,0,7
7713,69,1,1,5
7714,36,1,1,2
7715,30,1,0,9
7716,57,0,1,9
7717,23,1,0,8
7718,38,1,0,8
7719,43,0,0,5
7720,53,0,0,5
7721,52,0,1,5
7722,20,0,0,1
7723,59,0,0,8
7724,31,0,0,4
7725,62,0,0,9
7726,69,0,0,3
7727,40,0,0,6
7728,38,0,0,3
7729,35,1,1,2
7730,38,1,1,5
7731,64,1,1,8
7732,24,0,0,3
7733,33,0,0,4
7734,40,1,1,2
7735,43,1,0,7
7736,24,0,0,1
7737,54,1,0,4
7738,40,1,0,9
7739,49,0,1,2
7740,47,0,0,7
7741,62,0,0,4
7742,65,1,1,1
7743,51,1,0,8
7744,32,1,0,4
7745,32,1,0,2
7746,53,0,0,2
7747,41,1,0,9
7748,69,1,0,5
7749,63,1,0,5
7750,34,1,0,7
7751,42,0,1,8
7752,51,1,0,7
7753,26,0,0,1
7754,37,0,1,8
7755,57,0,0,3
7756,66,1,1,4
7757,41,0,0,5
7758,52,0,1,7
7759,37,1,0,1
7760,32,1,1,5
7761,40,0,0,4
7762,24,1,0,4
7763,25,0,1,3
7764,19,1,0,4
7765,39,0,0,5
7766,62,0,1,5
7767,32,0,1,7
7768,24,0,0,5
7769,18,0,0,5
7770,43,0,1,1
7771,36,1,0,5
7772,33,0,0,9
7773,28,1,0,8
7774,67,1,1,3
7775,55,0,1,2
7776,69,1,0,6
7777,38,0,1,2
7778,63,0,0,5
7779,42,1,1,6
7780,55,1,0,1
7781,34,1,0,1
7782,48,1,0,2
7783,42,1,1,6
7784,27,0,0,2
7785,50,0,1,3
7786,33,0,1,7
7787,66,1,0,6
7788,60,1,1,5
7789,19,1,0,1
7790,66,0,0,4
7791,63,0,0,9
7792,26,1,0,1
7793,43,1,0,2
7794,50,0,0,4
7795,30,1,0,9
7796,61,1,0,5
7797,44,1,0,5
7798,63,1,0,5
7799,52,0,0,7
7800,68,1,1,9
7801,33,0,0,2
7802,46,0,1,3
7803,57,0,1,6
7804,62,0,0,2
7805,35,1,0,1
7806,35,0,0,4
7807,32,0,1,1
7808,19,1,0,5
7809,53,1,0,2
7810,29,1,1,5
7811,66,1,0,5
7812,49,1,0,5
7813,57,1,0,1
7814,22,0,0,4
7815,40,1,0,4
7816,30,0,1,8
7817,19,0,1,4
7818,20,1,1,5
7819,41,0,1,8
7820,61,1,1,3
7821,68,0,0,6
7822,20,1,0,3
7823,69,1,0,3
7824,65,1,0,9
7825,37,1,0,8
7826,30,1,1,1
7827,43,0,1,7
7828,62,0,1,1
7829,68,1,0,9
7830,45,0,0,2
7831,56,0,0,1
7832,52,1,0,8
7833,31,1,1,7
7834,52,1,0,2
7835,49,0,0,4
7836,55,0,0,2
7837,53,0,1,9
7838,33,1,1,7
7839,53,1,0,5
7840,58,1,0,6
7841,35,0,0,7
7842,19,1,0,4
7843,38,0,0,1
7844,50,1,0,4
7845,34,0,0,1
7846,69,0,0,2
7847,38,1,0,8
7848,67,1,0,3
7849,34,0,0,2
7850,63,0,0,6
7851,52,0,0,4
7852,66,1,1,5
7853,32,1,0,6
7854,52,1,1,2
7855,56,1,0,1
7856,32,1,0,4
7857,46,1,1,7
7858,57,1,0,2
7859,54,0,0,7
7860,52,0,0,8
7861,48,1,1,6
7862,30,1,0,6
7863,43,1,0,9
7864,49,1,1,5
7865,25,1,1,7
7866,37,0,1,2
7867,58,0,0,6
7868,28,0,0,7
7869,37,0,1,9
7870,65,1,0,4
7871,69,1,0,5
7872,32,1,0,6
7873,51,1,0,3
7874,26,0,0,6
7875,42,0,0,2
7876,38,1,0,3
7877,53,0,0,3
7878,56,0,0,8
7879,68,1,1,4
7880,35,0,0,8
7881,62,0,0,6
7882,22,0,1,3
7883,42,1,0,4
7884,23,1,0,8
7885,48,0,0,4
7886,27,1,1,2
7887,48,1,0,5
7888,28,1,0,8
7889,26,0,0,1
7890,56,0,1,9
7891,49,1,0,6
7892,49,1,1,9
7893,35,0,0,6
7894,43,0,0,8
7895,61,0,0,7
7896,28,0,0,6
7897,59,1,1,1
7898,43,1,0,3
7899,31,1,0,7
7900,32,1,1,1
7901,68,0,0,6
7902,53,1,1,9
7903,21,0,0,7
7904,62,0,0,2
7905,58,0,1,7
7906,67,0,0,9
7907,60,1,0,6
7908,67,0,0,8
7909,23,1,0,8
7910,67,1,1,6
7911,53,1,1,2
7912,52,0,0,5
7913,37,0,0,2
7914,40,1,0,3
7915,47,1,1,8
7916,65,0,0,1
7917,33,1,0,7
7918,18,1,1,3
7919,64,1,0,8
7920,52,1,0,6
7921,32,0,1,7
7922,43,1,0,9
7923,39,1,0,5
7924,53,1,0,6
7925,23,1,0,4
7926,58,1,0,5
7927,34,0,0,1
7928,28,1,1,7
7929,69,0,0,3
7930,59,1,0,7
7931,43,1,0,5
7932,65,1,0,2
7933,65,1,1,6
7934,58,1,0,5
7935,40,0,0,5
7936,52,0,0,5
7937,60,0,0,7
7938,48,1,0,9
7939,54,1,1,3
7940,21,0,0,8
7941,36,1,1,9
7942,21,0,0,5
7943,54,1,0,9
7944,47,1,1,4
7945,25,0,0,3
7946,67,1,0,5
7947,67,1,0,9
7948,21,1,0,2
7949,49,0,0,8
7950,38,1,1,3
7951,49,0,0,4
7952,37,1,0,6
7953,31,0,1,8
7954,19,1,1,9
7955,43,1,0,1
7956,28,0,1,8
7957,34,1,0,8
7958,42,1,1,9
7959,65,1,1,1
7960,56,1,0,4
7961,43,0,0,8
7962,37,0,0,9
7963,34,1,0,9
7964,48,0,0,5
7965,60,0,0,1
7966,29,0,0,3
7967,36,1,0,3
7968,51,0,0,7
7969,43,0,0,9
7970,42,1,0,2
7971,42,1,1,5
7972,53,1,0,2
7973,48,0,0,8
7974,25,1,1,6
7975,28,0,0,1
7976,51,1,1,8
7977,64,0,1,1
7978,38,1,1,5
7979,32,1,1,5
7980,54,0,1,3
7981,67,0,0,4
7982,57,1,1,4
7983,67,0,0,4
7984,29,0,0,6
7985,49,1,0,7
7986,23,1,1,6
7987,69,0,0,1
7988,41,0,0,5
7989,19,0,1,5
7990,23,0,0,5
7991,40,0,1,2
7992,39,1,0,8
7993,49,0,1,9
7994,30,0,1,9
7995,64,0,1,7
7996,64,1,1,8
7997,62,0,1,4
7998,23,1,0,9
7999,67,0,0,5
8000,38,0,0,9
8001,51,0,0,6
8002,41,1,0,3
8003,47,0,0,4
8004,67,1,1,5
8005,23,1,0,9
8006,34,1,1,4
8007,28,0,1,6
8008,58,0,1,1
8009,64,1,0,9
8010,53,0,1,3
8011,23,0,1,3
8012,63,0,1,8
8013,30,1,0,4
8014,23,0,0,1
8015,46,0,0,7
8016,64,1,0,6
8017,65,0,0,3
8018,58,0,0,9
8019,44,0,0,9
8020,56,0,1,9
8021,27,1,0,2
8022,66,0,0,2
8023,54,1,1,2
8024,35,1,0,6
8025,64,1,0,8
8026,25,1,1,9
8027,46,1,0,5
8028,41,0,0,7
8029,64,0,0,2
8030,47,1,0,2
8031,60,0,0,8
8032,41,0,0,5
8033,33,0,1,7
8034,55,1,0,6
8035,69,0,1,7
8036,57,1,0,8
8037,24,1,1,4
8038,19,1,0,4
8039,49,0,0,6
8040,31,0,1,9
8041,51,1,0,9
8042,30,1,0,4
8043,24,1,1,7
8044,42,0,0,1
8045,25,0,0,1
8046,52,0,1,9
8047,33,1,0,7
8048,64,0,0,1
8049,39,1,0,4
8050,30,0,0,9
8051,33,0,0,8
8052,25,0,0,7
8053,54,0,1,7
8054,64,1,1,4
8055,59,0,0,4
8056,69,0,0,7
8057,51,1,0,3
8058,40,0,0,3
8059,18,0,1,5
8060,69,0,0,7
8061,38,1,0,1
8062,35,1,0,5
8063,42,0,1,9
8064,60,0,1,9
8065,59,0,1,8
8066,58,0,0,7
8067,43,1,0,2
8068,66,1,1,2
8069,48,1,0,7
8070,23,0,0,3
8071,22,0,1,6
8072,57,0,0,5
8073,52,1,1,8
8074,40,1,0,8
8075,50,1,0,9
8076,39,0,1,6
8077,69,0,1,1
8078,66,1,1,2
8079,61,1,0,3
8080,38,1,0,2
8081,37,1,0,2
8082,23,0,0,1
8083,46,1,0,7
8084,39,1,1,8
8085,19,1,0,4
8086,36,1,1,8
8087,62,1,1,7
8088,40,1,0,3
8089,42,0,0,5
8090,44,1,1,9
8091,34,0,1,9
8092,34,0,0,3
8093,33,0,1,9
8094,54,1,0,1
8095,62,0,1,1
8096,40,1,1,7
8097,43,0,0,6
8098,38,0,1,9
8099,51,1,1,2
8100,62,1,0,6
8101,61,1,1,6
8102,29,0,0,8
8103,36,1,0,1
8104,49,0,0,1
8105,41,1,0,1
8106,67,1,0,1
8107,25,1,0,9
8108,67,1,0,1
8109,34,0,1,2
8110,43,0,0,5
8111,68,0,1,1
8112,48,0,1,4
8113,58,1,0,1
8114,58,0,0,1
8115,22,0,0,9
8116,36,1,0,3
8117,29,0,1,6
8118,27,1,0,6
8119,64,1,0,7
8120,52,0,0,4
8121,45,1,1,5
8122,38,1,0,8
8123,34,1,0,2
8124,58,0,0,8
8125,26,1,0,1
8126,49,0,0,8
8127,47,0,0,9
8128,28,1,0,5
8129,46,0,1,4
8130,55,1,0,7
8131,45,0,1,9
8132,21,0,0,4
8133,32,1,0,2
8134,53,0,0,3
8135,58,1,1,1
8136,21,1,0,3
8137,28,1,0,6
8138,46,1,1,7
8139,18,1,0,3
8140,24,1,0,7
8141,61,0,1,6
8142,37,0,1,6
8143,62,1,1,8
8144,24,0,0,7
8145,43,1,0,2
8146,52,1,0,1
8147,39,1,1,5
8148,53,1,0,5
8149,46,0,0,4
8150,34,1,0,3
8151,35,1,0,2
8152,27,1,0,9
8153,64,0,0,8
8154,40,1,1,3
8155,59,0,0,4
8156,23,1,1,8
8157,37,0,1,9
8158,18,0,0,8
8159,25,0,0,9
8160,19,1,0,8
8161,52,1,0,4
8162,40,1,0,6
8163,26,0,0,8
8164,34,1,1,5
8165,58,0,0,1
8166,41,1,0,8
8167,20,0,0,4
8168,36,1,0,6
8169,45,0,0,9
8170,25,1,0,6
8171,60,0,0,2
8172,26,1,0,9
8173,65,1,1,9
8174,48,0,0,1
8175,23,0,0,7
8176,52,0,1,1
8177,57,1,0,1
8178,42,1,0,1
8179,19,1,1,7
8180,45,0,0,8
8181,25,1,0,8
8182,49,1,0,2
8183,51,0,0,3
8184,55,0,0,4
8185,19,1,1,2
8186,42,0,0,3
8187,68,0,0,7
8188,21,1,0,3
8189,42,1,0,2
8190,48,1,0,9
8191,59,0,1,3
8192,23,1,1,9
8193,45,1,1,1
8194,25,1,1,1
8195,31,1,0,6
8196,55,1,1,1
8197,60,1,0,7
8198,49,0,1,4
8199,26,0,1,8
8200,47,1,0,5
8201,69,1,1,9
8202,65,0,1,3
8203,49,1,0,8
8204,42,0,0,9
8205,63,1,0,5
8206,19,0,1,9
8207,60,0,1,6
8208,48,0,1,1
8209,26,0,0,5
8210,33,0,0,2
8211,62,1,1,6
8212,21,1,0,9
8213,45,0,0,7
8214,62,1,0,1
8215,29,0,0,5
8216,55,0,0,7
8217,18,0,0,1
8218,32,0,0,4
8219,39,0,0,9
8220,44,0,1,5
8221,40,0,0,3
8222,43,0,0,9
8223,65,0,0,6
8224,34,1,1,2
8225,34,0,0,8
8226,50,0,0,3
8227,43,1,0,6
8228,38,0,0,2
8229,39,0,0,1
8230,59,0,0,4
8231,45,0,0,5
8232,53,0,1,2
8233,50,0,1,2
8234,41,0,1,4
8235,39,1,1,6
8236,41,0,1,2
8237,38,1,1,8
8238,28,0,0,9
8239,43,0,0,1
8240,56,0,1,4
8241,24,0,0,4
8242,46,0,1,8
8243,45,0,0,7
8244,42,0,0,1
8245,23,0,1,2
8246,36,0,1,6
8247,55,0,0,9
8248,31,1,1,1
8249,27,1,1,7
8250,58,0,0,7
8251,24,1,0,1
8252,23,0,1,1
8253,35,1,0,7
8254,29,0,0,7
8255,25,1,1,8
8256,34,0,1,1
8257,37,0,0,1
8258,66,0,0,1
8259,28,0,0,7
8260,21,1,0,7
8261,18,1,0,2
8262,59,0,0,2
8263,68,0,0,9
8264,42,0,1,9
8265,37,1,0,6
8266,28,0,0,5
8267,59,1,1,4
8268,20,0,0,1
8269,23,0,0,9
8270,46,0,0,5
8271,69,1,1,1
8272,45,1,0,9
8273,22,0,0,7
8274,32,1,0,7
8275,32,0,0,2
8276,58,0,0,1
8277,58,0,0,3
8278,41,0,1,6
8279,57,0,0,3
8280,61,0,1,7
8281,43,0,0,3
8282,48,1,0,4
8283,20,0,1,3
8284,27,0,0,9
8285,41,1,0,5
8286,63,1,1,2
8287,61,1,0,4
8288,54,1,0,3
8289,34,0,0,7
8290,64,1,1,7
8291,24,1,0,1
8292,37,0,1,1
8293,50,0,0,6
8294,62,0,1,5
8295,27,1,0,9
8296,66,1,0,4
8297,65,0,0,3
8298,18,0,0,8
8299,64,0,0,7
8300,66,0,0,8
8301,66,1,0,6
8302,68,0,0,3
8303,36,0,0,1
8304,62,1,0,4
8305,50,0,0,7
8306,38,0,1,9
8307,55,1,0,1
8308,62,0,0,3
8309,65,0,0,6
8310,48,0,1,9
8311,59,1,1,8
8312,67,0,0,1
8313,51,1,0,6
8314,22,0,0,8
8315,55,0,0,7
8316,65,1,0,3
8317,48,1,1,5
8318,37,0,0,7
8319,51,0,0,1
8320,47,0,0,6
8321,34,0,0,1
8322,48,1,0,8
8323,52,0,0,5
8324,55,0,0,2
8325,22,1,1,8
8326,31,1,0,7
8327,52,0,1,9
8328,31,0,1,7
8329,37,1,0,6
8330,41,1,1,1
8331,37,1,0,4
8332,39,0,1,8
8333,61,1,0,4
8334,34,1,0,1
8335,46,1,0,8
8336,20,0,0,9
8337,33,0,0,7
8338,49,0,0,2
8339,38,1,0,2
8340,55,1,0,4
8341,46,0,0,4
8342,52,0,0,8
8343,21,1,0,1
8344,26,1,1,3
8345,53,0,0,9
8346,52,1,0,1
8347,44,1,0,1
8348,19,1,0,5
8349,20,0,0,4
8350,32,0,0,6
8351,58,1,0,4
8352,62,1,0,3
8353,52,1,0,8
8354,41,1,0,7
8355,28,0,0,9
8356,28,0,0,6
8357,38,0,0,5
8358,63,1,1,7
8359,51,1,0,4
8360,42,1,1,4
8361,39,0,1,8
8362,22,1,0,2
8363,35,1,0,2
8364,22,0,1,7
8365,23,0,1,4
8366,49,0,1,7
8367,34,0,0,3
8368,53,1,1,8
8369,33,1,0,3
8370,28,0,1,7
8371,58,0,0,5
8372,37,1,1,3
8373,64,0,0,1
8374,20,1,0,2
8375,22,0,1,6
8376,40,1,0,3
8377,25,0,0,3
8378,32,0,1,7
8379,22,0,1,2
8380,37,0,0,2
8381,23,0,0,2
8382,34,0,0,6
8383,63,1,0,4
8384,67,0,1,4
8385,66,0,0,7
8386,48,0,1,9
8387,27,0,0,6
8388,31,1,0,2
8389,37,1,0,8
8390,59,0,0,1
8391,34,0,0,4
8392,38,1,1,1
8393,62,0,0,4
8394,38,1,0,9
8395,68,1,1,5
8396,34,0,0,9
8397,33,0,0,4
8398,48,1,1,9
8399,39,1,1,1
8400,27,0,0,2
8401,30,0,0,4
8402,24,1,0,8
8403,55,0,0,8
8404,58,1,1,7
8405,67,0,1,1
8406,65,0,1,9
8407,60,1,0,2
8408,68,1,0,9
8409,44,0,0,6
8410,19,1,0,7
8411,63,1,1,9
8412,23,0,0,4
8413,19,0,1,8
8414,65,0,0,1
8415,41,0,1,9
8416,19,0,0,8
8417,26,1,1,7
8418,66,0,1,7
8419,59,1,0,2
8420,34,1,0,7
8421,50,1,0,5
8422,47,0,0,1
8423,69,0,1,5
8424,26,0,0,9
8425,63,0,0,3
8426,42,0,0,2
8427,56,1,0,9
8428,28,0,0,4
8429,34,0,0,1
8430,52,0,0,3
8431,30,0,0,3
8432,39,1,1,6
8433,55,1,1,9
8434,60,0,0,4
8435,52,0,1,2
8436,55,1,0,7
8437,45,0,0,4
8438,65,1,0,6
8439,37,1,1,6
8440,40,1,1,2
8441,23,1,0,7
8442,38,1,1,5
8443,39,0,0,8
8444,69,1,0,3
8445,19,0,0,6
8446,22,0,1,6
8447,28,0,0,8
8448,44,0,0,1
8449,59,1,1,6
8450,27,0,0,3
8451,24,1,0,6
8452,62,0,0,2
8453,54,1,0,9
8454,36,0,0,6
8455,47,0,0,6
8456,35,0,1,3
8457,57,0,0,5
8458,29,0,1,6
8459,22,0,0,9
8460,20,1,0,3
8461,22,0,1,8
8462,30,1,0,5
8463,35,0,0,3
8464,22,0,0,1
8465,64,1,0,9
8466,67,0,0,9
8467,69,1,0,6
8468,55,1,1,2
8469,23,1,0,4
8470,56,1,0,5
8471,60,1,0,3
8472,25,1,0,2
8473,43,0,0,6
8474,51,1,0,4
8475,44,1,0,7
8476,46,1,1,3
8477,49,1,0,3
8478,46,0,0,9
8479,21,0,1,1
8480,53,1,0,9
8481,41,0,1,9
8482,28,1,0,8
8483,19,1,0,2
8484,58,0,1,4
8485,29,1,0,3
8486,49,1,0,7
8487,63,0,1,5
8488,43,0,0,6
8489,20,1,0,4
8490,58,1,0,6
8491,66,1,1,7
8492,60,1,0,4
8493,44,0,0,1
8494,58,0,0,4
8495,58,1,0,3
8496,44,0,0,9
8497,24,1,1,8
8498,62,1,0,4
8499,39,0,0,8
8500,57,1,0,8
8501,67,0,1,2
8502,62,0,1,1
8503,49,0,0,3
8504,46,0,0,9
8505,55,0,0,3
8506,62,0,1,4
8507,23,0,0,1
8508,20,0,0,2
8509,58,0,0,8
8510,58,0,0,5
8511,25,0,1,7
8512,47,1,0,9
8513,55,1,1,3
8514,31,0,0,6
8515,51,0,0,9
8516,58,0,1,9
8517,18,1,0,2
8518,65,0,1,7
8519,19,1,1,5
8520,56,0,0,3
8521,41,0,1,9
8522,35,0,0,6
8523,67,0,0,1
8524,35,1,1,3
8525,46,1,0,7
8526,38,0,0,2
8527,37,1,0,4
8528,24,1,1,6
8529,60,0,0,5
8530,62,0,1,5
8531,38,0,0,3
8532,54,1,1,2
8533,52,1,0,8
8534,58,1,1,8
8535,67,1,0,8
8536,44,0,1,8
8537,48,1,0,7
8538,31,0,1,4
8539,20,0,1,1
8540,57,0,0,5
8541,37,1,1,1
8542,31,1,1,4
8543,48,0,0,6
8544,37,1,0,8
8545,53,1,0,2
8546,66,1,0,5
8547,61,1,0,3
8548,47,0,1,4
8549,25,0,0,1
8550,47,0,0,3
8551,22,1,0,2
8552,25,0,0,5
8553,26,0,0,1
8554,36,0,0,5
8555,56,0,0,3
8556,51,1,0,8
8557,48,1,0,9
8558,33,0,0,1
8559,39,0,1,3
8560,49,1,0,5
8561,55,1,1,6
8562,41,1,0,6
8563,23,1,0,4
8564,34,1,0,9
8565,68,1,0,1
8566,27,1,1,5
8567,40,0,1,5
8568,33,1,0,5
8569,41,0,0,9
8570,57,0,0,7
8571,64,1,0,5
8572,62,1,1,5
8573,38,0,0,7
8574,38,1,0,7
8575,58,1,0,5
8576,19,1,1,1
8577,62,1,1,8
8578,63,0,0,9
8579,48,0,1,7
8580,48,0,0,9
8581,38,0,1,6
8582,36,1,1,4
8583,54,1,0,7
8584,34,1,0,3
8585,51,1,1,3
8586,47,0,1,2
8587,42,0,1,5
8588,45,1,0,4
8589,32,1,0,7
8590,54,1,0,4
8591,56,1,1,7
8592,39,0,0,8
8593,32,0,0,6
8594,23,0,0,4
8595,50,0,0,9
8596,27,0,0,6
8597,47,0,0,9
8598,20,0,0,8
8599,22,0,0,1
8600,49,1,0,7
8601,54,0,0,9
8602,37,0,0,6
8603,21,1,0,7
8604,38,0,0,9
8605,40,1,0,4
8606,18,1,0,4
8607,54,0,1,6
8608,33,0,1,7
8609,56,1,1,9
8610,61,1,1,3
8611,42,1,0,5
8612,29,0,0,2
8613,59,1,0,7
8614,26,1,1,5
8615,63,0,1,6
8616,46,0,0,4
8617,22,0,1,2
8618,39,1,1,2
8619,46,0,0,9
8620,51,1,0,2
8621,64,1,0,7
8622,41,1,0,3
8623,35,1,0,1
8624,29,0,0,1
8625,33,0,0,4
8626,43,0,1,8
8627,27,1,0,1
8628,67,0,0,5
8629,40,0,1,5
8630,49,1,0,3
8631,23,1,0,2
8632,38,1,0,2
8633,67,1,0,4
8634,46,0,0,1
8635,56,0,0,7
8636,45,1,0,4
8637,49,0,0,7
8638,55,0,0,8
8639,43,0,0,4
8640,41,1,0,6
8641,35,0,0,1
8642,63,1,0,3
8643,69,1,1,2
8644,24,1,0,8
8645,36,0,0,6
8646,40,1,1,6
8647,21,1,0,3
8648,47,0,0,9
8649,57,1,1,1
8650,67,0,1,3
8651,45,1,0,2
8652,40,1,0,9
8653,23,0,0,9
8654,25,1,1,6
8655,19,0,0,4
8656,18,0,0,4
8657,52,0,0,2
8658,30,1,0,5
8659,61,1,1,4
8660,26,1,0,4
8661,55,0,0,4
8662,24,0,0,6
8663,51,1,1,3
8664,63,0,1,8
8665,18,0,0,9
8666,29,0,0,2
8667,50,0,0,2
8668,34,1,0,9
8669,18,0,0,1
8670,68,0,0,9
8671,58,0,0,6
8672,24,1,1,5
8673,55,0,0,9
8674,48,1,0,1
8675,38,0,0,2
8676,48,1,0,5
8677,64,1,1,6
8678,52,0,1,5
8679,32,0,0,8
8680,55,0,0,4
8681,42,0,0,5
8682,29,0,0,8
8683,42,0,0,2
8684,18,1,0,7
8685,24,1,0,8
8686,67,1,0,5
8687,66,0,0,6
8688,41,0,0,7
8689,64,0,0,7
8690,37,1,0,9
8691,67,0,1,8
8692,39,1,0,1
8693,39,0,0,3
8694,25,0,0,6
8695,51,0,1,1
8696,27,1,0,5
8697,57,0,1,2
8698,21,1,0,9
8699,21,1,0,8
8700,53,0,0,1
8701,61,0,1,4
8702,65,1,0,4
8703,38,0,0,3
8704,20,0,0,4
8705,31,1,1,3
8706,20,0,0,7
8707,53,0,0,4
8708,27,0,0,7
8709,62,0,0,1
8710,42,1,0,4
8711,62,1,0,8
8712,19,0,1,6
8713,25,0,0,5
8714,68,0,1,5
8715,47,0,0,6
8716,23,0,0,6
8717,66,1,0,7
8718,58,0,0,1
8719,53,0,1,8
8720,37,1,0,8
8721,39,0,0,8
8722,32,0,1,8
8723,27,1,1,6
8724,21,0,0,6
8725,37,1,0,8
8726,33,0,0,7
8727,51,0,0,1
8728,24,0,0,3
8729,66,0,1,8
8730,66,1,1,1
8731,28,0,0,7
8732,29,1,0,6
8733,67,0,0,5
8734,38,0,0,2
8735,61,0,0,7
8736,27,1,1,6
8737,60,0,0,6
8738,27,0,0,4
8739,55,1,0,1
8740,49,0,0,8
8741,53,0,1,8
8742,55,1,1,8
8743,41,1,1,9
8744,27,1,0,8
8745,58,0,0,7
8746,18,1,0,9
8747,65,0,1,7
8748,26,0,0,9
8749,34,0,0,2
8750,69,0,1,7
8751,43,1,0,8
8752,22,0,1,9
8753,64,0,0,2
8754,18,0,1,9
8755,37,1,0,1
8756,36,0,0,8
8757,30,1,1,7
8758,27,0,0,9
8759,43,1,0,2
8760,57,0,1,4
8761,52,0,0,5
8762,31,1,0,9
8763,39,1,1,3
8764,20,1,1,8
8765,63,1,0,9
8766,28,1,0,5
8767,63,1,0,1
8768,44,1,0,2
8769,68,1,0,2
8770,32,0,1,8
8771,26,0,0,2
8772,36,0,0,1
8773,57,1,0,9
8774,57,0,1,8
8775,36,0,0,2
8776,35,0,0,5
8777,46,1,0,3
8778,44,1,0,2
8779,55,0,0,7
8780,47,1,0,1
8781,67,0,0,2
8782,60,0,1,4
8783,33,0,0,5
8784,44,0,1,8
8785,66,1,0,8
8786,67,1,1,7
8787,22,0,0,9
8788,54,0,1,2
8789,29,1,0,4
8790,46,0,0,2
8791,60,0,0,1
8792,43,0,1,2
8793,26,1,0,9
8794,36,1,0,3
8795,20,0,1,4
8796,33,1,0,4
8797,40,1,0,7
8798,24,0,0,7
8799,34,0,0,2
8800,27,0,0,9
8801,21,0,1,7
8802,55,1,0,2
8803,30,0,0,4
8804,44,0,0,7
8805,40,1,0,3
8806,41,1,0,9
8807,49,1,0,8
8808,28,0,0,6
8809,47,1,0,8
8810,33,1,1,2
8811,58,0,0,6
8812,18,0,0,4
8813,68,0,1,6
8814,57,0,0,6
8815,52,1,0,1
8816,58,1,0,3
8817,27,0,0,9
8818,48,0,1,2
8819,52,0,0,2
8820,21,1,0,5
8821,52,0,1,1
8822,33,1,0,5
8823,21,0,1,2
8824,52,0,0,1
8825,39,0,1,8
8826,55,0,1,6
8827,42,0,0,2
8828,20,1,0,7
8829,37,1,1,2
8830,19,1,1,3
8831,29,0,0,8
8832,69,0,0,9
8833,21,1,1,3
8834,38,0,0,2
8835,54,1,0,9
8836,49,1,1,7
8837,39,0,0,4
8838,68,1,0,7
8839,40,1,0,5
8840,27,1,0,5
8841,34,0,0,1
8842,25,0,0,8
8843,34,1,1,6
8844,34,0,0,9
8845,47,1,1,5
8846,25,0,1,1
8847,28,1,1,2
8848,21,0,0,5
8849,27,0,1,1
8850,59,0,0,5
8851,44,0,0,1
8852,50,0,0,1
8853,45,1,0,5
8854,29,1,1,5
8855,22,0,0,8
8856,48,1,0,4
8857,53,0,0,9
8858,40,1,0,4
8859,50,0,1,3
8860,28,1,1,7
8861,44,1,1,8
8862,67,0,0,4
8863,69,0,0,5
8864,44,1,0,6
8865,21,1,1,7
8866,18,1,0,2
8867,66,0,1,1
8868,43,0,0,4
8869,38,0,0,2
8870,42,0,0,1
8871,45,0,0,1
8872,24,1,0,6
8873,26,1,0,7
8874,28,1,0,3
8875,41,1,0,7
8876,40,1,1,5
8877,29,1,1,8
8878,59,0,1,7
8879,53,1,1,1
8880,32,1,0,3
8881,67,0,1,5
8882,43,1,0,7
8883,67,1,1,7
8884,41,0,0,7
8885,19,0,1,3
8886,30,1,0,4
8887,23,0,0,1
8888,22,0,1,5
8889,55,1,0,1
8890,67,0,0,7
8891,63,0,1,2
8892,27,0,0,7
8893,32,0,0,6
8894,48,0,0,9
8895,29,1,1,5
8896,24,1,0,7
8897,51,0,0,6
8898,45,0,0,1
8899,22,1,0,3
8900,39,0,0,4
8901,27,1,0,6
8902,21,0,0,5
8903,31,0,0,3
8904,40,0,1,5
8905,69,1,0,4
8906,55,1,0,5
8907,59,0,1,5
8908,69,0,0,4
8909,20,1,1,3
8910,32,0,0,8
8911,32,0,0,9
8912,46,1,1,1
8913,55,1,0,7
8914,43,0,1,1
8915,57,1,1,6
8916,68,0,0,1
8917,46,0,1,4
8918,43,1,0,6
8919,60,1,0,4
8920,31,1,1,2
8921,66,1,0,5
8922,67,1,0,9
8923,28,1,0,7
8924,61,0,1,1
8925,37,1,0,5
8926,50,1,1,7
8927,33,1,0,7
8928,25,0,0,7
8929,64,0,0,2
8930,64,0,0,4
8931,24,1,0,9
8932,65,0,1,7
8933,20,1,0,8
8934,56,1,0,4
8935,18,0,1,9
8936,69,0,1,9
8937,41,0,0,4
8938,67,0,0,6
8939,23,1,1,7
8940,53,1,0,8
8941,27,0,0,1
8942,19,0,0,1
8943,40,1,1,9
8944,32,0,0,8
8945,52,1,1,4
8946,60,1,1,7
8947,51,1,1,6
8948,32,0,1,9
8949,59,0,1,7
8950,58,0,1,1
8951,31,1,0,4
8952,49,0,0,4
8953,50,1,0,9
8954,29,1,1,5
8955,56,1,0,1
8956,29,0,0,3
8957,67,0,0,4
8958,22,1,0,5
8959,26,1,0,9
8960,31,1,0,7
8961,64,0,1,9
8962,25,0,0,3
8963,41,1,1,3
8964,35,1,0,5
8965,47,1,0,5
8966,30,0,0,8
8967,44,0,0,3
8968,64,1,0,5
8969,50,0,0,2
8970,65,0,1,2
8971,38,0,1,6
8972,43,1,0,3
8973,29,0,0,2
8974,25,1,1,2
8975,37,1,0,8
8976,35,1,0,7
8977,65,0,0,5
8978,32,0,0,4
8979,31,1,0,1
8980,69,1,1,1
8981,58,1,0,4
8982,23,0,0,8
8983,29,1,0,2
8984,37,0,0,4
8985,37,0,0,5
8986,33,0,0,8
8987,34,0,0,3
8988,52,1,0,3
8989,32,1,0,9
8990,25,1,1,2
8991,39,0,0,7
8992,31,1,0,9
8993,27,1,1,5
8994,43,0,1,9
8995,43,0,0,9
8996,37,1,0,7
8997,20,1,0,5
8998,41,0,0,6
8999,38,1,1,1
9000,53,1,1,7
9001,64,0,0,9
9002,52,1,0,5
9003,30,1,1,9
9004,69,0,0,7
9005,64,0,1,3
9006,30,0,1,1
9007,34,1,1,7
9008,63,1,0,2
9009,19,1,1,5
9010,43,0,1,8
9011,57,0,1,4
9012,32,0,0,6
9013,52,0,0,8
9014,35,1,0,8
9015,41,0,1,4
9016,22,1,1,8
9017,29,0,0,6
9018,43,0,0,9
9019,41,1,0,4
9020,20,1,0,8
9021,51,1,1,7
9022,59,0,1,1
9023,44,0,0,8
9024,37,0,1,3
9025,30,1,0,4
9026,40,1,1,5
9027,55,0,0,6
9028,30,0,1,2
9029,48,0,1,5
9030,37,1,0,1
9031,55,0,0,5
9032,38,0,1,6
9033,45,1,0,1
9034,61,1,1,4
9035,23,0,0,8
9036,69,0,1,6
9037,59,1,0,5
9038,66,1,0,2
9039,46,0,0,4
9040,18,0,0,8
9041,63,0,0,3
9042,43,0,0,6
9043,33,1,0,6
9044,69,1,0,5
9045,48,1,1,4
9046,29,0,0,6
9047,33,1,0,8
9048,32,0,0,9
9049,43,1,0,6
9050,48,0,1,7
9051,35,0,0,7
9052,34,0,0,5
9053,42,1,0,6
9054,52,1,0,5
9055,68,1,0,3
9056,54,0,0,2
9057,55,1,1,4
9058,31,1,0,4
9059,38,1,0,9
9060,47,0,0,1
9061,25,1,0,4
9062,52,1,0,1
9063,27,1,0,5
9064,22,0,0,9
9065,21,1,0,8
9066,53,0,0,5
9067,64,1,0,3
9068,19,0,1,8
9069,50,0,0,9
9070,32,0,0,5
9071,60,0,0,6
9072,38,0,0,5
9073,43,0,1,7
9074,28,0,0,5
9075,69,1,0,2
9076,39,1,0,7
9077,50,0,0,9
9078,32,1,0,8
9079,34,0,1,1
9080,44,1,0,6
9081,25,1,1,3
9082,22,1,0,1
9083,24,1,1,8
9084,34,1,0,4
9085,26,0,0,8
9086,35,1,1,6
9087,57,0,1,5
9088,54,0,0,7
9089,32,0,1,1
9090,44,1,0,1
9091,40,0,0,8
9092,33,1,1,1
9093,53,0,0,5
9094,56,0,0,8
9095,69,1,0,7
9096,66,0,1,5
9097,48,1,0,8
9098,25,0,1,2
9099,19,0,1,6
9100,59,1,0,8
9101,39,0,0,4
9102,55,0,0,9
9103,64,0,0,5
9104,29,1,1,9
9105,39,1,0,1
9106,68,0,1,8
9107,18,1,0,2
9108,68,1,0,5
9109,51,0,1,5
9110,20,0,0,6
9111,51,1,0,9
9112,64,1,1,5
9113,39,0,0,6
9114,43,1,1,9
9115,57,0,0,5
9116,68,0,0,8
9117,42,1,1,3
9118,55,1,0,7
9119,23,1,0,7
9120,30,1,0,7
9121,35,0,0,5
9122,23,0,0,7
9123,54,1,0,1
9124,37,0,0,5
9125,37,1,0,7
9126,28,1,0,7
9127,53,1,1,8
9128,49,0,0,8
9129,20,1,0,4
9130,63,0,0,4
9131,29,0,0,4
9132,45,1,0,6
9133,20,1,1,2
9134,57,1,0,2
9135,53,1,0,7
9136,18,1,0,4
9137,23,0,0,6
9138,22,0,1,7
9139,66,1,0,6
9140,30,1,0,2
9141,53,1,0,9
9142,36,0,0,8
9143,44,1,0,5
9144,25,0,0,9
9145,55,1,0,9
9146,35,1,0,2
9147,36,0,0,2
9148,19,1,1,1
9149,29,1,1,7
9150,65,0,1,3
9151,55,1,0,3
9152,52,1,0,9
9153,68,0,1,1
9154,26,0,1,7
9155,47,0,0,3
9156,68,0,0,5
9157,40,1,0,5
9158,50,1,1,7
9159,39,0,0,6
9160,24,1,0,3
9161,55,1,0,1
9162,35,0,0,1
9163,51,1,1,6
9164,46,1,1,2
9165,54,0,0,5
9166,18,1,0,1
9167,54,1,0,7
9168,55,0,0,5
9169,19,1,1,7
9170,19,0,0,5
9171,49,0,0,7
9172,61,1,0,9
9173,57,1,0,3
9174,21,0,0,9
9175,34,1,0,2
9176,46,1,0,9
9177,54,1,0,6
9178,35,0,0,4
9179,55,1,1,4
9180,68,1,0,6
9181,20,0,0,8
9182,45,0,0,1
9183,31,0,0,3
9184,59,0,0,2
9185,62,0,1,4
9186,28,0,0,9
9187,32,1,1,5
9188,33,0,0,5
9189,60,1,0,9
9190,45,0,1,3
9191,57,1,0,5
9192,19,1,1,4
9193,60,0,0,3
9194,33,1,0,5
9195,23,0,0,1
9196,64,1,0,7
9197,58,0,0,2
9198,62,0,0,4
9199,48,0,0,1
9200,47,1,0,4
9201,33,0,0,7
9202,65,0,0,8
9203,56,0,1,5
9204,35,1,0,2
9205,52,0,1,6
9206,52,1,1,2
9207,51,1,0,3
9208,67,0,0,8
9209,51,0,1,1
9210,54,1,0,1
9211,45,0,0,9
9212,20,0,0,5
9213,37,0,0,3
9214,56,1,1,6
9215,24,1,1,8
9216,63,0,0,5
9217,65,0,1,5
9218,19,1,0,1
9219,42,0,0,7
9220,66,1,0,7
9221,43,1,0,2
9222,32,1,0,7
9223,58,0,0,8
9224,36,1,0,2
9225,57,0,1,2
9226,62,0,0,1
9227,54,1,0,6
9228,41,0,0,8
9229,25,1,0,7
9230,64,1,0,3
9231,69,0,0,1
9232,55,1,0,3
9233,48,1,0,8
9234,63,1,0,2
9235,27,1,1,2
9236,69,0,0,6
9237,18,1,1,8
9238,68,1,0,2
9239,51,0,0,9
9240,64,1,0,1
9241,62,0,0,2
9242,56,0,0,3
9243,39,0,0,7
9244,34,0,0,6
9245,69,1,1,6
9246,57,1,0,2
9247,54,1,0,4
9248,29,1,0,4
9249,42,0,0,6
9250,45,0,0,6
9251,36,1,0,7
9252,37,1,0,7
9253,23,1,1,5
9254,29,1,0,6
9255,35,1,0,9
9256,43,1,0,2
9257,22,1,0,3
9258,37,1,0,3
9259,18,0,0,7
9260,57,1,1,4
9261,58,0,0,2
9262,53,0,0,2
9263,36,1,0,8
9264,46,1,0,8
9265,45,1,1,1
9266,57,1,1,7
9267,63,0,0,1
9268,38,1,0,9
9269,59,0,0,7
9270,47,1,0,5
9271,47,0,0,8
9272,38,0,0,4
9273,35,1,0,6
9274,35,0,0,8
9275,59,1,0,6
9276,51,1,0,3
9277,57,0,0,8
9278,62,0,1,8
9279,18,0,1,2
9280,65,0,0,6
9281,49,0,0,3
9282,68,1,0,9
9283,53,0,0,6
9284,46,1,1,9
9285,31,0,1,9
9286,25,0,1,1
9287,66,0,0,5
9288,20,1,0,1
9289,44,1,1,4
9290,53,1,0,8
9291,32,1,1,2
9292,45,1,0,5
9293,50,1,1,5
9294,59,1,1,3
9295,47,1,1,3
9296,43,1,1,7
9297,67,0,0,8
9298,22,0,1,2
9299,47,0,0,8
9300,32,0,0,2
9301,42,1,0,6
9302,34,0,0,2
9303,33,1,0,6
9304,66,1,0,9
9305,68,1,0,4
9306,19,0,0,3
9307,61,0,0,1
9308,57,0,1,1
9309,51,1,0,8
9310,28,0,0,8
9311,45,0,0,7
9312,64,1,0,6
9313,42,1,0,4
9314,62,1,0,8
9315,27,1,1,8
9316,47,1,1,3
9317,27,1,0,4
9318,61,0,0,7
9319,19,0,0,7
9320,63,0,0,1
9321,24,1,1,8
9322,51,1,0,8
9323,35,0,0,5
9324,63,1,1,5
9325,57,0,0,7
9326,22,0,0,3
9327,43,1,0,5
9328,26,0,0,3
9329,64,1,0,5
9330,23,0,1,4
9331,58,0,1,6
9332,50,1,0,7
9333,39,1,0,8
9334,32,0,0,1
9335,50,0,0,6
9336,69,1,1,9
9337,35,1,1,1
9338,30,0,0,1
9339,18,1,0,1
9340,18,0,0,8
9341,20,1,0,4
9342,22,0,1,5
9343,36,1,0,2
9344,57,0,1,4
9345,29,1,0,8
9346,67,0,0,5
9347,38,0,1,3
9348,31,0,0,3
9349,47,1,1,6
9350,47,1,0,2
9351,20,1,0,7
9352,66,0,0,7
9353,38,0,0,6
9354,33,0,0,1
9355,30,1,0,4
9356,51,0,1,8
9357,48,1,0,9
9358,19,1,0,5
9359,19,1,0,4
9360,51,0,0,5
9361,38,0,0,4
9362,35,0,1,4
9363,28,0,1,5
9364,30,1,0,6
9365,23,0,0,3
9366,44,0,0,9
9367,39,1,0,7
9368,51,1,1,5
9369,42,1,0,2
9370,63,1,1,4
9371,66,1,0,7
9372,66,0,0,6
9373,18,1,0,2
9374,68,0,1,6
9375,39,1,1,9
9376,19,1,0,4
9377,23,0,1,4
9378,51,0,0,8
9379,53,1,0,5
9380,37,1,0,2
9381,46,1,0,8
9382,31,1,0,8
9383,42,1,0,8
9384,21,1,0,2
9385,20,1,0,4
9386,37,1,0,5
9387,65,1,1,1
9388,29,1,1,6
9389,66,1,1,6
9390,59,1,0,9
9391,61,1,0,4
9392,37,0,1,6
9393,55,1,0,5
9394,44,1,0,8
9395,66,0,1,7
9396,64,0,0,9
9397,24,1,1,2
9398,30,0,0,5
9399,49,1,0,3
9400,60,0,0,9
9401,38,1,0,8
9402,69,1,0,6
9403,28,1,0,2
9404,25,0,1,9
9405,32,1,0,4
9406,65,0,1,5
9407,37,1,0,5
9408,32,0,1,7
9409,20,0,0,7
9410,47,1,0,5
9411,35,0,0,7
9412,31,0,1,1
9413,29,0,1,3
9414,69,1,0,6
9415,62,1,0,3
9416,51,0,0,5
9417,22,0,0,6
9418,26,0,0,5
9419,31,1,0,5
9420,39,0,1,5
9421,36,1,0,9
9422,40,0,1,7
9423,68,0,0,5
9424,41,1,0,1
9425,44,1,0,1
9426,29,1,0,2
9427,31,1,1,4
9428,23,0,0,3
9429,61,1,0,4
9430,36,1,0,8
9431,37,1,0,8
9432,63,1,1,2
9433,61,0,1,8
9434,69,1,0,3
9435,56,1,0,5
9436,25,1,1,8
9437,48,1,0,3
9438,40,1,0,1
9439,21,1,1,6
9440,47,0,0,7
9441,26,1,0,8
9442,66,0,0,6
9443,61,1,1,8
9444,27,1,1,8
9445,23,0,1,8
9446,43,1,0,1
9447,49,0,0,7
9448,53,1,1,7
9449,66,1,0,2
9450,36,0,1,6
9451,39,0,1,4
9452,34,0,1,2
9453,22,1,0,8
9454,42,0,0,4
9455,25,0,1,7
9456,38,1,0,7
9457,40,1,0,3
9458,59,0,0,1
9459,29,0,0,3
9460,53,1,1,1
9461,22,0,0,9
9462,61,0,0,9
9463,30,0,0,8
9464,44,0,0,6
9465,21,0,1,9
9466,26,1,1,7
9467,67,0,0,7
9468,45,0,0,6
9469,68,1,0,9
9470,62,1,0,7
9471,43,0,0,6
9472,39,1,0,9
9473,35,0,1,8
9474,29,0,1,5
9475,33,1,0,2
9476,62,0,0,7
9477,52,1,0,8
9478,50,1,0,8
9479,46,0,0,7
9480,58,1,0,5
9481,55,0,0,8
9482,18,1,0,8
9483,68,1,1,3
9484,68,0,0,1
9485,68,1,0,9
9486,29,1,0,8
9487,32,1,1,8
9488,65,0,0,1
9489,45,1,0,2
9490,32,1,1,6
9491,22,1,0,9
9492,63,1,1,4
9493,56,1,0,1
9494,34,1,1,6
9495,58,1,0,3
9496,37,0,0,3
9497,23,1,0,6
9498,30,0,1,6
9499,60,1,0,9
9500,65,0,1,2
9501,32,0,0,8
9502,44,1,0,5
9503,62,0,0,9
9504,22,1,0,9
9505,42,1,0,8
9506,39,0,1,3
9507,32,1,0,1
9508,62,1,0,7
9509,64,1,0,5
9510,52,1,0,3
9511,68,1,0,9
9512,69,1,1,9
9513,69,0,0,4
9514,51,0,0,4
9515,27,0,1,1
9516,57,1,1,7
9517,45,1,0,1
9518,42,1,1,9
9519,38,1,1,2
9520,69,0,0,2
9521,43,0,0,7
9522,41,0,0,8
9523,60,1,0,6
9524,33,1,0,2
9525,37,0,1,6
9526,36,1,0,8
9527,62,0,0,6
9528,48,1,0,1
9529,39,1,1,2
9530,43,1,0,3
9531,36,0,1,8
9532,32,0,1,8
9533,45,0,0,8
9534,35,1,0,6
9535,64,1,0,5
9536,26,0,0,2
9537,51,1,1,9
9538,30,1,0,3
9539,57,1,0,7
9540,37,0,0,3
9541,65,1,0,6
9542,42,1,0,8
9543,28,0,0,8
9544,68,0,0,2
9545,56,0,0,9
9546,25,0,0,1
9547,42,1,0,6
9548,29,0,1,4
9549,56,0,0,2
9550,26,0,0,2
9551,68,1,0,4
9552,35,0,0,1
9553,48,0,1,9
9554,69,1,1,9
9555,44,1,0,4
9556,45,0,1,9
9557,66,0,1,4
9558,62,0,0,2
9559,53,1,0,7
9560,53,0,1,6
9561,21,0,0,7
9562,64,1,0,2
9563,36,1,0,6
9564,48,1,0,5
9565,26,1,0,1
9566,21,0,0,4
9567,22,1,0,8
9568,43,1,1,5
9569,25,0,0,9
9570,20,1,0,9
9571,41,1,0,3
9572,34,1,0,8
9573,65,1,0,5
9574,55,0,0,3
9575,21,0,0,5
9576,65,0,0,6
9577,48,0,0,9
9578,52,0,0,5
9579,21,0,1,5
9580,36,0,0,1
9581,23,1,1,4
9582,59,0,1,6
9583,19,1,0,1
9584,58,0,0,4
9585,56,0,0,4
9586,44,0,0,5
9587,19,0,0,8
9588,68,1,0,7
9589,65,0,1,5
9590,37,1,0,5
9591,62,1,0,5
9592,57,1,0,7
9593,37,0,1,1
9594,37,0,1,7
9595,18,1,0,8
9596,37,1,0,1
9597,56,0,0,8
9598,40,1,0,4
9599,34,1,0,7
9600,23,1,1,1
9601,29,0,1,7
9602,54,1,0,3
9603,40,0,0,9
9604,41,1,1,5
9605,24,1,0,8
9606,32,0,0,2
9607,60,0,1,4
9608,63,0,1,1
9609,45,0,0,6
9610,29,1,0,1
9611,59,1,1,4
9612,67,1,0,8
9613,33,1,0,8
9614,51,0,0,2
9615,49,1,1,7
9616,66,1,1,1
9617,22,1,0,7
9618,23,0,0,4
9619,35,1,0,8
9620,62,0,0,1
9621,48,0,0,4
9622,60,0,0,8
9623,63,0,0,2
9624,28,0,0,9
9625,24,1,0,2
9626,66,1,0,1
9627,60,1,0,5
9628,59,0,0,7
9629,61,0,0,8
9630,48,1,1,4
9631,62,1,0,7
9632,18,0,0,8
9633,33,1,0,6
9634,47,1,0,7
9635,54,1,1,3
9636,37,0,0,9
9637,44,0,0,7
9638,19,1,0,2
9639,25,0,0,4
9640,37,0,0,9
9641,36,0,0,6
9642,34,1,0,8
9643,20,0,0,7
9644,20,0,1,3
9645,66,0,0,1
9646,40,0,1,8
9647,57,1,0,4
9648,38,0,0,8
9649,52,0,0,2
9650,37,1,0,5
9651,30,0,0,1
9652,49,0,0,8
9653,65,0,1,4
9654,33,1,1,8
9655,28,0,0,3
9656,64,0,0,2
9657,29,1,0,5
9658,23,1,1,3
9659,55,0,0,9
9660,66,0,0,1
9661,40,1,0,8
9662,65,0,0,3
9663,26,1,0,4
9664,43,1,1,5
9665,56,1,0,5
9666,39,0,0,1
9667,57,0,0,9
9668,66,1,0,6
9669,66,1,0,5
9670,28,1,0,1
9671,31,1,1,2
9672,19,1,0,2
9673,27,1,0,2
9674,50,1,0,3
9675,35,1,0,9
9676,35,1,0,2
9677,23,0,0,8
9678,25,0,0,2
9679,56,1,0,7
9680,36,1,1,9
9681,40,1,0,1
9682,25,0,0,6
9683,26,0,0,6
9684,35,0,1,9
9685,66,0,0,6
9686,34,0,0,6
9687,61,0,0,9
9688,39,0,0,6
9689,69,0,0,9
9690,50,1,1,4
9691,40,0,0,9
9692,49,1,0,7
9693,65,1,1,6
9694,41,0,0,8
9695,69,1,1,4
9696,25,0,1,5
9697,65,0,0,7
9698,42,1,0,7
9699,29,0,1,7
9700,44,0,0,3
9701,27,0,1,4
9702,53,0,0,6
9703,67,1,0,8
9704,18,1,0,9
9705,66,1,1,3
9706,30,0,1,5
9707,33,1,0,7
9708,58,0,0,3
9709,62,0,1,6
9710,39,0,0,4
9711,22,1,1,5
9712,69,1,0,9
9713,65,0,0,2
9714,19,1,1,2
9715,57,1,0,4
9716,52,0,1,4
9717,51,0,0,7
9718,62,0,1,4
9719,25,0,0,7
9720,69,0,0,9
9721,56,0,0,6
9722,62,1,1,4
9723,35,1,0,3
9724,21,1,0,9
9725,42,1,0,5
9726,40,1,0,4
9727,31,1,0,5
9728,43,1,0,1
9729,34,0,0,6
9730,20,1,0,8
9731,47,0,1,6
9732,28,1,0,9
9733,68,1,0,7
9734,41,0,0,9
9735,59,1,0,2
9736,45,0,1,3
9737,42,1,0,3
9738,67,1,1,1
9739,65,1,0,9
9740,46,0,0,9
9741,62,0,0,6
9742,23,1,0,7
9743,38,1,0,4
9744,60,0,0,4
9745,47,0,0,2
9746,55,0,0,4
9747,41,0,1,4
9748,54,0,1,8
9749,49,1,0,8
9750,22,0,0,1
9751,49,1,0,7
9752,32,1,1,9
9753,29,1,0,5
9754,21,0,0,3
9755,44,0,0,9
9756,63,1,0,8
9757,44,0,0,7
9758,30,1,0,5
9759,54,0,0,8
9760,52,0,1,3
9761,69,0,0,5
9762,41,0,0,2
9763,38,0,0,6
9764,52,1,0,5
9765,35,0,1,7
9766,18,1,0,3
9767,69,0,0,7
9768,38,0,0,1
9769,52,1,0,9
9770,50,0,1,9
9771,23,1,0,4
9772,37,0,0,4
9773,34,0,0,9
9774,21,1,1,5
9775,18,1,1,6
9776,65,1,0,9
9777,31,0,0,6
9778,18,0,0,6
9779,40,0,1,1
9780,29,0,0,1
9781,36,0,1,6
9782,31,0,0,5
9783,38,1,0,7
9784,64,0,0,8
9785,68,1,1,4
9786,59,0,1,2
9787,29,0,0,7
9788,52,0,1,4
9789,66,0,0,5
9790,52,1,0,6
9791,63,0,1,7
9792,59,1,0,2
9793,18,0,1,6
9794,20,0,0,2
9795,38,0,0,5
9796,64,0,0,1
9797,52,0,0,9
9798,53,0,0,5
9799,38,0,0,5
9800,65,1,0,2
9801,19,1,0,4
9802,69,1,0,3
9803,64,1,0,8
9804,44,0,0,4
9805,42,0,1,4
9806,58,0,1,7
9807,66,0,1,4
9808,22,1,0,8
9809,55,0,1,7
9810,66,1,0,7
9811,45,1,1,5
9812,41,0,0,6
9813,38,1,0,4
9814,68,1,0,1
9815,30,1,1,9
9816,34,0,0,9
9817,54,1,1,9
9818,56,0,0,3
9819,20,1,1,1
9820,30,0,1,3
9821,52,1,0,3
9822,27,0,0,1
9823,65,1,0,7
9824,33,1,0,1
9825,43,1,0,5
9826,32,1,0,7
9827,63,0,0,8
9828,68,1,1,3
9829,30,1,0,1
9830,57,0,0,3
9831,44,1,1,1
9832,27,0,1,7
9833,64,1,0,5
9834,53,1,1,6
9835,53,0,1,7
9836,52,0,0,1
9837,37,1,1,8
9838,34,0,0,4
9839,50,1,0,2
9840,54,0,0,7
9841,27,1,1,2
9842,20,1,0,2
9843,44,1,1,9
9844,56,0,0,6
9845,43,1,0,3
9846,39,0,1,6
9847,32,1,1,8
9848,49,1,1,8
9849,30,0,0,4
9850,27,0,0,5
9851,25,0,0,3
9852,24,0,0,8
9853,31,1,0,2
9854,48,0,0,9
9855,54,0,0,8
9856,43,1,0,4
9857,27,1,0,7
9858,59,1,0,9
9859,42,1,0,4
9860,42,1,0,1
9861,25,1,1,6
9862,37,1,0,4
9863,59,1,1,6
9864,64,1,0,5
9865,21,1,0,6
9866,40,1,1,6
9867,31,1,0,3
9868,65,0,0,2
9869,30,1,1,4
9870,28,1,0,6
9871,42,1,0,2
9872,32,1,1,2
9873,31,0,0,6
9874,38,0,0,9
9875,19,1,1,4
9876,66,0,0,1
9877,25,0,1,9
9878,30,0,0,5
9879,18,1,0,6
9880,44,0,1,3
9881,29,0,0,6
9882,57,0,0,3
9883,25,1,0,4
9884,24,1,0,4
9885,25,1,1,1
9886,25,1,0,6
9887,47,0,0,5
9888,65,0,0,5
9889,50,1,1,3
9890,21,0,1,7
9891,63,0,0,1
9892,59,1,0,8
9893,68,0,0,9
9894,59,1,0,4
9895,28,1,0,4
9896,20,1,0,6
9897,41,1,0,8
9898,47,1,0,7
9899,63,1,0,6
9900,38,0,0,8
9901,45,1,1,9
9902,23,1,1,3
9903,26,1,1,3
9904,20,1,1,4
9905,58,1,1,7
9906,60,1,0,7
9907,59,0,0,9
9908,56,0,0,8
9909,44,1,1,4
9910,35,1,1,2
9911,44,0,0,6
9912,57,0,0,2
9913,22,0,0,2
9914,36,0,1,4
9915,22,0,0,6
9916,37,1,1,5
9917,68,1,0,3
9918,21,0,1,9
9919,42,1,0,2
9920,24,1,0,9
9921,31,1,0,4
9922,31,1,0,5
9923,55,0,1,4
9924,52,0,1,4
9925,48,1,1,6
9926,58,0,0,8
9927,23,0,0,6
9928,67,0,1,7
9929,45,1,0,7
9930,19,1,0,4
9931,27,1,1,8
9932,43,0,1,2
9933,30,1,0,5
9934,67,0,0,3
9935,39,1,0,7
9936,30,1,1,6
9937,69,1,0,3
9938,37,0,1,8
9939,51,0,1,1
9940,37,0,0,9
9941,50,1,0,5
9942,67,0,0,2
9943,45,0,1,1
9944,29,1,1,2
9945,43,1,0,1
9946,49,0,0,1
9947,37,0,1,9
9948,21,1,1,7
9949,24,1,0,6
9950,56,1,0,8
9951,62,0,1,2
9952,64,0,1,5
9953,46,0,0,8
9954,20,0,1,7
9955,39,0,1,4
9956,67,1,0,2
9957,62,0,0,7
9958,26,1,1,9
9959,29,1,0,5
9960,50,0,0,7
9961,26,0,0,3
9962,39,1,1,9
9963,19,0,1,7
9964,41,0,0,1
9965,62,1,0,4
9966,29,1,0,2
9967,36,0,0,5
9968,57,1,1,3
9969,45,1,0,7
9970,51,0,0,9
9971,24,0,0,1
9972,57,0,0,1
9973,26,0,0,7
9974,50,1,0,2
9975,68,1,0,7
9976,40,0,1,4
9977,41,0,0,2
9978,23,1,1,9
9979,68,1,0,9
9980,69,1,1,2
9981,37,1,1,9
9982,67,0,1,9
9983,57,1,1,5
9984,51,1,0,7
9985,58,0,0,5
9986,60,1,1,5
9987,23,1,0,6
9988,42,0,1,5
9989,28,1,1,7
9990,55,1,1,4
9991,21,0,0,7
9992,23,1,0,2
9993,49,1,0,9
9994,55,0,0,4
9995,25,0,0,4
9996,47,0,0,6
9997,52,0,0,3
9998,24,1,0,6
9999,66,0,0,8
10000,43,0,0,1
