movieId,title,genres,budget,runtime,release_year,is_sequel,avg_critic_score,director_id,production_cost,has_subtitles,genre_Action,genre_Adventure,genre_Animation,genre_Children,genre_Comedy,genre_Crime,genre_Documentary,genre_Drama,genre_Fantasy,genre_Horror,genre_Sci-Fi,genre_Thriller
1,Movie 1 (2024),Adventure|Action,196000000,152,2012,0,7.1,307,2520000,1,1,1,0,0,0,0,0,0,0,0,0,0
2,Movie 2 (2024),Action|Sci-Fi|Drama,81000000,99,1994,0,7.6,436,3550000,1,1,0,0,0,0,0,0,1,0,0,1,0
3,Movie 3 (2024),Documentary,146000000,173,2004,0,5.6,325,4200000,0,0,0,0,0,0,0,1,0,0,0,0,0
4,Movie 4 (2024),Thriller|Crime,124000000,80,2011,0,6.8,452,4150000,0,0,0,0,0,0,1,0,0,0,0,0,1
5,Movie 5 (2024),Horror|Sci-Fi,146000000,148,2010,0,2.2,192,4990000,0,0,0,0,0,0,0,0,0,0,1,1,0
6,Movie 6 (2024),Sci-Fi,173000000,121,2008,0,9.8,98,2610000,1,0,0,0,0,0,0,0,0,0,0,1,0
7,Movie 7 (2024),Action|Animation|Thriller,35000000,107,2007,1,2.6,35,4820000,1,1,0,1,0,0,0,0,0,0,0,0,1
8,Movie 8 (2024),Fantasy,104000000,149,1990,0,8.8,11,930000,1,0,0,0,0,0,0,0,0,1,0,0,0
9,Movie 9 (2024),Drama,99000000,103,2004,0,7.2,425,730000,0,0,0,0,0,0,0,0,1,0,0,0,0
10,Movie 10 (2024),Sci-Fi|Documentary|Action,99000000,171,2001,0,5.6,305,1940000,1,1,0,0,0,0,0,1,0,0,0,1,0
11,Movie 11 (2024),Sci-Fi,120000000,135,2015,0,9.5,15,3040000,1,0,0,0,0,0,0,0,0,0,0,1,0
12,Movie 12 (2024),Comedy|Animation,139000000,134,1996,0,9.4,61,1570000,0,0,0,1,0,1,0,0,0,0,0,0,0
13,Movie 13 (2024),Action|Comedy|Documentary,98000000,94,2003,0,7.7,99,4840000,0,1,0,0,0,1,0,1,0,0,0,0,0
14,Movie 14 (2024),Adventure|Horror|Drama,130000000,154,2017,0,6.1,15,2210000,0,0,1,0,0,0,0,0,1,0,1,0,0
15,Movie 15 (2024),Crime|Drama|Thriller,10000000,151,1990,0,3.2,229,4530000,1,0,0,0,0,0,1,0,1,0,0,0,1
16,Movie 16 (2024),Children|Animation|Drama,137000000,179,2008,0,4.5,222,1860000,1,0,0,1,1,0,0,0,1,0,0,0,0
17,Movie 17 (2024),Adventure|Children,116000000,158,2018,0,5.0,23,1600000,1,0,1,0,1,0,0,0,0,0,0,0,0
18,Movie 18 (2024),Animation,7000000,136,2014,1,7.6,340,2110000,1,0,0,1,0,0,0,0,0,0,0,0,0
19,Movie 19 (2024),Drama|Fantasy|Animation,172000000,98,2000,1,5.3,452,3730000,0,0,0,1,0,0,0,0,1,1,0,0,0
20,Movie 20 (2024),Animation,11000000,168,2005,0,6.3,353,4390000,1,0,0,1,0,0,0,0,0,0,0,0,0
21,Movie 21 (2024),Documentary,11000000,161,2000,0,8.5,446,2510000,0,0,0,0,0,0,0,1,0,0,0,0,0
22,Movie 22 (2024),Crime|Animation|Documentary,1000000,114,1994,1,6.0,339,900000,0,0,0,1,0,0,1,1,0,0,0,0,0
23,Movie 23 (2024),Crime|Fantasy|Documentary,188000000,131,1990,0,4.4,407,3040000,0,0,0,0,0,0,1,1,0,1,0,0,0
24,Movie 24 (2024),Action|Horror,49000000,82,1992,0,5.8,285,3960000,1,1,0,0,0,0,0,0,0,0,1,0,0
25,Movie 25 (2024),Horror,98000000,155,2023,0,7.0,224,3360000,1,0,0,0,0,0,0,0,0,0,1,0,0
26,Movie 26 (2024),Fantasy|Horror|Drama,126000000,109,2014,0,8.5,288,4850000,0,0,0,0,0,0,0,0,1,1,1,0,0
27,Movie 27 (2024),Documentary|Sci-Fi,70000000,113,2000,0,6.4,372,960000,1,0,0,0,0,0,0,1,0,0,0,1,0
28,Movie 28 (2024),Animation|Thriller,30000000,176,1999,0,3.3,51,2540000,1,0,0,1,0,0,0,0,0,0,0,0,1
29,Movie 29 (2024),Adventure,116000000,118,1997,0,3.7,393,3950000,0,0,1,0,0,0,0,0,0,0,0,0,0
30,Movie 30 (2024),Comedy|Sci-Fi|Crime,171000000,148,2022,1,2.2,480,4500000,0,0,0,0,0,1,1,0,0,0,0,1,0
31,Movie 31 (2024),Animation,188000000,157,2016,0,3.1,167,4950000,1,0,0,1,0,0,0,0,0,0,0,0,0
32,Movie 32 (2024),Adventure|Horror|Fantasy,182000000,128,1998,0,7.7,1,760000,1,0,1,0,0,0,0,0,0,1,1,0,0
33,Movie 33 (2024),Adventure|Sci-Fi,27000000,142,2023,0,5.4,297,1060000,0,0,1,0,0,0,0,0,0,0,0,1,0
34,Movie 34 (2024),Crime,133000000,140,2000,1,2.5,374,2190000,1,0,0,0,0,0,1,0,0,0,0,0,0
35,Movie 35 (2024),Crime,115000000,105,2019,1,9.7,207,640000,0,0,0,0,0,0,1,0,0,0,0,0,0
36,Movie 36 (2024),Crime,61000000,117,2014,0,3.8,308,4830000,0,0,0,0,0,0,1,0,0,0,0,0,0
37,Movie 37 (2024),Thriller,138000000,178,2020,0,4.4,148,1210000,1,0,0,0,0,0,0,0,0,0,0,0,1
38,Movie 38 (2024),Children,80000000,106,1991,0,5.7,359,2370000,0,0,0,0,1,0,0,0,0,0,0,0,0
39,Movie 39 (2024),Fantasy|Thriller|Crime,166000000,92,1997,0,6.4,203,570000,1,0,0,0,0,0,1,0,0,1,0,0,1
40,Movie 40 (2024),Sci-Fi|Adventure|Fantasy,190000000,178,2002,0,2.2,310,2190000,0,0,1,0,0,0,0,0,0,1,0,1,0
41,Movie 41 (2024),Comedy|Sci-Fi,134000000,134,1994,0,9.3,243,2200000,1,0,0,0,0,1,0,0,0,0,0,1,0
42,Movie 42 (2024),Comedy|Action,89000000,127,1999,0,2.1,468,2350000,1,1,0,0,0,1,0,0,0,0,0,0,0
43,Movie 43 (2024),Fantasy|Crime|Sci-Fi,34000000,136,2020,0,7.5,36,1020000,1,0,0,0,0,0,1,0,0,1,0,1,0
44,Movie 44 (2024),Horror,160000000,120,2002,0,5.1,28,4780000,1,0,0,0,0,0,0,0,0,0,1,0,0
45,Movie 45 (2024),Adventure|Children|Thriller,196000000,177,2007,0,8.3,322,2410000,0,0,1,0,1,0,0,0,0,0,0,0,1
46,Movie 46 (2024),Crime,8000000,179,1993,0,3.0,445,1640000,0,0,0,0,0,0,1,0,0,0,0,0,0
47,Movie 47 (2024),Thriller,63000000,126,1995,1,3.0,292,1530000,1,0,0,0,0,0,0,0,0,0,0,0,1
48,Movie 48 (2024),Comedy|Fantasy|Drama,108000000,127,2006,1,6.1,493,2570000,0,0,0,0,0,1,0,0,1,1,0,0,0
49,Movie 49 (2024),Fantasy|Animation,67000000,168,1999,0,6.3,197,1640000,1,0,0,1,0,0,0,0,0,1,0,0,0
50,Movie 50 (2024),Crime,17000000,124,1990,1,4.3,273,3530000,0,0,0,0,0,0,1,0,0,0,0,0,0
51,Movie 51 (2024),Adventure|Action,45000000,172,2003,0,3.4,318,1120000,1,1,1,0,0,0,0,0,0,0,0,0,0
52,Movie 52 (2024),Documentary|Fantasy|Adventure,165000000,169,2021,0,5.4,340,3230000,1,0,1,0,0,0,0,1,0,1,0,0,0
53,Movie 53 (2024),Horror|Adventure,38000000,175,2022,0,7.5,177,4410000,0,0,1,0,0,0,0,0,0,0,1,0,0
54,Movie 54 (2024),Sci-Fi,61000000,154,2022,0,7.2,287,2160000,1,0,0,0,0,0,0,0,0,0,0,1,0
55,Movie 55 (2024),Children,36000000,130,2000,0,7.3,171,1710000,0,0,0,0,1,0,0,0,0,0,0,0,0
56,Movie 56 (2024),Action,61000000,174,2022,0,7.2,9,1000000,1,1,0,0,0,0,0,0,0,0,0,0,0
57,Movie 57 (2024),Thriller|Children,78000000,102,2000,1,2.5,391,4090000,1,0,0,0,1,0,0,0,0,0,0,0,1
58,Movie 58 (2024),Animation,16000000,150,1994,0,3.6,68,4190000,0,0,0,1,0,0,0,0,0,0,0,0,0
59,Movie 59 (2024),Animation|Action,69000000,90,2006,1,3.9,383,1080000,1,1,0,1,0,0,0,0,0,0,0,0,0
60,Movie 60 (2024),Crime|Documentary,69000000,120,2022,0,4.8,193,1170000,1,0,0,0,0,0,1,1,0,0,0,0,0
61,Movie 61 (2024),Children|Documentary|Animation,183000000,154,2023,0,7.4,329,2060000,1,0,0,1,1,0,0,1,0,0,0,0,0
62,Movie 62 (2024),Children,164000000,93,2002,0,6.2,276,2170000,0,0,0,0,1,0,0,0,0,0,0,0,0
63,Movie 63 (2024),Adventure|Children,181000000,129,1991,0,7.9,253,840000,1,0,1,0,1,0,0,0,0,0,0,0,0
64,Movie 64 (2024),Action|Documentary|Crime,73000000,115,2023,0,4.9,201,910000,1,1,0,0,0,0,1,1,0,0,0,0,0
65,Movie 65 (2024),Fantasy|Drama|Children,142000000,114,1994,1,8.0,73,2650000,0,0,0,0,1,0,0,0,1,1,0,0,0
66,Movie 66 (2024),Sci-Fi|Fantasy,149000000,175,2019,1,4.2,199,520000,0,0,0,0,0,0,0,0,0,1,0,1,0
67,Movie 67 (2024),Fantasy|Thriller,16000000,141,2024,0,8.6,449,900000,0,0,0,0,0,0,0,0,0,1,0,0,1
68,Movie 68 (2024),Action,156000000,156,2020,0,3.1,152,2420000,0,1,0,0,0,0,0,0,0,0,0,0,0
69,Movie 69 (2024),Thriller,125000000,123,1994,0,3.4,79,740000,1,0,0,0,0,0,0,0,0,0,0,0,1
70,Movie 70 (2024),Action,140000000,120,2023,1,6.4,89,2980000,1,1,0,0,0,0,0,0,0,0,0,0,0
71,Movie 71 (2024),Sci-Fi,30000000,140,2015,0,3.4,120,620000,1,0,0,0,0,0,0,0,0,0,0,1,0
72,Movie 72 (2024),Crime|Thriller,87000000,138,2006,0,3.0,240,1190000,1,0,0,0,0,0,1,0,0,0,0,0,1
73,Movie 73 (2024),Adventure|Documentary,169000000,117,2023,0,8.0,171,2000000,0,0,1,0,0,0,0,1,0,0,0,0,0
74,Movie 74 (2024),Documentary,83000000,104,2002,0,4.4,313,4670000,0,0,0,0,0,0,0,1,0,0,0,0,0
75,Movie 75 (2024),Documentary|Fantasy|Action,4000000,156,2000,0,7.9,385,3790000,0,1,0,0,0,0,0,1,0,1,0,0,0
76,Movie 76 (2024),Documentary,79000000,93,2024,0,4.8,144,590000,1,0,0,0,0,0,0,1,0,0,0,0,0
77,Movie 77 (2024),Action,171000000,108,2019,1,3.8,194,2120000,1,1,0,0,0,0,0,0,0,0,0,0,0
78,Movie 78 (2024),Fantasy,131000000,110,2003,0,3.8,427,570000,0,0,0,0,0,0,0,0,0,1,0,0,0
79,Movie 79 (2024),Action,164000000,134,2021,0,9.2,413,1850000,1,1,0,0,0,0,0,0,0,0,0,0,0
80,Movie 80 (2024),Fantasy|Children,176000000,120,2018,0,5.8,479,3350000,1,0,0,0,1,0,0,0,0,1,0,0,0
81,Movie 81 (2024),Drama|Animation,32000000,141,2019,0,7.4,82,4330000,1,0,0,1,0,0,0,0,1,0,0,0,0
82,Movie 82 (2024),Action|Children|Animation,117000000,91,2000,1,8.2,67,3710000,0,1,0,1,1,0,0,0,0,0,0,0,0
83,Movie 83 (2024),Adventure|Action,192000000,92,1996,0,6.5,187,530000,1,1,1,0,0,0,0,0,0,0,0,0,0
84,Movie 84 (2024),Adventure|Drama,26000000,126,2007,1,8.6,313,2460000,1,0,1,0,0,0,0,0,1,0,0,0,0
85,Movie 85 (2024),Children|Action,182000000,134,2006,1,3.1,2,1990000,0,1,0,0,1,0,0,0,0,0,0,0,0
86,Movie 86 (2024),Thriller,194000000,111,2000,0,9.2,158,520000,1,0,0,0,0,0,0,0,0,0,0,0,1
87,Movie 87 (2024),Thriller|Adventure|Fantasy,7000000,170,2002,0,4.3,328,4940000,0,0,1,0,0,0,0,0,0,1,0,0,1
88,Movie 88 (2024),Fantasy|Horror,49000000,171,2006,0,7.8,477,4750000,0,0,0,0,0,0,0,0,0,1,1,0,0
89,Movie 89 (2024),Children,160000000,100,2007,1,6.0,343,4750000,0,0,0,0,1,0,0,0,0,0,0,0,0
90,Movie 90 (2024),Comedy,147000000,174,2014,1,9.8,22,2640000,0,0,0,0,0,1,0,0,0,0,0,0,0
91,Movie 91 (2024),Children|Fantasy|Horror,185000000,151,2023,0,7.8,200,4000000,1,0,0,0,1,0,0,0,0,1,1,0,0
92,Movie 92 (2024),Animation|Comedy,120000000,177,2021,0,7.8,273,4570000,0,0,0,1,0,1,0,0,0,0,0,0,0
93,Movie 93 (2024),Crime|Fantasy,166000000,85,1991,0,9.0,220,4850000,1,0,0,0,0,0,1,0,0,1,0,0,0
94,Movie 94 (2024),Horror|Comedy|Crime,166000000,97,2024,0,3.5,269,1040000,1,0,0,0,0,1,1,0,0,0,1,0,0
95,Movie 95 (2024),Animation|Sci-Fi,83000000,137,2012,0,7.2,167,1300000,1,0,0,1,0,0,0,0,0,0,0,1,0
96,Movie 96 (2024),Thriller,70000000,110,2009,0,6.5,24,4910000,1,0,0,0,0,0,0,0,0,0,0,0,1
97,Movie 97 (2024),Drama|Crime|Animation,82000000,119,2022,0,9.0,460,3500000,0,0,0,1,0,0,1,0,1,0,0,0,0
98,Movie 98 (2024),Adventure,69000000,163,2003,1,9.6,267,3650000,0,0,1,0,0,0,0,0,0,0,0,0,0
99,Movie 99 (2024),Action|Documentary|Thriller,152000000,112,1994,0,3.5,160,500000,1,1,0,0,0,0,0,1,0,0,0,0,1
100,Movie 100 (2024),Documentary|Comedy|Crime,148000000,101,2019,0,4.9,438,4890000,1,0,0,0,0,1,1,1,0,0,0,0,0
101,Movie 101 (2024),Comedy,40000000,154,2011,1,9.0,250,2000000,1,0,0,0,0,1,0,0,0,0,0,0,0
102,Movie 102 (2024),Drama|Action,85000000,149,2011,1,3.0,400,790000,1,1,0,0,0,0,0,0,1,0,0,0,0
103,Movie 103 (2024),Thriller,53000000,110,2000,0,6.0,14,2800000,0,0,0,0,0,0,0,0,0,0,0,0,1
104,Movie 104 (2024),Documentary|Action,145000000,101,2024,1,6.5,233,2000000,1,1,0,0,0,0,0,1,0,0,0,0,0
105,Movie 105 (2024),Horror|Children,183000000,131,2018,0,8.4,28,1390000,1,0,0,0,1,0,0,0,0,0,1,0,0
106,Movie 106 (2024),Sci-Fi|Drama|Children,195000000,98,2023,1,6.1,112,850000,0,0,0,0,1,0,0,0,1,0,0,1,0
107,Movie 107 (2024),Thriller,20000000,174,2008,1,3.5,211,3240000,0,0,0,0,0,0,0,0,0,0,0,0,1
108,Movie 108 (2024),Adventure|Fantasy,16000000,108,1994,1,4.8,78,4020000,0,0,1,0,0,0,0,0,0,1,0,0,0
109,Movie 109 (2024),Crime|Sci-Fi,57000000,178,2021,1,9.9,16,2510000,1,0,0,0,0,0,1,0,0,0,0,1,0
110,Movie 110 (2024),Crime|Documentary,146000000,172,2004,1,6.8,378,1490000,0,0,0,0,0,0,1,1,0,0,0,0,0
111,Movie 111 (2024),Animation|Sci-Fi,55000000,149,2012,0,3.9,133,4400000,0,0,0,1,0,0,0,0,0,0,0,1,0
112,Movie 112 (2024),Documentary|Children,11000000,166,2002,0,7.1,111,3770000,0,0,0,0,1,0,0,1,0,0,0,0,0
113,Movie 113 (2024),Documentary|Children,18000000,178,1995,0,5.0,149,1840000,1,0,0,0,1,0,0,1,0,0,0,0,0
114,Movie 114 (2024),Comedy|Adventure|Crime,14000000,118,2004,0,8.6,4,2070000,0,0,1,0,0,1,1,0,0,0,0,0,0
115,Movie 115 (2024),Children,169000000,130,2000,1,3.2,478,4970000,1,0,0,0,1,0,0,0,0,0,0,0,0
116,Movie 116 (2024),Documentary|Children,15000000,106,1995,0,5.1,311,3600000,0,0,0,0,1,0,0,1,0,0,0,0,0
117,Movie 117 (2024),Documentary,54000000,88,2003,0,6.7,121,900000,1,0,0,0,0,0,0,1,0,0,0,0,0
118,Movie 118 (2024),Comedy|Crime|Drama,171000000,176,2007,0,9.8,164,3530000,1,0,0,0,0,1,1,0,1,0,0,0,0
119,Movie 119 (2024),Thriller|Documentary|Comedy,140000000,133,1999,0,4.1,110,2040000,0,0,0,0,0,1,0,1,0,0,0,0,1
120,Movie 120 (2024),Children,8000000,157,2016,0,2.5,472,2000000,1,0,0,0,1,0,0,0,0,0,0,0,0
121,Movie 121 (2024),Horror|Children|Adventure,2000000,121,2024,0,7.2,91,4130000,0,0,1,0,1,0,0,0,0,0,1,0,0
122,Movie 122 (2024),Comedy|Documentary|Horror,24000000,175,2003,0,7.8,243,2000000,0,0,0,0,0,1,0,1,0,0,1,0,0
123,Movie 123 (2024),Fantasy,111000000,134,2024,1,3.6,98,4640000,1,0,0,0,0,0,0,0,0,1,0,0,0
124,Movie 124 (2024),Comedy,104000000,81,1995,0,3.8,204,3640000,1,0,0,0,0,1,0,0,0,0,0,0,0
125,Movie 125 (2024),Thriller|Adventure,34000000,160,2018,0,9.1,188,3610000,0,0,1,0,0,0,0,0,0,0,0,0,1
126,Movie 126 (2024),Action,29000000,121,1997,0,8.3,20,2130000,0,1,0,0,0,0,0,0,0,0,0,0,0
127,Movie 127 (2024),Fantasy,190000000,161,1990,0,6.4,254,1500000,1,0,0,0,0,0,0,0,0,1,0,0,0
128,Movie 128 (2024),Documentary|Drama|Thriller,60000000,157,1996,0,6.8,407,4520000,0,0,0,0,0,0,0,1,1,0,0,0,1
129,Movie 129 (2024),Sci-Fi|Thriller,125000000,167,2018,0,5.0,341,4470000,1,0,0,0,0,0,0,0,0,0,0,1,1
130,Movie 130 (2024),Sci-Fi|Horror|Fantasy,159000000,147,2024,0,6.4,467,1460000,1,0,0,0,0,0,0,0,0,1,1,1,0
131,Movie 131 (2024),Crime|Fantasy,181000000,160,2019,0,4.9,350,2550000,0,0,0,0,0,0,1,0,0,1,0,0,0
132,Movie 132 (2024),Horror,145000000,162,2009,0,8.7,49,950000,0,0,0,0,0,0,0,0,0,0,1,0,0
133,Movie 133 (2024),Animation,94000000,97,2021,0,4.4,402,3630000,1,0,0,1,0,0,0,0,0,0,0,0,0
134,Movie 134 (2024),Adventure|Comedy,185000000,131,2011,1,4.5,261,4770000,1,0,1,0,0,1,0,0,0,0,0,0,0
135,Movie 135 (2024),Drama|Horror|Comedy,95000000,106,1996,0,3.3,451,1570000,1,0,0,0,0,1,0,0,1,0,1,0,0
136,Movie 136 (2024),Horror|Drama|Action,3000000,84,2013,0,9.0,64,2760000,1,1,0,0,0,0,0,0,1,0,1,0,0
137,Movie 137 (2024),Action,170000000,163,2012,0,6.6,29,1870000,0,1,0,0,0,0,0,0,0,0,0,0,0
138,Movie 138 (2024),Action|Sci-Fi|Animation,140000000,92,2006,1,5.7,395,4070000,1,1,0,1,0,0,0,0,0,0,0,1,0
139,Movie 139 (2024),Children,25000000,152,1994,0,2.8,432,2880000,1,0,0,0,1,0,0,0,0,0,0,0,0
140,Movie 140 (2024),Children,197000000,113,2020,0,8.8,101,4470000,0,0,0,0,1,0,0,0,0,0,0,0,0
141,Movie 141 (2024),Drama,178000000,110,2016,1,4.6,301,4750000,0,0,0,0,0,0,0,0,1,0,0,0,0
142,Movie 142 (2024),Adventure,130000000,130,1992,0,8.8,347,3950000,0,0,1,0,0,0,0,0,0,0,0,0,0
143,Movie 143 (2024),Adventure|Thriller|Children,102000000,114,1991,0,8.7,185,4570000,0,0,1,0,1,0,0,0,0,0,0,0,1
144,Movie 144 (2024),Crime|Documentary,4000000,116,1999,0,9.7,333,1400000,1,0,0,0,0,0,1,1,0,0,0,0,0
145,Movie 145 (2024),Horror|Thriller,54000000,115,2006,0,6.0,55,970000,0,0,0,0,0,0,0,0,0,0,1,0,1
146,Movie 146 (2024),Drama|Horror|Action,65000000,133,2024,0,4.5,427,2800000,0,1,0,0,0,0,0,0,1,0,1,0,0
147,Movie 147 (2024),Documentary|Comedy,51000000,132,2008,0,8.4,152,1610000,1,0,0,0,0,1,0,1,0,0,0,0,0
148,Movie 148 (2024),Children,49000000,108,2017,0,8.8,248,3050000,0,0,0,0,1,0,0,0,0,0,0,0,0
149,Movie 149 (2024),Children|Horror,111000000,176,2001,0,3.2,76,4620000,0,0,0,0,1,0,0,0,0,0,1,0,0
150,Movie 150 (2024),Fantasy,186000000,108,2004,0,5.1,460,2520000,0,0,0,0,0,0,0,0,0,1,0,0,0
151,Movie 151 (2024),Thriller|Action,25000000,172,2009,0,8.5,208,870000,1,1,0,0,0,0,0,0,0,0,0,0,1
152,Movie 152 (2024),Horror,150000000,121,2022,0,7.9,463,3370000,0,0,0,0,0,0,0,0,0,0,1,0,0
153,Movie 153 (2024),Animation|Thriller,36000000,140,2003,0,6.6,364,3210000,1,0,0,1,0,0,0,0,0,0,0,0,1
154,Movie 154 (2024),Comedy,197000000,143,1998,1,4.9,164,1710000,0,0,0,0,0,1,0,0,0,0,0,0,0
155,Movie 155 (2024),Children|Action|Sci-Fi,74000000,179,2020,0,6.6,72,980000,1,1,0,0,1,0,0,0,0,0,0,1,0
156,Movie 156 (2024),Documentary,154000000,147,2007,0,2.6,225,4920000,1,0,0,0,0,0,0,1,0,0,0,0,0
157,Movie 157 (2024),Horror|Crime|Drama,1000000,167,2010,0,6.2,370,1870000,0,0,0,0,0,0,1,0,1,0,1,0,0
158,Movie 158 (2024),Action|Adventure|Animation,4000000,91,2016,0,7.7,366,960000,0,1,1,1,0,0,0,0,0,0,0,0,0
159,Movie 159 (2024),Children|Drama|Animation,34000000,108,2005,0,3.5,289,4640000,0,0,0,1,1,0,0,0,1,0,0,0,0
160,Movie 160 (2024),Animation,76000000,90,2024,0,8.9,232,3090000,1,0,0,1,0,0,0,0,0,0,0,0,0
161,Movie 161 (2024),Documentary|Animation,156000000,150,2022,0,8.0,283,1590000,0,0,0,1,0,0,0,1,0,0,0,0,0
162,Movie 162 (2024),Horror,155000000,99,1996,0,5.0,93,710000,0,0,0,0,0,0,0,0,0,0,1,0,0
163,Movie 163 (2024),Adventure,114000000,154,2014,0,7.7,107,2110000,1,0,1,0,0,0,0,0,0,0,0,0,0
164,Movie 164 (2024),Sci-Fi|Crime,165000000,142,1990,1,9.0,185,4750000,0,0,0,0,0,0,1,0,0,0,0,1,0
165,Movie 165 (2024),Fantasy|Horror,75000000,123,2019,1,7.7,399,3920000,0,0,0,0,0,0,0,0,0,1,1,0,0
166,Movie 166 (2024),Documentary|Adventure|Fantasy,128000000,139,2023,1,10.0,474,3420000,0,0,1,0,0,0,0,1,0,1,0,0,0
167,Movie 167 (2024),Sci-Fi|Animation|Horror,9000000,175,2017,0,6.4,46,4540000,0,0,0,1,0,0,0,0,0,0,1,1,0
168,Movie 168 (2024),Documentary|Fantasy|Adventure,46000000,99,1996,0,4.8,472,4600000,1,0,1,0,0,0,0,1,0,1,0,0,0
169,Movie 169 (2024),Fantasy|Sci-Fi|Thriller,115000000,128,2007,0,3.8,167,1210000,1,0,0,0,0,0,0,0,0,1,0,1,1
170,Movie 170 (2024),Animation,73000000,162,2008,0,4.8,45,2570000,1,0,0,1,0,0,0,0,0,0,0,0,0
171,Movie 171 (2024),Horror|Comedy,71000000,109,2000,0,3.0,462,880000,1,0,0,0,0,1,0,0,0,0,1,0,0
172,Movie 172 (2024),Documentary|Drama|Thriller,40000000,174,1992,0,6.9,308,4410000,1,0,0,0,0,0,0,1,1,0,0,0,1
173,Movie 173 (2024),Sci-Fi|Action,38000000,97,2004,0,2.4,215,2580000,0,1,0,0,0,0,0,0,0,0,0,1,0
174,Movie 174 (2024),Horror|Children,105000000,142,2005,0,7.5,258,2190000,0,0,0,0,1,0,0,0,0,0,1,0,0
175,Movie 175 (2024),Comedy|Sci-Fi,40000000,125,1993,1,2.6,155,1180000,1,0,0,0,0,1,0,0,0,0,0,1,0
176,Movie 176 (2024),Documentary|Sci-Fi|Adventure,60000000,137,1997,1,4.5,151,4900000,0,0,1,0,0,0,0,1,0,0,0,1,0
177,Movie 177 (2024),Horror|Adventure|Thriller,43000000,127,2024,0,9.1,380,4500000,1,0,1,0,0,0,0,0,0,0,1,0,1
178,Movie 178 (2024),Comedy,125000000,105,1998,1,9.8,482,3800000,1,0,0,0,0,1,0,0,0,0,0,0,0
179,Movie 179 (2024),Animation,131000000,139,2007,1,9.4,99,2000000,1,0,0,1,0,0,0,0,0,0,0,0,0
180,Movie 180 (2024),Children|Sci-Fi,144000000,100,1990,0,2.2,373,2700000,1,0,0,0,1,0,0,0,0,0,0,1,0
181,Movie 181 (2024),Thriller|Crime,30000000,179,2022,0,7.6,210,2080000,1,0,0,0,0,0,1,0,0,0,0,0,1
182,Movie 182 (2024),Horror|Fantasy|Children,98000000,132,2012,0,5.1,130,2590000,0,0,0,0,1,0,0,0,0,1,1,0,0
183,Movie 183 (2024),Documentary|Fantasy|Children,167000000,138,2014,0,3.1,499,1780000,1,0,0,0,1,0,0,1,0,1,0,0,0
184,Movie 184 (2024),Drama|Crime,99000000,136,2021,0,8.4,302,1600000,0,0,0,0,0,0,1,0,1,0,0,0,0
185,Movie 185 (2024),Horror|Animation|Fantasy,153000000,98,2017,0,5.6,496,2500000,1,0,0,1,0,0,0,0,0,1,1,0,0
186,Movie 186 (2024),Animation,36000000,164,2000,0,8.2,443,800000,0,0,0,1,0,0,0,0,0,0,0,0,0
187,Movie 187 (2024),Documentary|Horror,4000000,96,1996,1,3.2,92,1860000,1,0,0,0,0,0,0,1,0,0,1,0,0
188,Movie 188 (2024),Horror,98000000,134,2007,0,9.5,264,2890000,1,0,0,0,0,0,0,0,0,0,1,0,0
189,Movie 189 (2024),Documentary|Animation,148000000,98,2020,0,9.2,78,630000,0,0,0,1,0,0,0,1,0,0,0,0,0
190,Movie 190 (2024),Drama|Sci-Fi|Animation,142000000,98,2019,1,6.3,460,4640000,0,0,0,1,0,0,0,0,1,0,0,1,0
191,Movie 191 (2024),Documentary|Crime|Action,10000000,150,1990,0,9.2,218,3570000,0,1,0,0,0,0,1,1,0,0,0,0,0
192,Movie 192 (2024),Documentary,148000000,140,1993,0,3.8,375,1580000,1,0,0,0,0,0,0,1,0,0,0,0,0
193,Movie 193 (2024),Adventure|Animation,158000000,134,2004,0,2.2,50,3800000,0,0,1,1,0,0,0,0,0,0,0,0,0
194,Movie 194 (2024),Thriller|Sci-Fi,187000000,154,1994,0,2.2,335,3190000,0,0,0,0,0,0,0,0,0,0,0,1,1
195,Movie 195 (2024),Horror|Crime|Documentary,109000000,151,1999,0,5.5,408,1890000,0,0,0,0,0,0,1,1,0,0,1,0,0
196,Movie 196 (2024),Action|Animation,126000000,105,1995,0,3.9,159,4810000,0,1,0,1,0,0,0,0,0,0,0,0,0
197,Movie 197 (2024),Thriller,93000000,109,1999,0,6.5,425,3660000,0,0,0,0,0,0,0,0,0,0,0,0,1
198,Movie 198 (2024),Crime,165000000,82,2024,0,7.7,77,1900000,0,0,0,0,0,0,1,0,0,0,0,0,0
199,Movie 199 (2024),Documentary,11000000,94,2014,0,9.9,313,3140000,1,0,0,0,0,0,0,1,0,0,0,0,0
200,Movie 200 (2024),Sci-Fi|Drama|Crime,78000000,177,2009,0,6.9,395,2770000,0,0,0,0,0,0,1,0,1,0,0,1,0
201,Movie 201 (2024),Action|Documentary|Comedy,42000000,128,2001,1,8.8,217,4060000,0,1,0,0,0,1,0,1,0,0,0,0,0
202,Movie 202 (2024),Drama|Comedy|Thriller,1000000,141,1993,0,7.3,488,3470000,1,0,0,0,0,1,0,0,1,0,0,0,1
203,Movie 203 (2024),Fantasy,128000000,109,2016,0,4.9,219,2980000,0,0,0,0,0,0,0,0,0,1,0,0,0
204,Movie 204 (2024),Drama|Adventure|Horror,169000000,115,2010,0,5.1,26,2980000,1,0,1,0,0,0,0,0,1,0,1,0,0
205,Movie 205 (2024),Crime|Documentary,37000000,125,1998,0,4.2,311,1540000,0,0,0,0,0,0,1,1,0,0,0,0,0
206,Movie 206 (2024),Crime,92000000,97,1992,0,2.9,52,1510000,1,0,0,0,0,0,1,0,0,0,0,0,0
207,Movie 207 (2024),Documentary|Action,46000000,112,2017,0,8.1,377,3000000,0,1,0,0,0,0,0,1,0,0,0,0,0
208,Movie 208 (2024),Thriller,157000000,170,2011,1,2.9,344,2620000,0,0,0,0,0,0,0,0,0,0,0,0,1
209,Movie 209 (2024),Children,110000000,168,2006,0,7.7,455,1820000,1,0,0,0,1,0,0,0,0,0,0,0,0
210,Movie 210 (2024),Fantasy|Children|Documentary,27000000,95,2008,0,2.8,260,1430000,0,0,0,0,1,0,0,1,0,1,0,0,0
211,Movie 211 (2024),Crime,96000000,102,2015,1,5.8,297,2540000,0,0,0,0,0,0,1,0,0,0,0,0,0
212,Movie 212 (2024),Drama|Crime,74000000,178,2007,1,4.9,48,1030000,1,0,0,0,0,0,1,0,1,0,0,0,0
213,Movie 213 (2024),Animation|Comedy|Horror,7000000,172,1998,0,2.1,23,2220000,0,0,0,1,0,1,0,0,0,0,1,0,0
214,Movie 214 (2024),Documentary,30000000,166,1999,0,8.3,228,4820000,0,0,0,0,0,0,0,1,0,0,0,0,0
215,Movie 215 (2024),Action|Adventure,137000000,132,2010,0,7.6,204,2630000,0,1,1,0,0,0,0,0,0,0,0,0,0
216,Movie 216 (2024),Comedy,68000000,137,2009,1,4.1,360,3050000,1,0,0,0,0,1,0,0,0,0,0,0,0
217,Movie 217 (2024),Children,149000000,107,1995,0,5.4,376,1240000,0,0,0,0,1,0,0,0,0,0,0,0,0
218,Movie 218 (2024),Documentary,148000000,89,2017,0,9.1,436,4250000,1,0,0,0,0,0,0,1,0,0,0,0,0
219,Movie 219 (2024),Action|Horror|Documentary,116000000,148,2022,0,7.0,489,4490000,0,1,0,0,0,0,0,1,0,0,1,0,0
220,Movie 220 (2024),Crime|Drama|Adventure,156000000,156,2011,0,7.5,495,2390000,1,0,1,0,0,0,1,0,1,0,0,0,0
221,Movie 221 (2024),Thriller,17000000,152,2010,0,3.4,429,1520000,1,0,0,0,0,0,0,0,0,0,0,0,1
222,Movie 222 (2024),Animation,174000000,122,2010,0,7.9,86,560000,1,0,0,1,0,0,0,0,0,0,0,0,0
223,Movie 223 (2024),Fantasy|Horror,16000000,165,1997,0,7.1,307,4550000,0,0,0,0,0,0,0,0,0,1,1,0,0
224,Movie 224 (2024),Fantasy|Documentary,58000000,120,2005,0,7.7,273,570000,1,0,0,0,0,0,0,1,0,1,0,0,0
225,Movie 225 (2024),Animation,43000000,154,2014,0,7.9,225,1250000,0,0,0,1,0,0,0,0,0,0,0,0,0
226,Movie 226 (2024),Documentary,139000000,170,2012,0,4.8,332,4010000,0,0,0,0,0,0,0,1,0,0,0,0,0
227,Movie 227 (2024),Adventure|Drama|Thriller,172000000,117,2019,0,9.4,9,1730000,1,0,1,0,0,0,0,0,1,0,0,0,1
228,Movie 228 (2024),Fantasy|Action,22000000,136,2010,1,3.1,420,4980000,0,1,0,0,0,0,0,0,0,1,0,0,0
229,Movie 229 (2024),Horror,181000000,172,2012,0,7.8,272,4650000,1,0,0,0,0,0,0,0,0,0,1,0,0
230,Movie 230 (2024),Documentary,27000000,81,1995,1,4.0,400,760000,1,0,0,0,0,0,0,1,0,0,0,0,0
231,Movie 231 (2024),Horror|Drama|Documentary,26000000,138,1998,0,2.2,350,2690000,0,0,0,0,0,0,0,1,1,0,1,0,0
232,Movie 232 (2024),Crime|Comedy,32000000,87,2010,1,5.7,217,920000,1,0,0,0,0,1,1,0,0,0,0,0,0
233,Movie 233 (2024),Drama,83000000,123,2021,0,3.2,214,810000,0,0,0,0,0,0,0,0,1,0,0,0,0
234,Movie 234 (2024),Action,199000000,109,1991,0,4.7,294,2200000,1,1,0,0,0,0,0,0,0,0,0,0,0
235,Movie 235 (2024),Children|Crime|Thriller,151000000,116,2010,0,7.0,51,1240000,0,0,0,0,1,0,1,0,0,0,0,0,1
236,Movie 236 (2024),Crime|Fantasy,19000000,174,2017,1,8.7,153,4860000,0,0,0,0,0,0,1,0,0,1,0,0,0
237,Movie 237 (2024),Fantasy|Adventure|Action,6000000,119,1993,0,9.1,156,4470000,1,1,1,0,0,0,0,0,0,1,0,0,0
238,Movie 238 (2024),Comedy|Documentary,64000000,177,2002,0,4.3,322,4130000,0,0,0,0,0,1,0,1,0,0,0,0,0
239,Movie 239 (2024),Sci-Fi|Children,105000000,154,2004,0,2.2,43,4840000,0,0,0,0,1,0,0,0,0,0,0,1,0
240,Movie 240 (2024),Adventure,124000000,117,2014,1,7.4,63,2100000,0,0,1,0,0,0,0,0,0,0,0,0,0
241,Movie 241 (2024),Thriller,8000000,117,1997,0,9.8,295,4260000,1,0,0,0,0,0,0,0,0,0,0,0,1
242,Movie 242 (2024),Action,39000000,127,2002,0,2.8,451,2190000,0,1,0,0,0,0,0,0,0,0,0,0,0
243,Movie 243 (2024),Thriller|Animation|Comedy,63000000,95,1996,0,7.1,323,3090000,0,0,0,1,0,1,0,0,0,0,0,0,1
244,Movie 244 (2024),Children|Adventure,165000000,163,2017,1,6.4,353,1990000,1,0,1,0,1,0,0,0,0,0,0,0,0
245,Movie 245 (2024),Animation,87000000,149,2024,0,5.5,70,1870000,1,0,0,1,0,0,0,0,0,0,0,0,0
246,Movie 246 (2024),Animation,25000000,128,2016,0,2.4,272,2290000,0,0,0,1,0,0,0,0,0,0,0,0,0
247,Movie 247 (2024),Thriller,81000000,140,2022,0,3.0,68,880000,0,0,0,0,0,0,0,0,0,0,0,0,1
248,Movie 248 (2024),Action|Sci-Fi,198000000,98,2012,0,5.8,191,2660000,0,1,0,0,0,0,0,0,0,0,0,1,0
249,Movie 249 (2024),Animation|Action|Crime,174000000,165,1995,1,7.4,312,3460000,0,1,0,1,0,0,1,0,0,0,0,0,0
250,Movie 250 (2024),Drama|Action|Fantasy,35000000,165,2010,0,9.9,178,910000,0,1,0,0,0,0,0,0,1,1,0,0,0
251,Movie 251 (2024),Horror|Documentary,197000000,167,1994,0,5.1,373,3310000,0,0,0,0,0,0,0,1,0,0,1,0,0
252,Movie 252 (2024),Horror,72000000,100,1999,0,6.6,466,2810000,1,0,0,0,0,0,0,0,0,0,1,0,0
253,Movie 253 (2024),Adventure|Drama,90000000,93,1992,0,4.2,406,4440000,0,0,1,0,0,0,0,0,1,0,0,0,0
254,Movie 254 (2024),Action,146000000,150,1999,1,6.0,160,3080000,1,1,0,0,0,0,0,0,0,0,0,0,0
255,Movie 255 (2024),Drama,53000000,164,2016,0,2.7,249,860000,0,0,0,0,0,0,0,0,1,0,0,0,0
256,Movie 256 (2024),Comedy|Children|Sci-Fi,111000000,99,2022,0,8.1,262,1360000,0,0,0,0,1,1,0,0,0,0,0,1,0
257,Movie 257 (2024),Fantasy|Comedy|Children,37000000,116,2008,0,3.5,286,3290000,0,0,0,0,1,1,0,0,0,1,0,0,0
258,Movie 258 (2024),Documentary|Thriller,81000000,174,2005,0,7.5,274,3440000,1,0,0,0,0,0,0,1,0,0,0,0,1
259,Movie 259 (2024),Documentary|Horror|Fantasy,116000000,92,1999,0,6.6,497,1050000,0,0,0,0,0,0,0,1,0,1,1,0,0
260,Movie 260 (2024),Children|Documentary,91000000,113,2005,0,4.0,80,4060000,0,0,0,0,1,0,0,1,0,0,0,0,0
261,Movie 261 (2024),Animation,29000000,109,2011,0,7.6,198,3640000,1,0,0,1,0,0,0,0,0,0,0,0,0
262,Movie 262 (2024),Animation|Horror|Action,91000000,171,2013,0,2.0,135,980000,1,1,0,1,0,0,0,0,0,0,1,0,0
263,Movie 263 (2024),Sci-Fi,151000000,118,2006,0,5.6,273,1490000,0,0,0,0,0,0,0,0,0,0,0,1,0
264,Movie 264 (2024),Drama|Crime,174000000,81,2008,0,9.3,215,4110000,1,0,0,0,0,0,1,0,1,0,0,0,0
265,Movie 265 (2024),Action,54000000,175,2010,1,2.9,134,4840000,1,1,0,0,0,0,0,0,0,0,0,0,0
266,Movie 266 (2024),Comedy,32000000,94,1998,0,5.7,202,2590000,0,0,0,0,0,1,0,0,0,0,0,0,0
267,Movie 267 (2024),Thriller|Sci-Fi,102000000,93,2003,0,2.1,22,3950000,1,0,0,0,0,0,0,0,0,0,0,1,1
268,Movie 268 (2024),Children|Fantasy,74000000,139,2016,1,5.9,492,3130000,0,0,0,0,1,0,0,0,0,1,0,0,0
269,Movie 269 (2024),Fantasy,69000000,125,2013,0,2.5,497,2810000,0,0,0,0,0,0,0,0,0,1,0,0,0
270,Movie 270 (2024),Fantasy|Action|Horror,177000000,177,1997,0,5.0,425,1350000,0,1,0,0,0,0,0,0,0,1,1,0,0
271,Movie 271 (2024),Sci-Fi,132000000,101,1992,0,6.1,492,1440000,0,0,0,0,0,0,0,0,0,0,0,1,0
272,Movie 272 (2024),Crime|Children,178000000,81,2014,0,6.4,89,4290000,1,0,0,0,1,0,1,0,0,0,0,0,0
273,Movie 273 (2024),Adventure|Thriller|Fantasy,112000000,131,2004,0,7.9,417,1850000,1,0,1,0,0,0,0,0,0,1,0,0,1
274,Movie 274 (2024),Fantasy|Crime,155000000,125,1999,0,5.2,170,1510000,1,0,0,0,0,0,1,0,0,1,0,0,0
275,Movie 275 (2024),Animation,160000000,101,2003,1,7.0,158,1800000,0,0,0,1,0,0,0,0,0,0,0,0,0
276,Movie 276 (2024),Horror,59000000,147,2024,0,5.5,285,1830000,1,0,0,0,0,0,0,0,0,0,1,0,0
277,Movie 277 (2024),Children,76000000,86,2008,0,9.4,57,1540000,0,0,0,0,1,0,0,0,0,0,0,0,0
278,Movie 278 (2024),Comedy,81000000,134,2014,1,3.0,452,3690000,0,0,0,0,0,1,0,0,0,0,0,0,0
279,Movie 279 (2024),Sci-Fi|Adventure|Comedy,64000000,91,2015,0,8.0,96,4010000,0,0,1,0,0,1,0,0,0,0,0,1,0
280,Movie 280 (2024),Horror|Animation|Comedy,192000000,91,2008,1,7.7,24,4570000,1,0,0,1,0,1,0,0,0,0,1,0,0
281,Movie 281 (2024),Documentary|Horror|Fantasy,180000000,178,2002,0,8.4,217,3990000,0,0,0,0,0,0,0,1,0,1,1,0,0
282,Movie 282 (2024),Drama|Crime|Animation,101000000,87,2014,0,5.2,496,2640000,1,0,0,1,0,0,1,0,1,0,0,0,0
283,Movie 283 (2024),Action|Animation,9000000,130,1998,0,8.4,484,4130000,0,1,0,1,0,0,0,0,0,0,0,0,0
284,Movie 284 (2024),Documentary|Comedy|Thriller,149000000,134,2017,0,5.3,252,3550000,0,0,0,0,0,1,0,1,0,0,0,0,1
285,Movie 285 (2024),Adventure|Crime|Children,35000000,161,2021,0,6.6,352,1340000,1,0,1,0,1,0,1,0,0,0,0,0,0
286,Movie 286 (2024),Sci-Fi,123000000,129,2020,0,8.1,79,2690000,1,0,0,0,0,0,0,0,0,0,0,1,0
287,Movie 287 (2024),Horror,31000000,109,1991,1,7.1,473,1550000,0,0,0,0,0,0,0,0,0,0,1,0,0
288,Movie 288 (2024),Action|Thriller|Horror,147000000,93,2013,1,9.0,58,1910000,1,1,0,0,0,0,0,0,0,0,1,0,1
289,Movie 289 (2024),Fantasy|Horror,103000000,144,2017,0,5.6,318,4380000,1,0,0,0,0,0,0,0,0,1,1,0,0
290,Movie 290 (2024),Drama|Animation|Fantasy,105000000,152,2002,1,2.4,64,1550000,0,0,0,1,0,0,0,0,1,1,0,0,0
291,Movie 291 (2024),Children,192000000,131,2007,0,8.8,73,1330000,1,0,0,0,1,0,0,0,0,0,0,0,0
292,Movie 292 (2024),Action,19000000,122,2022,0,8.7,328,2600000,0,1,0,0,0,0,0,0,0,0,0,0,0
293,Movie 293 (2024),Animation,10000000,147,2024,0,2.5,255,4620000,1,0,0,1,0,0,0,0,0,0,0,0,0
294,Movie 294 (2024),Documentary,111000000,133,2021,0,3.7,11,2700000,1,0,0,0,0,0,0,1,0,0,0,0,0
295,Movie 295 (2024),Drama,13000000,104,1995,0,4.6,12,4980000,0,0,0,0,0,0,0,0,1,0,0,0,0
296,Movie 296 (2024),Adventure|Comedy,38000000,96,2010,0,2.4,486,2110000,0,0,1,0,0,1,0,0,0,0,0,0,0
297,Movie 297 (2024),Comedy|Fantasy|Horror,111000000,127,2005,0,8.6,360,4030000,1,0,0,0,0,1,0,0,0,1,1,0,0
298,Movie 298 (2024),Crime|Documentary,130000000,141,2006,0,6.5,97,3920000,1,0,0,0,0,0,1,1,0,0,0,0,0
299,Movie 299 (2024),Drama|Thriller|Children,102000000,166,2020,0,4.6,463,4410000,0,0,0,0,1,0,0,0,1,0,0,0,1
300,Movie 300 (2024),Thriller|Fantasy|Children,3000000,84,2019,0,7.7,36,4760000,1,0,0,0,1,0,0,0,0,1,0,0,1
301,Movie 301 (2024),Thriller,64000000,119,2012,0,3.4,115,780000,0,0,0,0,0,0,0,0,0,0,0,0,1
302,Movie 302 (2024),Crime|Horror,198000000,124,1997,0,4.4,233,3680000,0,0,0,0,0,0,1,0,0,0,1,0,0
303,Movie 303 (2024),Comedy,181000000,139,2011,0,2.7,57,4930000,1,0,0,0,0,1,0,0,0,0,0,0,0
304,Movie 304 (2024),Horror|Sci-Fi,158000000,88,2006,0,9.0,488,3430000,1,0,0,0,0,0,0,0,0,0,1,1,0
305,Movie 305 (2024),Crime,25000000,97,2005,0,9.5,198,4690000,1,0,0,0,0,0,1,0,0,0,0,0,0
306,Movie 306 (2024),Fantasy|Animation|Children,183000000,172,2023,1,4.0,446,1520000,0,0,0,1,1,0,0,0,0,1,0,0,0
307,Movie 307 (2024),Sci-Fi|Fantasy,151000000,148,2004,0,3.1,215,2210000,1,0,0,0,0,0,0,0,0,1,0,1,0
308,Movie 308 (2024),Adventure|Horror|Fantasy,126000000,177,2014,0,3.8,11,3390000,0,0,1,0,0,0,0,0,0,1,1,0,0
309,Movie 309 (2024),Drama,56000000,110,2022,0,4.3,425,650000,1,0,0,0,0,0,0,0,1,0,0,0,0
310,Movie 310 (2024),Fantasy,9000000,90,2024,1,5.7,184,4990000,1,0,0,0,0,0,0,0,0,1,0,0,0
311,Movie 311 (2024),Adventure|Sci-Fi,190000000,158,2004,0,2.8,111,3650000,0,0,1,0,0,0,0,0,0,0,0,1,0
312,Movie 312 (2024),Action|Crime|Adventure,30000000,146,1997,0,3.9,220,3020000,0,1,1,0,0,0,1,0,0,0,0,0,0
313,Movie 313 (2024),Documentary|Horror|Fantasy,29000000,99,2014,1,2.4,411,3350000,1,0,0,0,0,0,0,1,0,1,1,0,0
314,Movie 314 (2024),Sci-Fi|Comedy|Children,22000000,124,1993,0,7.9,495,1730000,1,0,0,0,1,1,0,0,0,0,0,1,0
315,Movie 315 (2024),Crime,92000000,89,2021,0,3.0,373,2900000,0,0,0,0,0,0,1,0,0,0,0,0,0
316,Movie 316 (2024),Comedy|Documentary|Children,31000000,142,2019,0,6.8,48,2880000,1,0,0,0,1,1,0,1,0,0,0,0,0
317,Movie 317 (2024),Horror|Comedy|Action,38000000,102,2005,0,4.3,156,630000,1,1,0,0,0,1,0,0,0,0,1,0,0
318,Movie 318 (2024),Documentary|Comedy,21000000,174,2021,0,9.6,402,2460000,1,0,0,0,0,1,0,1,0,0,0,0,0
319,Movie 319 (2024),Thriller|Drama|Comedy,72000000,112,2008,0,7.7,262,4190000,0,0,0,0,0,1,0,0,1,0,0,0,1
320,Movie 320 (2024),Drama,137000000,128,2015,0,2.1,378,540000,0,0,0,0,0,0,0,0,1,0,0,0,0
321,Movie 321 (2024),Sci-Fi,69000000,118,2022,0,2.8,105,1370000,1,0,0,0,0,0,0,0,0,0,0,1,0
322,Movie 322 (2024),Fantasy,25000000,165,2007,0,9.0,478,2360000,0,0,0,0,0,0,0,0,0,1,0,0,0
323,Movie 323 (2024),Fantasy|Horror,147000000,174,1990,0,2.4,346,670000,0,0,0,0,0,0,0,0,0,1,1,0,0
324,Movie 324 (2024),Comedy|Thriller,174000000,143,1990,1,5.8,241,2920000,1,0,0,0,0,1,0,0,0,0,0,0,1
325,Movie 325 (2024),Thriller|Adventure,94000000,159,2006,0,9.1,483,1890000,1,0,1,0,0,0,0,0,0,0,0,0,1
326,Movie 326 (2024),Thriller,133000000,81,2010,1,8.4,404,1490000,1,0,0,0,0,0,0,0,0,0,0,0,1
327,Movie 327 (2024),Animation,194000000,112,2017,0,8.4,139,2590000,0,0,0,1,0,0,0,0,0,0,0,0,0
328,Movie 328 (2024),Adventure,64000000,92,1999,0,4.0,43,1840000,1,0,1,0,0,0,0,0,0,0,0,0,0
329,Movie 329 (2024),Thriller|Action|Documentary,92000000,166,2024,0,8.2,85,1580000,0,1,0,0,0,0,0,1,0,0,0,0,1
330,Movie 330 (2024),Children|Sci-Fi,121000000,88,2000,1,6.7,73,1100000,0,0,0,0,1,0,0,0,0,0,0,1,0
331,Movie 331 (2024),Documentary|Fantasy|Horror,12000000,151,1996,1,2.5,230,1300000,0,0,0,0,0,0,0,1,0,1,1,0,0
332,Movie 332 (2024),Crime|Fantasy,49000000,134,2003,0,9.8,167,4530000,1,0,0,0,0,0,1,0,0,1,0,0,0
333,Movie 333 (2024),Comedy,186000000,101,2020,0,3.4,57,3060000,1,0,0,0,0,1,0,0,0,0,0,0,0
334,Movie 334 (2024),Thriller|Horror|Adventure,164000000,114,2013,0,7.7,2,1580000,0,0,1,0,0,0,0,0,0,0,1,0,1
335,Movie 335 (2024),Children,45000000,151,2011,0,2.6,167,4920000,1,0,0,0,1,0,0,0,0,0,0,0,0
336,Movie 336 (2024),Crime|Thriller,179000000,155,2017,0,3.6,167,1790000,1,0,0,0,0,0,1,0,0,0,0,0,1
337,Movie 337 (2024),Comedy,15000000,152,2019,0,6.8,418,3980000,1,0,0,0,0,1,0,0,0,0,0,0,0
338,Movie 338 (2024),Thriller|Animation|Horror,103000000,125,2001,1,2.1,361,4080000,0,0,0,1,0,0,0,0,0,0,1,0,1
339,Movie 339 (2024),Documentary|Animation,98000000,96,2011,1,3.8,292,3720000,1,0,0,1,0,0,0,1,0,0,0,0,0
340,Movie 340 (2024),Children|Sci-Fi,43000000,118,2024,0,5.5,286,1470000,1,0,0,0,1,0,0,0,0,0,0,1,0
341,Movie 341 (2024),Fantasy|Horror|Thriller,141000000,148,1993,0,3.8,32,1960000,0,0,0,0,0,0,0,0,0,1,1,0,1
342,Movie 342 (2024),Comedy,62000000,158,2001,0,7.3,414,1410000,1,0,0,0,0,1,0,0,0,0,0,0,0
343,Movie 343 (2024),Crime,108000000,153,2010,0,4.9,444,2160000,1,0,0,0,0,0,1,0,0,0,0,0,0
344,Movie 344 (2024),Drama,82000000,151,2009,0,6.0,221,4230000,1,0,0,0,0,0,0,0,1,0,0,0,0
345,Movie 345 (2024),Children|Comedy,50000000,94,2016,0,9.1,84,2860000,0,0,0,0,1,1,0,0,0,0,0,0,0
346,Movie 346 (2024),Drama|Crime|Thriller,185000000,123,2020,0,8.6,208,4060000,1,0,0,0,0,0,1,0,1,0,0,0,1
347,Movie 347 (2024),Action|Horror,20000000,123,1995,0,4.6,208,2640000,1,1,0,0,0,0,0,0,0,0,1,0,0
348,Movie 348 (2024),Sci-Fi,12000000,133,2021,0,4.8,374,4740000,0,0,0,0,0,0,0,0,0,0,0,1,0
349,Movie 349 (2024),Adventure|Comedy,153000000,146,2014,0,2.9,483,4700000,0,0,1,0,0,1,0,0,0,0,0,0,0
350,Movie 350 (2024),Adventure,37000000,176,1993,1,9.3,29,2690000,1,0,1,0,0,0,0,0,0,0,0,0,0
351,Movie 351 (2024),Crime,124000000,107,2009,0,8.5,70,2070000,1,0,0,0,0,0,1,0,0,0,0,0,0
352,Movie 352 (2024),Action|Sci-Fi,187000000,120,1995,0,3.1,161,3410000,0,1,0,0,0,0,0,0,0,0,0,1,0
353,Movie 353 (2024),Animation,45000000,134,2017,0,9.3,407,2630000,0,0,0,1,0,0,0,0,0,0,0,0,0
354,Movie 354 (2024),Sci-Fi|Thriller|Comedy,162000000,103,2005,0,3.4,364,1050000,0,0,0,0,0,1,0,0,0,0,0,1,1
355,Movie 355 (2024),Adventure|Crime,159000000,171,2004,0,3.6,58,3390000,0,0,1,0,0,0,1,0,0,0,0,0,0
356,Movie 356 (2024),Action,14000000,92,1990,1,3.3,112,3260000,1,1,0,0,0,0,0,0,0,0,0,0,0
357,Movie 357 (2024),Action,147000000,122,2000,0,8.8,240,4030000,0,1,0,0,0,0,0,0,0,0,0,0,0
358,Movie 358 (2024),Adventure,53000000,153,2023,0,9.1,412,580000,0,0,1,0,0,0,0,0,0,0,0,0,0
359,Movie 359 (2024),Fantasy|Thriller|Sci-Fi,93000000,165,2004,1,2.3,284,2290000,1,0,0,0,0,0,0,0,0,1,0,1,1
360,Movie 360 (2024),Drama,31000000,171,2012,0,2.1,390,2650000,1,0,0,0,0,0,0,0,1,0,0,0,0
361,Movie 361 (2024),Action,28000000,168,2018,0,3.1,13,4650000,0,1,0,0,0,0,0,0,0,0,0,0,0
362,Movie 362 (2024),Children|Thriller,41000000,104,2010,0,7.1,162,4760000,1,0,0,0,1,0,0,0,0,0,0,0,1
363,Movie 363 (2024),Comedy,165000000,129,1995,1,9.9,27,1780000,1,0,0,0,0,1,0,0,0,0,0,0,0
364,Movie 364 (2024),Comedy|Sci-Fi|Horror,79000000,96,2020,0,4.0,356,1630000,0,0,0,0,0,1,0,0,0,0,1,1,0
365,Movie 365 (2024),Action,46000000,162,2021,0,9.8,304,3470000,1,1,0,0,0,0,0,0,0,0,0,0,0
366,Movie 366 (2024),Drama,131000000,177,1998,0,2.2,393,3720000,1,0,0,0,0,0,0,0,1,0,0,0,0
367,Movie 367 (2024),Sci-Fi,168000000,97,1992,1,6.7,382,2310000,1,0,0,0,0,0,0,0,0,0,0,1,0
368,Movie 368 (2024),Comedy|Action|Animation,146000000,96,1994,0,6.6,241,2190000,1,1,0,1,0,1,0,0,0,0,0,0,0
369,Movie 369 (2024),Comedy,158000000,168,2009,0,6.0,17,800000,0,0,0,0,0,1,0,0,0,0,0,0,0
370,Movie 370 (2024),Animation|Fantasy,45000000,94,2019,0,6.3,300,3970000,1,0,0,1,0,0,0,0,0,1,0,0,0
371,Movie 371 (2024),Thriller|Adventure|Fantasy,57000000,174,2008,0,6.2,411,1370000,0,0,1,0,0,0,0,0,0,1,0,0,1
372,Movie 372 (2024),Animation|Thriller,141000000,153,2022,0,2.9,130,2910000,1,0,0,1,0,0,0,0,0,0,0,0,1
373,Movie 373 (2024),Fantasy|Children,190000000,176,2010,0,2.4,281,2100000,1,0,0,0,1,0,0,0,0,1,0,0,0
374,Movie 374 (2024),Documentary|Drama|Crime,59000000,82,2022,1,2.2,119,4540000,1,0,0,0,0,0,1,1,1,0,0,0,0
375,Movie 375 (2024),Animation|Children|Drama,41000000,148,2009,0,9.0,332,1600000,0,0,0,1,1,0,0,0,1,0,0,0,0
376,Movie 376 (2024),Horror,62000000,166,2021,0,2.3,479,4750000,1,0,0,0,0,0,0,0,0,0,1,0,0
377,Movie 377 (2024),Documentary,159000000,107,2002,1,6.9,6,540000,1,0,0,0,0,0,0,1,0,0,0,0,0
378,Movie 378 (2024),Documentary|Crime,29000000,169,1996,1,5.2,389,3150000,1,0,0,0,0,0,1,1,0,0,0,0,0
379,Movie 379 (2024),Fantasy,115000000,168,2006,0,6.4,380,2620000,0,0,0,0,0,0,0,0,0,1,0,0,0
380,Movie 380 (2024),Thriller|Adventure|Children,123000000,179,2020,0,6.8,359,680000,1,0,1,0,1,0,0,0,0,0,0,0,1
381,Movie 381 (2024),Documentary,179000000,88,2022,0,4.2,16,1050000,0,0,0,0,0,0,0,1,0,0,0,0,0
382,Movie 382 (2024),Sci-Fi,29000000,139,2011,0,3.9,104,640000,1,0,0,0,0,0,0,0,0,0,0,1,0
383,Movie 383 (2024),Action|Documentary,67000000,98,1996,1,4.1,371,4310000,1,1,0,0,0,0,0,1,0,0,0,0,0
384,Movie 384 (2024),Horror,118000000,116,2004,0,9.1,19,3660000,0,0,0,0,0,0,0,0,0,0,1,0,0
385,Movie 385 (2024),Action,163000000,94,2001,0,2.9,278,4860000,0,1,0,0,0,0,0,0,0,0,0,0,0
386,Movie 386 (2024),Sci-Fi|Fantasy|Thriller,111000000,147,1999,0,3.1,389,4050000,1,0,0,0,0,0,0,0,0,1,0,1,1
387,Movie 387 (2024),Drama|Thriller,23000000,91,2008,0,9.5,42,2000000,0,0,0,0,0,0,0,0,1,0,0,0,1
388,Movie 388 (2024),Comedy|Fantasy,28000000,144,2006,0,9.4,30,1490000,1,0,0,0,0,1,0,0,0,1,0,0,0
389,Movie 389 (2024),Horror|Comedy,89000000,119,1995,0,6.2,160,2700000,1,0,0,0,0,1,0,0,0,0,1,0,0
390,Movie 390 (2024),Comedy,198000000,136,2005,0,8.0,210,1660000,0,0,0,0,0,1,0,0,0,0,0,0,0
391,Movie 391 (2024),Thriller,119000000,143,2008,1,7.7,151,2450000,0,0,0,0,0,0,0,0,0,0,0,0,1
392,Movie 392 (2024),Fantasy,26000000,110,2005,1,2.5,118,3060000,1,0,0,0,0,0,0,0,0,1,0,0,0
393,Movie 393 (2024),Adventure|Horror,105000000,177,2014,0,7.0,141,3680000,0,0,1,0,0,0,0,0,0,0,1,0,0
394,Movie 394 (2024),Crime|Thriller,63000000,145,1993,0,2.7,271,3240000,1,0,0,0,0,0,1,0,0,0,0,0,1
395,Movie 395 (2024),Action,14000000,136,2014,1,7.6,145,3110000,0,1,0,0,0,0,0,0,0,0,0,0,0
396,Movie 396 (2024),Crime|Documentary|Fantasy,141000000,169,2018,0,6.7,383,2780000,1,0,0,0,0,0,1,1,0,1,0,0,0
397,Movie 397 (2024),Animation|Horror|Adventure,120000000,126,1993,0,8.8,27,4440000,0,0,1,1,0,0,0,0,0,0,1,0,0
398,Movie 398 (2024),Fantasy|Adventure,37000000,168,2023,0,9.7,215,610000,1,0,1,0,0,0,0,0,0,1,0,0,0
399,Movie 399 (2024),Drama,114000000,136,2001,0,7.1,112,1890000,0,0,0,0,0,0,0,0,1,0,0,0,0
400,Movie 400 (2024),Horror|Thriller,155000000,98,2017,1,9.4,332,1070000,0,0,0,0,0,0,0,0,0,0,1,0,1
401,Movie 401 (2024),Documentary|Animation,176000000,81,2000,1,7.9,22,3340000,1,0,0,1,0,0,0,1,0,0,0,0,0
402,Movie 402 (2024),Fantasy|Comedy|Sci-Fi,93000000,164,2011,0,5.7,47,2520000,0,0,0,0,0,1,0,0,0,1,0,1,0
403,Movie 403 (2024),Sci-Fi,95000000,112,2009,0,3.3,302,4670000,0,0,0,0,0,0,0,0,0,0,0,1,0
404,Movie 404 (2024),Sci-Fi|Drama,96000000,150,1996,0,8.8,397,3330000,0,0,0,0,0,0,0,0,1,0,0,1,0
405,Movie 405 (2024),Comedy|Fantasy|Adventure,192000000,162,2002,0,5.4,146,1330000,0,0,1,0,0,1,0,0,0,1,0,0,0
406,Movie 406 (2024),Sci-Fi,98000000,114,1995,0,9.7,384,2900000,1,0,0,0,0,0,0,0,0,0,0,1,0
407,Movie 407 (2024),Thriller|Crime|Sci-Fi,196000000,81,2013,1,7.3,488,2910000,1,0,0,0,0,0,1,0,0,0,0,1,1
408,Movie 408 (2024),Horror,13000000,135,2001,0,2.2,207,1420000,0,0,0,0,0,0,0,0,0,0,1,0,0
409,Movie 409 (2024),Drama|Crime,127000000,100,2010,0,2.1,49,2750000,0,0,0,0,0,0,1,0,1,0,0,0,0
410,Movie 410 (2024),Sci-Fi|Crime,192000000,95,1992,0,8.7,76,3310000,0,0,0,0,0,0,1,0,0,0,0,1,0
411,Movie 411 (2024),Documentary|Children|Fantasy,134000000,160,2017,0,9.8,232,2310000,0,0,0,0,1,0,0,1,0,1,0,0,0
412,Movie 412 (2024),Crime|Fantasy,81000000,176,2005,0,7.7,228,3200000,1,0,0,0,0,0,1,0,0,1,0,0,0
413,Movie 413 (2024),Fantasy|Comedy|Animation,147000000,120,2014,0,6.2,329,2890000,0,0,0,1,0,1,0,0,0,1,0,0,0
414,Movie 414 (2024),Children|Action,196000000,91,1992,1,9.1,53,1580000,0,1,0,0,1,0,0,0,0,0,0,0,0
415,Movie 415 (2024),Horror|Comedy,14000000,160,2014,0,2.1,456,2340000,0,0,0,0,0,1,0,0,0,0,1,0,0
416,Movie 416 (2024),Crime|Drama|Sci-Fi,36000000,128,2000,0,5.6,227,650000,1,0,0,0,0,0,1,0,1,0,0,1,0
417,Movie 417 (2024),Drama|Adventure,40000000,126,2024,0,9.1,456,4250000,0,0,1,0,0,0,0,0,1,0,0,0,0
418,Movie 418 (2024),Fantasy,5000000,170,2003,0,9.4,17,2610000,1,0,0,0,0,0,0,0,0,1,0,0,0
419,Movie 419 (2024),Adventure|Fantasy|Drama,40000000,106,2019,1,6.0,449,1460000,0,0,1,0,0,0,0,0,1,1,0,0,0
420,Movie 420 (2024),Adventure|Drama,42000000,116,2013,1,6.5,267,3600000,0,0,1,0,0,0,0,0,1,0,0,0,0
421,Movie 421 (2024),Sci-Fi,27000000,97,2020,0,5.6,431,4390000,0,0,0,0,0,0,0,0,0,0,0,1,0
422,Movie 422 (2024),Children,119000000,153,2022,1,4.1,451,3610000,1,0,0,0,1,0,0,0,0,0,0,0,0
423,Movie 423 (2024),Comedy|Animation|Documentary,52000000,163,1995,0,8.4,342,3070000,0,0,0,1,0,1,0,1,0,0,0,0,0
424,Movie 424 (2024),Animation|Crime,125000000,169,1993,0,3.3,398,2270000,1,0,0,1,0,0,1,0,0,0,0,0,0
425,Movie 425 (2024),Fantasy|Sci-Fi|Horror,64000000,144,2007,1,2.5,250,1600000,1,0,0,0,0,0,0,0,0,1,1,1,0
426,Movie 426 (2024),Documentary|Fantasy,27000000,124,1991,1,9.5,254,2270000,1,0,0,0,0,0,0,1,0,1,0,0,0
427,Movie 427 (2024),Fantasy|Drama,130000000,143,2009,1,5.9,155,4470000,1,0,0,0,0,0,0,0,1,1,0,0,0
428,Movie 428 (2024),Sci-Fi|Fantasy|Action,183000000,130,2010,1,7.1,483,4510000,0,1,0,0,0,0,0,0,0,1,0,1,0
429,Movie 429 (2024),Comedy|Sci-Fi,104000000,169,2008,0,6.8,149,1910000,0,0,0,0,0,1,0,0,0,0,0,1,0
430,Movie 430 (2024),Adventure|Horror|Thriller,130000000,159,2016,0,3.8,162,3950000,1,0,1,0,0,0,0,0,0,0,1,0,1
431,Movie 431 (2024),Thriller,151000000,107,2018,0,4.6,225,3590000,0,0,0,0,0,0,0,0,0,0,0,0,1
432,Movie 432 (2024),Adventure|Comedy,113000000,84,2024,0,3.5,340,4580000,1,0,1,0,0,1,0,0,0,0,0,0,0
433,Movie 433 (2024),Action|Fantasy|Adventure,19000000,114,2002,0,3.6,11,4430000,0,1,1,0,0,0,0,0,0,1,0,0,0
434,Movie 434 (2024),Horror,195000000,115,1999,0,9.6,134,4640000,0,0,0,0,0,0,0,0,0,0,1,0,0
435,Movie 435 (2024),Children,14000000,91,1991,0,9.5,446,3030000,1,0,0,0,1,0,0,0,0,0,0,0,0
436,Movie 436 (2024),Animation,83000000,117,2003,1,6.4,311,1410000,1,0,0,1,0,0,0,0,0,0,0,0,0
437,Movie 437 (2024),Adventure,104000000,110,2019,0,4.2,453,1500000,0,0,1,0,0,0,0,0,0,0,0,0,0
438,Movie 438 (2024),Animation|Comedy|Crime,110000000,109,2017,0,8.4,178,1220000,1,0,0,1,0,1,1,0,0,0,0,0,0
439,Movie 439 (2024),Sci-Fi,90000000,155,1997,1,8.8,271,1050000,1,0,0,0,0,0,0,0,0,0,0,1,0
440,Movie 440 (2024),Crime|Horror,156000000,109,2004,0,3.0,278,1050000,1,0,0,0,0,0,1,0,0,0,1,0,0
441,Movie 441 (2024),Thriller|Drama,153000000,160,2004,0,9.1,376,4550000,0,0,0,0,0,0,0,0,1,0,0,0,1
442,Movie 442 (2024),Thriller|Drama|Animation,76000000,165,2004,0,6.0,150,3060000,0,0,0,1,0,0,0,0,1,0,0,0,1
443,Movie 443 (2024),Horror|Thriller|Drama,83000000,107,1998,0,4.9,348,510000,0,0,0,0,0,0,0,0,1,0,1,0,1
444,Movie 444 (2024),Horror|Action|Animation,155000000,107,2002,0,8.4,449,4980000,1,1,0,1,0,0,0,0,0,0,1,0,0
445,Movie 445 (2024),Animation|Fantasy,65000000,140,2010,1,2.0,451,2740000,0,0,0,1,0,0,0,0,0,1,0,0,0
446,Movie 446 (2024),Action|Crime|Thriller,39000000,113,1997,0,7.5,416,660000,1,1,0,0,0,0,1,0,0,0,0,0,1
447,Movie 447 (2024),Documentary,60000000,162,1995,0,8.9,17,4210000,1,0,0,0,0,0,0,1,0,0,0,0,0
448,Movie 448 (2024),Fantasy|Horror|Crime,84000000,145,2024,0,5.0,213,2570000,0,0,0,0,0,0,1,0,0,1,1,0,0
449,Movie 449 (2024),Children|Comedy|Drama,114000000,90,1993,0,6.2,260,4480000,1,0,0,0,1,1,0,0,1,0,0,0,0
450,Movie 450 (2024),Documentary,174000000,122,1991,0,5.7,7,4360000,0,0,0,0,0,0,0,1,0,0,0,0,0
451,Movie 451 (2024),Comedy|Horror|Thriller,197000000,152,2006,0,6.5,215,880000,0,0,0,0,0,1,0,0,0,0,1,0,1
452,Movie 452 (2024),Children|Documentary|Crime,36000000,88,1994,1,2.4,395,2710000,0,0,0,0,1,0,1,1,0,0,0,0,0
453,Movie 453 (2024),Documentary|Sci-Fi,138000000,108,2015,0,8.2,449,2880000,0,0,0,0,0,0,0,1,0,0,0,1,0
454,Movie 454 (2024),Fantasy,45000000,153,2004,1,6.5,385,4580000,0,0,0,0,0,0,0,0,0,1,0,0,0
455,Movie 455 (2024),Drama|Animation|Action,179000000,102,2010,1,2.3,59,4740000,0,1,0,1,0,0,0,0,1,0,0,0,0
456,Movie 456 (2024),Animation|Horror,13000000,101,1999,0,2.0,425,1100000,0,0,0,1,0,0,0,0,0,0,1,0,0
457,Movie 457 (2024),Adventure|Fantasy|Comedy,107000000,142,2017,0,3.6,222,880000,1,0,1,0,0,1,0,0,0,1,0,0,0
458,Movie 458 (2024),Documentary|Comedy,21000000,169,2014,1,8.8,189,3430000,1,0,0,0,0,1,0,1,0,0,0,0,0
459,Movie 459 (2024),Comedy|Documentary|Fantasy,188000000,117,2012,0,3.7,412,1720000,0,0,0,0,0,1,0,1,0,1,0,0,0
460,Movie 460 (2024),Children,56000000,172,2017,0,3.7,321,3630000,1,0,0,0,1,0,0,0,0,0,0,0,0
461,Movie 461 (2024),Comedy,75000000,122,2020,0,8.6,209,3480000,1,0,0,0,0,1,0,0,0,0,0,0,0
462,Movie 462 (2024),Horror|Documentary,189000000,114,2004,1,3.4,476,4370000,0,0,0,0,0,0,0,1,0,0,1,0,0
463,Movie 463 (2024),Adventure,23000000,141,1999,0,2.1,399,4410000,1,0,1,0,0,0,0,0,0,0,0,0,0
464,Movie 464 (2024),Thriller,195000000,93,1991,0,3.4,198,800000,1,0,0,0,0,0,0,0,0,0,0,0,1
465,Movie 465 (2024),Animation|Fantasy|Horror,52000000,138,2007,0,6.7,53,2010000,1,0,0,1,0,0,0,0,0,1,1,0,0
466,Movie 466 (2024),Horror,191000000,129,2006,0,3.3,150,2710000,1,0,0,0,0,0,0,0,0,0,1,0,0
467,Movie 467 (2024),Comedy|Crime,117000000,148,2006,0,7.6,346,4550000,0,0,0,0,0,1,1,0,0,0,0,0,0
468,Movie 468 (2024),Documentary|Drama,149000000,175,2018,0,6.7,246,2150000,1,0,0,0,0,0,0,1,1,0,0,0,0
469,Movie 469 (2024),Crime|Fantasy,104000000,93,2000,0,5.1,336,710000,0,0,0,0,0,0,1,0,0,1,0,0,0
470,Movie 470 (2024),Documentary|Thriller,24000000,101,2020,0,3.0,199,920000,1,0,0,0,0,0,0,1,0,0,0,0,1
471,Movie 471 (2024),Documentary|Adventure|Drama,135000000,131,2019,0,5.2,222,3440000,1,0,1,0,0,0,0,1,1,0,0,0,0
472,Movie 472 (2024),Horror|Comedy|Action,19000000,179,2003,1,3.3,173,4810000,0,1,0,0,0,1,0,0,0,0,1,0,0
473,Movie 473 (2024),Horror|Crime|Drama,30000000,116,2007,0,8.1,72,780000,1,0,0,0,0,0,1,0,1,0,1,0,0
474,Movie 474 (2024),Drama|Comedy,157000000,169,2001,1,7.7,449,3810000,0,0,0,0,0,1,0,0,1,0,0,0,0
475,Movie 475 (2024),Horror|Children,9000000,125,1999,0,9.2,319,4550000,1,0,0,0,1,0,0,0,0,0,1,0,0
476,Movie 476 (2024),Fantasy|Crime|Children,12000000,169,2021,1,8.8,311,3710000,1,0,0,0,1,0,1,0,0,1,0,0,0
477,Movie 477 (2024),Fantasy,103000000,141,1991,1,8.1,12,3440000,0,0,0,0,0,0,0,0,0,1,0,0,0
478,Movie 478 (2024),Children|Fantasy,160000000,148,2011,1,6.5,436,1730000,0,0,0,0,1,0,0,0,0,1,0,0,0
479,Movie 479 (2024),Drama,192000000,156,1991,1,5.1,491,4120000,0,0,0,0,0,0,0,0,1,0,0,0,0
480,Movie 480 (2024),Comedy,21000000,108,2015,0,4.0,271,1070000,0,0,0,0,0,1,0,0,0,0,0,0,0
481,Movie 481 (2024),Children,161000000,178,2023,0,6.0,348,3850000,0,0,0,0,1,0,0,0,0,0,0,0,0
482,Movie 482 (2024),Fantasy,164000000,163,2005,0,8.3,413,4790000,0,0,0,0,0,0,0,0,0,1,0,0,0
483,Movie 483 (2024),Thriller|Children,11000000,129,1997,1,7.3,472,4490000,1,0,0,0,1,0,0,0,0,0,0,0,1
484,Movie 484 (2024),Fantasy|Adventure,173000000,172,2010,0,2.2,4,3060000,1,0,1,0,0,0,0,0,0,1,0,0,0
485,Movie 485 (2024),Sci-Fi|Comedy,95000000,147,2000,0,4.4,267,3170000,1,0,0,0,0,1,0,0,0,0,0,1,0
486,Movie 486 (2024),Horror|Crime,32000000,139,2009,0,3.0,429,2480000,1,0,0,0,0,0,1,0,0,0,1,0,0
487,Movie 487 (2024),Comedy,186000000,135,2023,0,8.6,159,3970000,1,0,0,0,0,1,0,0,0,0,0,0,0
488,Movie 488 (2024),Animation|Thriller,78000000,156,2007,0,6.6,102,3430000,0,0,0,1,0,0,0,0,0,0,0,0,1
489,Movie 489 (2024),Sci-Fi,165000000,120,2009,0,5.3,330,4880000,0,0,0,0,0,0,0,0,0,0,0,1,0
490,Movie 490 (2024),Thriller|Fantasy,124000000,132,2011,0,2.7,344,4570000,1,0,0,0,0,0,0,0,0,1,0,0,1
491,Movie 491 (2024),Adventure,63000000,139,1991,0,2.2,109,3270000,0,0,1,0,0,0,0,0,0,0,0,0,0
492,Movie 492 (2024),Thriller|Action|Horror,51000000,89,2006,0,9.4,438,1200000,1,1,0,0,0,0,0,0,0,0,1,0,1
493,Movie 493 (2024),Sci-Fi,108000000,140,2022,0,7.4,90,3630000,1,0,0,0,0,0,0,0,0,0,0,1,0
494,Movie 494 (2024),Animation|Drama|Sci-Fi,184000000,158,2004,0,2.7,390,3370000,1,0,0,1,0,0,0,0,1,0,0,1,0
495,Movie 495 (2024),Animation|Adventure,89000000,168,1999,0,4.2,314,3950000,1,0,1,1,0,0,0,0,0,0,0,0,0
496,Movie 496 (2024),Horror,156000000,103,2005,0,2.9,146,3360000,1,0,0,0,0,0,0,0,0,0,1,0,0
497,Movie 497 (2024),Sci-Fi|Drama|Children,92000000,106,1993,0,8.4,247,1770000,1,0,0,0,1,0,0,0,1,0,0,1,0
498,Movie 498 (2024),Children,108000000,139,1994,0,4.4,358,2140000,1,0,0,0,1,0,0,0,0,0,0,0,0
499,Movie 499 (2024),Sci-Fi|Action,169000000,100,2016,0,6.5,225,2910000,0,1,0,0,0,0,0,0,0,0,0,1,0
500,Movie 500 (2024),Adventure|Crime,197000000,147,1997,0,8.3,414,4330000,0,0,1,0,0,0,1,0,0,0,0,0,0
501,Movie 501 (2024),Sci-Fi,190000000,135,1997,1,6.7,408,3020000,0,0,0,0,0,0,0,0,0,0,0,1,0
502,Movie 502 (2024),Children|Fantasy,46000000,129,1998,0,2.5,329,3160000,1,0,0,0,1,0,0,0,0,1,0,0,0
503,Movie 503 (2024),Animation,9000000,170,2019,0,9.9,55,3930000,0,0,0,1,0,0,0,0,0,0,0,0,0
504,Movie 504 (2024),Sci-Fi|Thriller|Comedy,76000000,94,1998,0,6.6,156,1830000,1,0,0,0,0,1,0,0,0,0,0,1,1
505,Movie 505 (2024),Sci-Fi|Fantasy,16000000,170,2000,0,9.9,393,3610000,1,0,0,0,0,0,0,0,0,1,0,1,0
506,Movie 506 (2024),Horror|Children,121000000,143,2009,0,9.7,181,3170000,0,0,0,0,1,0,0,0,0,0,1,0,0
507,Movie 507 (2024),Documentary,181000000,148,2000,0,9.6,113,4780000,1,0,0,0,0,0,0,1,0,0,0,0,0
508,Movie 508 (2024),Crime|Action,171000000,112,2002,1,4.4,81,2380000,0,1,0,0,0,0,1,0,0,0,0,0,0
509,Movie 509 (2024),Action,46000000,125,1994,0,9.7,65,1080000,0,1,0,0,0,0,0,0,0,0,0,0,0
510,Movie 510 (2024),Fantasy|Animation,172000000,98,2005,0,2.6,293,3390000,0,0,0,1,0,0,0,0,0,1,0,0,0
511,Movie 511 (2024),Documentary|Action,160000000,80,2019,1,4.2,450,2740000,0,1,0,0,0,0,0,1,0,0,0,0,0
512,Movie 512 (2024),Sci-Fi|Drama|Animation,67000000,111,1996,0,3.3,362,830000,0,0,0,1,0,0,0,0,1,0,0,1,0
513,Movie 513 (2024),Children|Action,182000000,166,2002,1,5.5,250,4530000,1,1,0,0,1,0,0,0,0,0,0,0,0
514,Movie 514 (2024),Action,113000000,96,2009,0,7.3,491,3150000,1,1,0,0,0,0,0,0,0,0,0,0,0
515,Movie 515 (2024),Drama,186000000,111,2002,0,9.6,162,2250000,0,0,0,0,0,0,0,0,1,0,0,0,0
516,Movie 516 (2024),Thriller|Animation|Fantasy,106000000,123,2014,1,7.8,123,1650000,1,0,0,1,0,0,0,0,0,1,0,0,1
517,Movie 517 (2024),Animation|Crime|Sci-Fi,140000000,152,1990,0,8.9,214,2860000,1,0,0,1,0,0,1,0,0,0,0,1,0
518,Movie 518 (2024),Comedy|Fantasy,199000000,81,2022,0,9.6,113,690000,0,0,0,0,0,1,0,0,0,1,0,0,0
519,Movie 519 (2024),Fantasy|Adventure|Thriller,181000000,132,1997,1,9.0,66,900000,0,0,1,0,0,0,0,0,0,1,0,0,1
520,Movie 520 (2024),Adventure,60000000,136,2022,0,5.4,394,2830000,0,0,1,0,0,0,0,0,0,0,0,0,0
521,Movie 521 (2024),Action,121000000,169,2011,0,9.9,83,3700000,1,1,0,0,0,0,0,0,0,0,0,0,0
522,Movie 522 (2024),Fantasy,180000000,127,2023,1,8.5,14,3860000,1,0,0,0,0,0,0,0,0,1,0,0,0
523,Movie 523 (2024),Children,170000000,168,1990,0,4.2,21,530000,0,0,0,0,1,0,0,0,0,0,0,0,0
524,Movie 524 (2024),Thriller|Adventure,111000000,93,1997,1,3.0,253,1110000,0,0,1,0,0,0,0,0,0,0,0,0,1
525,Movie 525 (2024),Documentary|Comedy,7000000,119,1993,0,5.2,357,4050000,0,0,0,0,0,1,0,1,0,0,0,0,0
526,Movie 526 (2024),Action|Horror|Drama,146000000,99,2011,0,2.4,296,2480000,1,1,0,0,0,0,0,0,1,0,1,0,0
527,Movie 527 (2024),Children|Crime,61000000,131,2017,1,8.6,448,3960000,1,0,0,0,1,0,1,0,0,0,0,0,0
528,Movie 528 (2024),Animation|Horror,124000000,170,1997,0,6.7,391,620000,0,0,0,1,0,0,0,0,0,0,1,0,0
529,Movie 529 (2024),Horror|Crime,79000000,153,1990,0,3.0,314,1570000,1,0,0,0,0,0,1,0,0,0,1,0,0
530,Movie 530 (2024),Thriller|Animation|Comedy,117000000,105,1990,0,7.8,176,1810000,0,0,0,1,0,1,0,0,0,0,0,0,1
531,Movie 531 (2024),Adventure,168000000,164,1999,0,9.3,355,690000,1,0,1,0,0,0,0,0,0,0,0,0,0
532,Movie 532 (2024),Crime|Documentary|Comedy,161000000,111,2002,0,5.5,48,2860000,0,0,0,0,0,1,1,1,0,0,0,0,0
533,Movie 533 (2024),Action,157000000,128,1999,0,3.4,494,4840000,1,1,0,0,0,0,0,0,0,0,0,0,0
534,Movie 534 (2024),Thriller|Animation,148000000,115,2004,0,3.2,24,1850000,0,0,0,1,0,0,0,0,0,0,0,0,1
535,Movie 535 (2024),Action|Comedy|Drama,52000000,117,2005,0,8.9,369,4340000,1,1,0,0,0,1,0,0,1,0,0,0,0
536,Movie 536 (2024),Adventure|Animation|Thriller,131000000,133,2017,1,7.5,238,1940000,0,0,1,1,0,0,0,0,0,0,0,0,1
537,Movie 537 (2024),Animation,163000000,113,2022,0,3.2,479,4680000,1,0,0,1,0,0,0,0,0,0,0,0,0
538,Movie 538 (2024),Documentary,97000000,106,1992,1,9.7,454,4550000,1,0,0,0,0,0,0,1,0,0,0,0,0
539,Movie 539 (2024),Sci-Fi|Animation,193000000,176,1992,0,7.6,416,1780000,1,0,0,1,0,0,0,0,0,0,0,1,0
540,Movie 540 (2024),Crime|Thriller|Animation,70000000,120,2019,1,3.5,77,4730000,1,0,0,1,0,0,1,0,0,0,0,0,1
541,Movie 541 (2024),Fantasy|Action,157000000,158,1990,0,9.7,316,530000,1,1,0,0,0,0,0,0,0,1,0,0,0
542,Movie 542 (2024),Thriller,125000000,173,2011,1,4.5,471,810000,1,0,0,0,0,0,0,0,0,0,0,0,1
543,Movie 543 (2024),Fantasy,156000000,158,2014,1,7.4,464,3010000,1,0,0,0,0,0,0,0,0,1,0,0,0
544,Movie 544 (2024),Thriller|Comedy,197000000,115,2016,0,5.8,182,3800000,0,0,0,0,0,1,0,0,0,0,0,0,1
545,Movie 545 (2024),Sci-Fi|Action,92000000,93,1999,0,9.3,174,1600000,1,1,0,0,0,0,0,0,0,0,0,1,0
546,Movie 546 (2024),Children,111000000,123,2013,1,8.4,107,4080000,1,0,0,0,1,0,0,0,0,0,0,0,0
547,Movie 547 (2024),Comedy,135000000,98,2006,0,4.6,17,1480000,0,0,0,0,0,1,0,0,0,0,0,0,0
548,Movie 548 (2024),Action|Drama,66000000,179,2010,0,4.8,141,560000,1,1,0,0,0,0,0,0,1,0,0,0,0
549,Movie 549 (2024),Documentary|Action|Sci-Fi,68000000,93,2005,0,5.2,141,3820000,0,1,0,0,0,0,0,1,0,0,0,1,0
550,Movie 550 (2024),Thriller|Drama,120000000,115,1993,0,2.9,150,4670000,1,0,0,0,0,0,0,0,1,0,0,0,1
551,Movie 551 (2024),Horror,195000000,146,1994,0,3.0,303,1950000,0,0,0,0,0,0,0,0,0,0,1,0,0
552,Movie 552 (2024),Sci-Fi,110000000,126,2000,0,3.8,450,3360000,0,0,0,0,0,0,0,0,0,0,0,1,0
553,Movie 553 (2024),Sci-Fi|Fantasy,159000000,176,2000,1,3.8,395,4830000,0,0,0,0,0,0,0,0,0,1,0,1,0
554,Movie 554 (2024),Documentary|Crime,66000000,166,2014,0,4.9,417,4060000,1,0,0,0,0,0,1,1,0,0,0,0,0
555,Movie 555 (2024),Action|Animation,87000000,168,2005,0,2.7,429,4890000,0,1,0,1,0,0,0,0,0,0,0,0,0
556,Movie 556 (2024),Sci-Fi,15000000,167,2017,0,3.3,428,3730000,0,0,0,0,0,0,0,0,0,0,0,1,0
557,Movie 557 (2024),Adventure,25000000,117,1990,0,5.6,62,1710000,1,0,1,0,0,0,0,0,0,0,0,0,0
558,Movie 558 (2024),Thriller,47000000,164,1998,0,6.4,478,2550000,0,0,0,0,0,0,0,0,0,0,0,0,1
559,Movie 559 (2024),Comedy|Adventure,134000000,122,2002,0,3.0,154,3490000,0,0,1,0,0,1,0,0,0,0,0,0,0
560,Movie 560 (2024),Crime|Action,17000000,116,2004,0,9.9,94,3190000,0,1,0,0,0,0,1,0,0,0,0,0,0
561,Movie 561 (2024),Action|Children|Thriller,102000000,85,1991,0,7.5,393,1960000,1,1,0,0,1,0,0,0,0,0,0,0,1
562,Movie 562 (2024),Horror|Thriller|Action,106000000,153,2001,0,2.8,268,2180000,0,1,0,0,0,0,0,0,0,0,1,0,1
563,Movie 563 (2024),Thriller|Crime,43000000,128,2018,0,8.5,435,2340000,1,0,0,0,0,0,1,0,0,0,0,0,1
564,Movie 564 (2024),Documentary|Comedy,175000000,140,2018,0,5.7,313,1190000,0,0,0,0,0,1,0,1,0,0,0,0,0
565,Movie 565 (2024),Horror|Thriller|Animation,174000000,112,2016,0,9.4,460,2960000,1,0,0,1,0,0,0,0,0,0,1,0,1
566,Movie 566 (2024),Crime,176000000,94,2000,1,7.3,51,2250000,1,0,0,0,0,0,1,0,0,0,0,0,0
567,Movie 567 (2024),Animation|Crime|Action,55000000,166,2000,0,4.0,184,3010000,0,1,0,1,0,0,1,0,0,0,0,0,0
568,Movie 568 (2024),Sci-Fi,52000000,136,1992,1,4.8,125,2370000,0,0,0,0,0,0,0,0,0,0,0,1,0
569,Movie 569 (2024),Drama|Crime,72000000,132,2003,0,8.3,103,4650000,1,0,0,0,0,0,1,0,1,0,0,0,0
570,Movie 570 (2024),Horror|Action|Crime,184000000,152,2002,1,7.7,149,740000,0,1,0,0,0,0,1,0,0,0,1,0,0
571,Movie 571 (2024),Horror|Animation,98000000,143,2018,0,2.5,463,2680000,1,0,0,1,0,0,0,0,0,0,1,0,0
572,Movie 572 (2024),Action|Sci-Fi,82000000,177,1991,1,4.3,348,2000000,0,1,0,0,0,0,0,0,0,0,0,1,0
573,Movie 573 (2024),Thriller,102000000,115,1992,0,4.3,204,4020000,0,0,0,0,0,0,0,0,0,0,0,0,1
574,Movie 574 (2024),Thriller,189000000,123,2018,0,3.0,409,3190000,1,0,0,0,0,0,0,0,0,0,0,0,1
575,Movie 575 (2024),Documentary,70000000,151,2019,0,6.7,35,4480000,0,0,0,0,0,0,0,1,0,0,0,0,0
576,Movie 576 (2024),Children,78000000,144,1992,0,3.8,473,2660000,0,0,0,0,1,0,0,0,0,0,0,0,0
577,Movie 577 (2024),Comedy|Adventure,73000000,93,2010,0,4.3,409,1280000,0,0,1,0,0,1,0,0,0,0,0,0,0
578,Movie 578 (2024),Crime|Drama,59000000,176,2024,1,4.6,305,2760000,1,0,0,0,0,0,1,0,1,0,0,0,0
579,Movie 579 (2024),Animation|Adventure|Drama,135000000,132,2024,0,6.0,481,660000,1,0,1,1,0,0,0,0,1,0,0,0,0
580,Movie 580 (2024),Adventure|Animation,173000000,132,2001,0,2.0,145,1940000,1,0,1,1,0,0,0,0,0,0,0,0,0
581,Movie 581 (2024),Animation|Documentary|Children,16000000,87,1994,1,8.2,460,1660000,1,0,0,1,1,0,0,1,0,0,0,0,0
582,Movie 582 (2024),Documentary,142000000,82,1999,1,7.4,314,3840000,0,0,0,0,0,0,0,1,0,0,0,0,0
583,Movie 583 (2024),Thriller|Children,104000000,96,2012,0,3.3,351,1360000,0,0,0,0,1,0,0,0,0,0,0,0,1
584,Movie 584 (2024),Fantasy|Adventure|Horror,157000000,124,1994,0,8.8,474,2150000,1,0,1,0,0,0,0,0,0,1,1,0,0
585,Movie 585 (2024),Documentary|Animation|Horror,162000000,89,1998,0,5.4,461,1680000,1,0,0,1,0,0,0,1,0,0,1,0,0
586,Movie 586 (2024),Thriller|Sci-Fi|Adventure,175000000,111,2005,0,5.9,319,3670000,1,0,1,0,0,0,0,0,0,0,0,1,1
587,Movie 587 (2024),Children,109000000,168,1994,0,9.5,363,1620000,1,0,0,0,1,0,0,0,0,0,0,0,0
588,Movie 588 (2024),Comedy|Crime|Drama,151000000,129,2004,0,6.1,384,3210000,1,0,0,0,0,1,1,0,1,0,0,0,0
589,Movie 589 (2024),Action|Children,197000000,170,2004,0,5.1,309,4110000,1,1,0,0,1,0,0,0,0,0,0,0,0
590,Movie 590 (2024),Comedy|Children,124000000,145,1999,0,7.3,365,1140000,1,0,0,0,1,1,0,0,0,0,0,0,0
591,Movie 591 (2024),Animation|Sci-Fi,106000000,157,2018,0,5.6,161,1070000,1,0,0,1,0,0,0,0,0,0,0,1,0
592,Movie 592 (2024),Animation|Horror|Drama,184000000,139,1990,0,3.0,203,1970000,1,0,0,1,0,0,0,0,1,0,1,0,0
593,Movie 593 (2024),Drama,7000000,169,2024,0,7.3,279,1880000,1,0,0,0,0,0,0,0,1,0,0,0,0
594,Movie 594 (2024),Children|Fantasy|Comedy,84000000,109,2013,0,4.4,47,1220000,1,0,0,0,1,1,0,0,0,1,0,0,0
595,Movie 595 (2024),Drama,51000000,172,1991,1,3.7,144,3810000,0,0,0,0,0,0,0,0,1,0,0,0,0
596,Movie 596 (2024),Children|Comedy|Thriller,174000000,131,2014,0,4.1,50,590000,0,0,0,0,1,1,0,0,0,0,0,0,1
597,Movie 597 (2024),Adventure,85000000,100,2022,1,8.1,174,2280000,1,0,1,0,0,0,0,0,0,0,0,0,0
598,Movie 598 (2024),Fantasy,144000000,89,2017,0,5.0,408,2220000,0,0,0,0,0,0,0,0,0,1,0,0,0
599,Movie 599 (2024),Adventure|Horror,58000000,162,2024,0,5.0,382,3260000,1,0,1,0,0,0,0,0,0,0,1,0,0
600,Movie 600 (2024),Comedy|Sci-Fi|Fantasy,20000000,146,1991,1,2.5,101,4130000,1,0,0,0,0,1,0,0,0,1,0,1,0
601,Movie 601 (2024),Fantasy|Documentary|Crime,66000000,80,2003,0,4.5,177,3350000,1,0,0,0,0,0,1,1,0,1,0,0,0
602,Movie 602 (2024),Adventure,24000000,138,2002,0,6.9,102,660000,1,0,1,0,0,0,0,0,0,0,0,0,0
603,Movie 603 (2024),Fantasy|Children,74000000,111,2006,1,7.2,11,3500000,1,0,0,0,1,0,0,0,0,1,0,0,0
604,Movie 604 (2024),Horror|Sci-Fi|Action,187000000,129,1994,1,2.6,356,4660000,1,1,0,0,0,0,0,0,0,0,1,1,0
605,Movie 605 (2024),Documentary|Animation,106000000,153,2020,0,4.1,470,4970000,1,0,0,1,0,0,0,1,0,0,0,0,0
606,Movie 606 (2024),Action,96000000,179,2010,0,6.5,114,1760000,0,1,0,0,0,0,0,0,0,0,0,0,0
607,Movie 607 (2024),Crime|Adventure,43000000,125,2015,0,5.0,417,1100000,0,0,1,0,0,0,1,0,0,0,0,0,0
608,Movie 608 (2024),Crime,198000000,138,1999,0,7.9,339,3250000,0,0,0,0,0,0,1,0,0,0,0,0,0
609,Movie 609 (2024),Children,71000000,91,2004,0,6.4,21,510000,1,0,0,0,1,0,0,0,0,0,0,0,0
610,Movie 610 (2024),Action,6000000,138,2020,0,4.2,390,2970000,1,1,0,0,0,0,0,0,0,0,0,0,0
611,Movie 611 (2024),Children|Crime,135000000,137,1995,1,6.5,184,4360000,1,0,0,0,1,0,1,0,0,0,0,0,0
612,Movie 612 (2024),Horror|Comedy,169000000,176,2022,1,4.0,439,4640000,1,0,0,0,0,1,0,0,0,0,1,0,0
613,Movie 613 (2024),Drama|Fantasy|Thriller,105000000,164,2001,0,6.2,223,4030000,0,0,0,0,0,0,0,0,1,1,0,0,1
614,Movie 614 (2024),Adventure,136000000,142,2024,0,2.1,194,4630000,0,0,1,0,0,0,0,0,0,0,0,0,0
615,Movie 615 (2024),Horror|Children|Adventure,85000000,127,2005,0,6.3,460,1130000,0,0,1,0,1,0,0,0,0,0,1,0,0
616,Movie 616 (2024),Sci-Fi|Documentary,152000000,131,2013,1,7.4,17,4880000,1,0,0,0,0,0,0,1,0,0,0,1,0
617,Movie 617 (2024),Action|Sci-Fi,90000000,138,1995,0,3.1,326,4460000,1,1,0,0,0,0,0,0,0,0,0,1,0
618,Movie 618 (2024),Fantasy|Animation,62000000,92,2011,0,5.1,333,4780000,1,0,0,1,0,0,0,0,0,1,0,0,0
619,Movie 619 (2024),Drama,36000000,171,1994,0,3.9,472,1700000,1,0,0,0,0,0,0,0,1,0,0,0,0
620,Movie 620 (2024),Animation,109000000,83,2015,0,7.5,158,660000,1,0,0,1,0,0,0,0,0,0,0,0,0
621,Movie 621 (2024),Comedy|Animation,189000000,100,2023,0,3.6,483,3010000,0,0,0,1,0,1,0,0,0,0,0,0,0
622,Movie 622 (2024),Sci-Fi|Thriller|Animation,88000000,143,2017,0,7.5,278,4200000,0,0,0,1,0,0,0,0,0,0,0,1,1
623,Movie 623 (2024),Crime,163000000,126,2006,0,3.2,315,4230000,0,0,0,0,0,0,1,0,0,0,0,0,0
624,Movie 624 (2024),Horror|Thriller|Children,99000000,178,2002,1,3.1,351,3960000,1,0,0,0,1,0,0,0,0,0,1,0,1
625,Movie 625 (2024),Sci-Fi|Action|Drama,119000000,113,1993,1,8.1,481,4940000,1,1,0,0,0,0,0,0,1,0,0,1,0
626,Movie 626 (2024),Children|Horror|Comedy,100000000,83,2017,0,3.9,422,1990000,0,0,0,0,1,1,0,0,0,0,1,0,0
627,Movie 627 (2024),Documentary|Horror|Sci-Fi,160000000,135,2021,0,5.0,22,4810000,1,0,0,0,0,0,0,1,0,0,1,1,0
628,Movie 628 (2024),Comedy|Drama|Horror,197000000,101,2011,0,3.2,102,2300000,1,0,0,0,0,1,0,0,1,0,1,0,0
629,Movie 629 (2024),Documentary|Crime|Adventure,174000000,168,1991,1,3.9,196,2530000,1,0,1,0,0,0,1,1,0,0,0,0,0
630,Movie 630 (2024),Drama,151000000,173,1997,0,7.9,10,2070000,0,0,0,0,0,0,0,0,1,0,0,0,0
631,Movie 631 (2024),Horror,192000000,141,1997,0,6.6,406,2860000,0,0,0,0,0,0,0,0,0,0,1,0,0
632,Movie 632 (2024),Thriller,64000000,143,2014,0,9.9,453,2630000,0,0,0,0,0,0,0,0,0,0,0,0,1
633,Movie 633 (2024),Thriller,181000000,81,2002,0,9.3,255,3190000,1,0,0,0,0,0,0,0,0,0,0,0,1
634,Movie 634 (2024),Drama|Action,16000000,118,2006,0,8.4,488,4670000,1,1,0,0,0,0,0,0,1,0,0,0,0
635,Movie 635 (2024),Sci-Fi,70000000,170,1996,0,3.6,326,1020000,1,0,0,0,0,0,0,0,0,0,0,1,0
636,Movie 636 (2024),Fantasy,126000000,100,2008,0,3.3,482,2140000,0,0,0,0,0,0,0,0,0,1,0,0,0
637,Movie 637 (2024),Fantasy,6000000,143,2011,0,5.6,445,2180000,1,0,0,0,0,0,0,0,0,1,0,0,0
638,Movie 638 (2024),Action|Horror|Documentary,50000000,130,2005,0,8.1,251,3120000,0,1,0,0,0,0,0,1,0,0,1,0,0
639,Movie 639 (2024),Children|Adventure,79000000,87,1997,0,7.4,393,580000,1,0,1,0,1,0,0,0,0,0,0,0,0
640,Movie 640 (2024),Adventure|Drama,10000000,170,2020,1,7.5,147,2990000,1,0,1,0,0,0,0,0,1,0,0,0,0
641,Movie 641 (2024),Thriller|Horror,86000000,110,2000,0,5.3,219,2400000,1,0,0,0,0,0,0,0,0,0,1,0,1
642,Movie 642 (2024),Crime,89000000,141,2000,0,6.4,67,830000,1,0,0,0,0,0,1,0,0,0,0,0,0
643,Movie 643 (2024),Crime,105000000,149,1998,0,9.3,471,2380000,1,0,0,0,0,0,1,0,0,0,0,0,0
644,Movie 644 (2024),Thriller,103000000,101,2022,1,7.8,12,2390000,0,0,0,0,0,0,0,0,0,0,0,0,1
645,Movie 645 (2024),Drama|Animation|Sci-Fi,9000000,134,2000,0,6.7,379,1620000,1,0,0,1,0,0,0,0,1,0,0,1,0
646,Movie 646 (2024),Crime|Children,78000000,107,2000,0,8.4,117,4550000,1,0,0,0,1,0,1,0,0,0,0,0,0
647,Movie 647 (2024),Children|Documentary|Horror,43000000,178,1997,0,9.6,111,1970000,0,0,0,0,1,0,0,1,0,0,1,0,0
648,Movie 648 (2024),Crime|Animation|Sci-Fi,56000000,152,2002,0,4.8,435,1690000,1,0,0,1,0,0,1,0,0,0,0,1,0
649,Movie 649 (2024),Documentary|Children|Fantasy,10000000,163,2015,0,8.8,240,2120000,1,0,0,0,1,0,0,1,0,1,0,0,0
650,Movie 650 (2024),Sci-Fi|Animation|Adventure,54000000,112,2012,1,2.8,462,4500000,0,0,1,1,0,0,0,0,0,0,0,1,0
651,Movie 651 (2024),Fantasy|Sci-Fi|Crime,104000000,176,2015,1,3.6,145,1440000,0,0,0,0,0,0,1,0,0,1,0,1,0
652,Movie 652 (2024),Horror|Comedy|Documentary,132000000,167,2000,0,8.4,280,3550000,0,0,0,0,0,1,0,1,0,0,1,0,0
653,Movie 653 (2024),Adventure,13000000,166,1994,0,5.7,307,1640000,0,0,1,0,0,0,0,0,0,0,0,0,0
654,Movie 654 (2024),Thriller|Sci-Fi|Documentary,117000000,158,2015,0,5.8,81,820000,1,0,0,0,0,0,0,1,0,0,0,1,1
655,Movie 655 (2024),Comedy,199000000,113,2003,1,2.4,379,2180000,1,0,0,0,0,1,0,0,0,0,0,0,0
656,Movie 656 (2024),Children,32000000,94,2002,0,8.8,75,820000,1,0,0,0,1,0,0,0,0,0,0,0,0
657,Movie 657 (2024),Action|Children,25000000,91,2005,0,7.9,334,1240000,1,1,0,0,1,0,0,0,0,0,0,0,0
658,Movie 658 (2024),Comedy,99000000,149,2003,0,3.1,185,3510000,1,0,0,0,0,1,0,0,0,0,0,0,0
659,Movie 659 (2024),Animation|Documentary,123000000,160,2019,0,5.6,308,1700000,0,0,0,1,0,0,0,1,0,0,0,0,0
660,Movie 660 (2024),Thriller,95000000,169,2012,1,3.3,274,1060000,1,0,0,0,0,0,0,0,0,0,0,0,1
661,Movie 661 (2024),Crime|Drama,127000000,118,2000,0,8.6,297,4630000,1,0,0,0,0,0,1,0,1,0,0,0,0
662,Movie 662 (2024),Thriller|Documentary|Comedy,57000000,93,1992,1,6.4,263,2420000,0,0,0,0,0,1,0,1,0,0,0,0,1
663,Movie 663 (2024),Children,85000000,98,2003,0,2.4,87,800000,0,0,0,0,1,0,0,0,0,0,0,0,0
664,Movie 664 (2024),Thriller|Sci-Fi|Fantasy,133000000,137,2005,0,4.0,469,4220000,1,0,0,0,0,0,0,0,0,1,0,1,1
665,Movie 665 (2024),Sci-Fi|Adventure,162000000,84,2021,1,8.6,286,1600000,0,0,1,0,0,0,0,0,0,0,0,1,0
666,Movie 666 (2024),Sci-Fi,197000000,147,2017,0,7.6,347,640000,1,0,0,0,0,0,0,0,0,0,0,1,0
667,Movie 667 (2024),Documentary|Animation|Children,15000000,129,2011,0,4.4,402,2490000,0,0,0,1,1,0,0,1,0,0,0,0,0
668,Movie 668 (2024),Sci-Fi,80000000,132,2006,0,2.3,150,4640000,0,0,0,0,0,0,0,0,0,0,0,1,0
669,Movie 669 (2024),Crime|Sci-Fi|Documentary,173000000,140,1998,1,7.6,157,530000,0,0,0,0,0,0,1,1,0,0,0,1,0
670,Movie 670 (2024),Fantasy|Action,25000000,105,1993,0,7.8,16,970000,0,1,0,0,0,0,0,0,0,1,0,0,0
671,Movie 671 (2024),Action|Sci-Fi,66000000,144,1994,0,6.4,131,1680000,1,1,0,0,0,0,0,0,0,0,0,1,0
672,Movie 672 (2024),Documentary,183000000,134,2000,0,9.6,218,4000000,1,0,0,0,0,0,0,1,0,0,0,0,0
673,Movie 673 (2024),Children|Thriller,83000000,124,2008,0,8.1,203,4820000,1,0,0,0,1,0,0,0,0,0,0,0,1
674,Movie 674 (2024),Sci-Fi,170000000,129,1992,0,3.8,175,3900000,1,0,0,0,0,0,0,0,0,0,0,1,0
675,Movie 675 (2024),Adventure,136000000,123,2009,0,4.1,182,3430000,0,0,1,0,0,0,0,0,0,0,0,0,0
676,Movie 676 (2024),Adventure|Action|Children,81000000,152,1998,0,7.4,485,3870000,1,1,1,0,1,0,0,0,0,0,0,0,0
677,Movie 677 (2024),Sci-Fi|Comedy,125000000,158,2016,0,6.6,99,1700000,0,0,0,0,0,1,0,0,0,0,0,1,0
678,Movie 678 (2024),Children|Drama|Crime,12000000,93,1996,0,7.6,308,1830000,0,0,0,0,1,0,1,0,1,0,0,0,0
679,Movie 679 (2024),Thriller|Fantasy|Comedy,133000000,129,2019,0,6.4,355,2010000,1,0,0,0,0,1,0,0,0,1,0,0,1
680,Movie 680 (2024),Fantasy|Drama,13000000,96,1995,0,9.9,52,2540000,1,0,0,0,0,0,0,0,1,1,0,0,0
681,Movie 681 (2024),Drama|Action,12000000,135,1997,0,9.5,290,3050000,0,1,0,0,0,0,0,0,1,0,0,0,0
682,Movie 682 (2024),Crime,102000000,92,2022,0,9.2,21,3490000,1,0,0,0,0,0,1,0,0,0,0,0,0
683,Movie 683 (2024),Action|Documentary,190000000,128,1996,0,2.1,217,2260000,1,1,0,0,0,0,0,1,0,0,0,0,0
684,Movie 684 (2024),Animation,175000000,138,2006,1,2.3,120,2170000,1,0,0,1,0,0,0,0,0,0,0,0,0
685,Movie 685 (2024),Comedy|Sci-Fi|Fantasy,51000000,104,2011,0,2.4,420,4350000,1,0,0,0,0,1,0,0,0,1,0,1,0
686,Movie 686 (2024),Drama,195000000,129,2013,0,7.1,63,4970000,1,0,0,0,0,0,0,0,1,0,0,0,0
687,Movie 687 (2024),Children|Animation|Documentary,61000000,146,2011,0,3.5,126,4260000,1,0,0,1,1,0,0,1,0,0,0,0,0
688,Movie 688 (2024),Fantasy|Sci-Fi,62000000,90,2001,0,5.7,350,3700000,0,0,0,0,0,0,0,0,0,1,0,1,0
689,Movie 689 (2024),Horror|Drama|Documentary,185000000,90,1990,1,7.2,407,1960000,0,0,0,0,0,0,0,1,1,0,1,0,0
690,Movie 690 (2024),Horror|Children,77000000,85,2011,0,4.7,459,3320000,0,0,0,0,1,0,0,0,0,0,1,0,0
691,Movie 691 (2024),Sci-Fi|Documentary|Animation,15000000,80,1999,0,9.1,470,3480000,0,0,0,1,0,0,0,1,0,0,0,1,0
692,Movie 692 (2024),Drama|Thriller|Fantasy,149000000,142,2004,1,2.5,143,2800000,1,0,0,0,0,0,0,0,1,1,0,0,1
693,Movie 693 (2024),Sci-Fi|Children|Horror,178000000,123,2013,0,2.9,126,4660000,0,0,0,0,1,0,0,0,0,0,1,1,0
694,Movie 694 (2024),Animation|Fantasy|Adventure,12000000,161,2009,0,5.9,59,2890000,0,0,1,1,0,0,0,0,0,1,0,0,0
695,Movie 695 (2024),Thriller|Crime,14000000,177,2019,0,7.2,177,2270000,0,0,0,0,0,0,1,0,0,0,0,0,1
696,Movie 696 (2024),Thriller|Fantasy,48000000,84,1993,0,7.4,18,2610000,0,0,0,0,0,0,0,0,0,1,0,0,1
697,Movie 697 (2024),Adventure,40000000,142,2010,0,9.1,418,4980000,0,0,1,0,0,0,0,0,0,0,0,0,0
698,Movie 698 (2024),Horror,2000000,110,2019,0,3.0,101,630000,1,0,0,0,0,0,0,0,0,0,1,0,0
699,Movie 699 (2024),Horror|Comedy|Adventure,49000000,178,1994,0,2.0,336,1460000,0,0,1,0,0,1,0,0,0,0,1,0,0
700,Movie 700 (2024),Horror,15000000,138,2014,0,3.9,120,3650000,0,0,0,0,0,0,0,0,0,0,1,0,0
701,Movie 701 (2024),Action|Children|Crime,134000000,137,1997,0,7.1,295,2060000,1,1,0,0,1,0,1,0,0,0,0,0,0
702,Movie 702 (2024),Animation,123000000,109,2009,0,9.7,269,3090000,1,0,0,1,0,0,0,0,0,0,0,0,0
703,Movie 703 (2024),Thriller|Horror,56000000,92,1991,0,6.1,260,1790000,0,0,0,0,0,0,0,0,0,0,1,0,1
704,Movie 704 (2024),Animation,124000000,97,2008,1,2.4,217,650000,1,0,0,1,0,0,0,0,0,0,0,0,0
705,Movie 705 (2024),Comedy,73000000,156,1997,0,9.8,98,3990000,1,0,0,0,0,1,0,0,0,0,0,0,0
706,Movie 706 (2024),Thriller|Sci-Fi|Crime,20000000,127,2003,1,2.9,339,2700000,0,0,0,0,0,0,1,0,0,0,0,1,1
707,Movie 707 (2024),Children|Horror|Thriller,77000000,116,1994,1,7.6,92,2930000,1,0,0,0,1,0,0,0,0,0,1,0,1
708,Movie 708 (2024),Crime|Sci-Fi|Thriller,21000000,91,2021,0,4.4,395,3870000,1,0,0,0,0,0,1,0,0,0,0,1,1
709,Movie 709 (2024),Thriller|Crime|Drama,81000000,149,1998,1,8.1,453,870000,0,0,0,0,0,0,1,0,1,0,0,0,1
710,Movie 710 (2024),Fantasy,133000000,151,2016,0,5.1,156,4530000,0,0,0,0,0,0,0,0,0,1,0,0,0
711,Movie 711 (2024),Sci-Fi,77000000,119,2018,0,6.5,150,4840000,1,0,0,0,0,0,0,0,0,0,0,1,0
712,Movie 712 (2024),Drama,28000000,174,2021,0,6.6,203,1130000,0,0,0,0,0,0,0,0,1,0,0,0,0
713,Movie 713 (2024),Adventure,33000000,174,2014,0,9.3,145,2970000,1,0,1,0,0,0,0,0,0,0,0,0,0
714,Movie 714 (2024),Fantasy,156000000,111,2023,1,2.8,284,2660000,0,0,0,0,0,0,0,0,0,1,0,0,0
715,Movie 715 (2024),Comedy|Horror,164000000,111,2010,0,8.6,261,4870000,1,0,0,0,0,1,0,0,0,0,1,0,0
716,Movie 716 (2024),Documentary,53000000,124,2013,0,5.8,69,4060000,0,0,0,0,0,0,0,1,0,0,0,0,0
717,Movie 717 (2024),Adventure|Children|Thriller,141000000,168,2008,0,3.1,251,4000000,0,0,1,0,1,0,0,0,0,0,0,0,1
718,Movie 718 (2024),Adventure,118000000,110,1999,0,6.7,216,4530000,1,0,1,0,0,0,0,0,0,0,0,0,0
719,Movie 719 (2024),Animation|Comedy,60000000,153,2003,0,6.0,264,4480000,1,0,0,1,0,1,0,0,0,0,0,0,0
720,Movie 720 (2024),Fantasy|Drama|Horror,38000000,170,1997,0,5.4,32,3740000,0,0,0,0,0,0,0,0,1,1,1,0,0
721,Movie 721 (2024),Action|Children,76000000,170,1999,0,5.3,345,900000,1,1,0,0,1,0,0,0,0,0,0,0,0
722,Movie 722 (2024),Fantasy|Documentary|Action,47000000,132,2016,0,8.1,56,4080000,0,1,0,0,0,0,0,1,0,1,0,0,0
723,Movie 723 (2024),Thriller,24000000,175,2022,0,7.5,350,2410000,1,0,0,0,0,0,0,0,0,0,0,0,1
724,Movie 724 (2024),Documentary|Thriller|Adventure,104000000,93,1996,0,8.0,245,2390000,1,0,1,0,0,0,0,1,0,0,0,0,1
725,Movie 725 (2024),Comedy|Horror|Crime,198000000,148,1995,0,2.9,261,3500000,1,0,0,0,0,1,1,0,0,0,1,0,0
726,Movie 726 (2024),Animation|Adventure,143000000,120,2000,0,6.1,173,3820000,0,0,1,1,0,0,0,0,0,0,0,0,0
727,Movie 727 (2024),Documentary|Fantasy,189000000,110,1999,0,8.1,339,780000,1,0,0,0,0,0,0,1,0,1,0,0,0
728,Movie 728 (2024),Children|Fantasy|Thriller,52000000,138,1995,1,5.6,175,1110000,0,0,0,0,1,0,0,0,0,1,0,0,1
729,Movie 729 (2024),Drama|Horror,97000000,145,1996,0,7.9,204,4160000,0,0,0,0,0,0,0,0,1,0,1,0,0
730,Movie 730 (2024),Drama|Sci-Fi|Crime,68000000,174,1996,0,7.8,226,750000,1,0,0,0,0,0,1,0,1,0,0,1,0
731,Movie 731 (2024),Drama|Animation,181000000,155,1996,0,3.2,494,570000,1,0,0,1,0,0,0,0,1,0,0,0,0
732,Movie 732 (2024),Drama,123000000,164,2008,0,7.4,486,2520000,1,0,0,0,0,0,0,0,1,0,0,0,0
733,Movie 733 (2024),Animation,64000000,99,1999,0,8.2,112,3920000,0,0,0,1,0,0,0,0,0,0,0,0,0
734,Movie 734 (2024),Horror|Action|Animation,151000000,104,2012,0,7.2,235,1370000,1,1,0,1,0,0,0,0,0,0,1,0,0
735,Movie 735 (2024),Drama,81000000,136,1998,0,3.6,69,1260000,1,0,0,0,0,0,0,0,1,0,0,0,0
736,Movie 736 (2024),Documentary|Sci-Fi|Thriller,184000000,80,1990,0,6.2,264,1100000,1,0,0,0,0,0,0,1,0,0,0,1,1
737,Movie 737 (2024),Animation,190000000,147,1999,0,7.5,164,3210000,1,0,0,1,0,0,0,0,0,0,0,0,0
738,Movie 738 (2024),Thriller|Crime|Horror,82000000,98,1994,0,2.5,196,2660000,0,0,0,0,0,0,1,0,0,0,1,0,1
739,Movie 739 (2024),Children,3000000,102,1995,0,7.3,376,4610000,1,0,0,0,1,0,0,0,0,0,0,0,0
740,Movie 740 (2024),Crime|Children,156000000,147,2012,0,2.5,127,4490000,0,0,0,0,1,0,1,0,0,0,0,0,0
741,Movie 741 (2024),Thriller,166000000,168,2004,0,6.1,449,4930000,1,0,0,0,0,0,0,0,0,0,0,0,1
742,Movie 742 (2024),Comedy|Thriller,166000000,171,2004,0,4.9,120,4060000,0,0,0,0,0,1,0,0,0,0,0,0,1
743,Movie 743 (2024),Drama|Sci-Fi,74000000,172,2003,0,2.5,38,960000,1,0,0,0,0,0,0,0,1,0,0,1,0
744,Movie 744 (2024),Horror,53000000,140,2004,0,7.2,422,950000,0,0,0,0,0,0,0,0,0,0,1,0,0
745,Movie 745 (2024),Thriller|Fantasy,59000000,105,1995,0,9.5,52,1280000,1,0,0,0,0,0,0,0,0,1,0,0,1
746,Movie 746 (2024),Children|Thriller,87000000,140,2017,0,9.2,237,4820000,1,0,0,0,1,0,0,0,0,0,0,0,1
747,Movie 747 (2024),Children|Animation|Adventure,46000000,123,2003,0,2.0,445,1130000,0,0,1,1,1,0,0,0,0,0,0,0,0
748,Movie 748 (2024),Crime,145000000,86,2014,0,4.6,227,4240000,0,0,0,0,0,0,1,0,0,0,0,0,0
749,Movie 749 (2024),Action|Documentary|Horror,193000000,114,2012,0,7.7,393,3180000,1,1,0,0,0,0,0,1,0,0,1,0,0
750,Movie 750 (2024),Adventure,64000000,170,2018,0,7.9,428,4860000,1,0,1,0,0,0,0,0,0,0,0,0,0
751,Movie 751 (2024),Sci-Fi|Fantasy|Horror,127000000,171,2002,0,4.3,67,3490000,0,0,0,0,0,0,0,0,0,1,1,1,0
752,Movie 752 (2024),Crime|Action|Documentary,112000000,163,2012,0,6.3,215,1800000,1,1,0,0,0,0,1,1,0,0,0,0,0
753,Movie 753 (2024),Action|Drama|Animation,120000000,107,2006,0,7.2,124,3350000,0,1,0,1,0,0,0,0,1,0,0,0,0
754,Movie 754 (2024),Crime|Drama,167000000,124,1998,0,7.4,391,3180000,1,0,0,0,0,0,1,0,1,0,0,0,0
755,Movie 755 (2024),Thriller|Animation,6000000,179,2007,1,4.7,87,4710000,0,0,0,1,0,0,0,0,0,0,0,0,1
756,Movie 756 (2024),Comedy,188000000,138,2000,0,3.0,30,3490000,1,0,0,0,0,1,0,0,0,0,0,0,0
757,Movie 757 (2024),Documentary,117000000,152,1998,1,9.3,53,1630000,0,0,0,0,0,0,0,1,0,0,0,0,0
758,Movie 758 (2024),Horror,143000000,90,2024,0,8.8,455,3540000,0,0,0,0,0,0,0,0,0,0,1,0,0
759,Movie 759 (2024),Adventure,22000000,112,2009,0,8.9,354,940000,0,0,1,0,0,0,0,0,0,0,0,0,0
760,Movie 760 (2024),Animation|Horror|Drama,63000000,82,2013,0,9.4,298,930000,1,0,0,1,0,0,0,0,1,0,1,0,0
761,Movie 761 (2024),Adventure|Horror,32000000,122,1991,1,3.2,231,4640000,1,0,1,0,0,0,0,0,0,0,1,0,0
762,Movie 762 (2024),Sci-Fi|Crime,190000000,93,2024,0,3.9,263,4270000,1,0,0,0,0,0,1,0,0,0,0,1,0
763,Movie 763 (2024),Adventure|Sci-Fi|Action,74000000,159,2012,0,7.8,347,4300000,1,1,1,0,0,0,0,0,0,0,0,1,0
764,Movie 764 (2024),Children|Adventure,129000000,166,2000,0,6.0,233,1840000,1,0,1,0,1,0,0,0,0,0,0,0,0
765,Movie 765 (2024),Animation|Sci-Fi,198000000,169,2021,1,9.8,350,1430000,0,0,0,1,0,0,0,0,0,0,0,1,0
766,Movie 766 (2024),Thriller|Crime|Children,175000000,148,1999,0,5.5,163,1910000,0,0,0,0,1,0,1,0,0,0,0,0,1
767,Movie 767 (2024),Animation|Comedy,166000000,101,2008,0,8.5,384,3560000,0,0,0,1,0,1,0,0,0,0,0,0,0
768,Movie 768 (2024),Crime|Drama,98000000,163,2001,0,3.5,498,1180000,1,0,0,0,0,0,1,0,1,0,0,0,0
769,Movie 769 (2024),Horror|Children,40000000,112,2014,0,7.7,302,2170000,1,0,0,0,1,0,0,0,0,0,1,0,0
770,Movie 770 (2024),Crime|Children|Action,40000000,127,2000,0,4.8,40,2180000,0,1,0,0,1,0,1,0,0,0,0,0,0
771,Movie 771 (2024),Drama|Horror,24000000,133,2024,0,2.5,49,2320000,1,0,0,0,0,0,0,0,1,0,1,0,0
772,Movie 772 (2024),Comedy|Drama,155000000,176,2009,0,4.8,191,4320000,0,0,0,0,0,1,0,0,1,0,0,0,0
773,Movie 773 (2024),Adventure,20000000,117,2003,1,4.5,301,4120000,0,0,1,0,0,0,0,0,0,0,0,0,0
774,Movie 774 (2024),Sci-Fi|Adventure|Fantasy,70000000,105,2019,0,9.2,166,3790000,0,0,1,0,0,0,0,0,0,1,0,1,0
775,Movie 775 (2024),Action|Adventure|Comedy,179000000,157,2010,0,5.5,7,560000,0,1,1,0,0,1,0,0,0,0,0,0,0
776,Movie 776 (2024),Horror|Drama,194000000,88,2015,0,2.3,270,4390000,1,0,0,0,0,0,0,0,1,0,1,0,0
777,Movie 777 (2024),Adventure|Horror|Animation,65000000,82,2014,0,2.4,259,1140000,0,0,1,1,0,0,0,0,0,0,1,0,0
778,Movie 778 (2024),Fantasy|Thriller,172000000,138,2009,0,2.3,50,4600000,1,0,0,0,0,0,0,0,0,1,0,0,1
779,Movie 779 (2024),Action,45000000,118,2021,0,2.7,77,2080000,1,1,0,0,0,0,0,0,0,0,0,0,0
780,Movie 780 (2024),Action|Adventure,116000000,179,2020,0,4.8,56,4030000,1,1,1,0,0,0,0,0,0,0,0,0,0
781,Movie 781 (2024),Sci-Fi|Horror,66000000,167,2009,1,6.9,469,2240000,0,0,0,0,0,0,0,0,0,0,1,1,0
782,Movie 782 (2024),Fantasy,94000000,137,2004,0,4.2,169,3750000,1,0,0,0,0,0,0,0,0,1,0,0,0
783,Movie 783 (2024),Children,172000000,160,2000,0,7.6,473,700000,0,0,0,0,1,0,0,0,0,0,0,0,0
784,Movie 784 (2024),Horror|Comedy,72000000,115,1996,1,5.4,130,1720000,0,0,0,0,0,1,0,0,0,0,1,0,0
785,Movie 785 (2024),Action,182000000,149,2015,1,3.6,354,4200000,0,1,0,0,0,0,0,0,0,0,0,0,0
786,Movie 786 (2024),Children|Sci-Fi|Crime,177000000,170,2017,0,8.1,99,4190000,1,0,0,0,1,0,1,0,0,0,0,1,0
787,Movie 787 (2024),Children|Documentary,141000000,134,2013,0,3.2,429,4310000,1,0,0,0,1,0,0,1,0,0,0,0,0
788,Movie 788 (2024),Drama|Adventure|Crime,148000000,174,2018,0,8.2,432,1000000,0,0,1,0,0,0,1,0,1,0,0,0,0
789,Movie 789 (2024),Adventure|Thriller,192000000,166,1990,1,3.5,155,590000,0,0,1,0,0,0,0,0,0,0,0,0,1
790,Movie 790 (2024),Horror|Children,113000000,130,2012,1,2.5,332,3990000,1,0,0,0,1,0,0,0,0,0,1,0,0
791,Movie 791 (2024),Documentary|Adventure,162000000,113,2017,0,2.8,150,3600000,0,0,1,0,0,0,0,1,0,0,0,0,0
792,Movie 792 (2024),Drama,162000000,90,1991,1,4.9,131,1590000,0,0,0,0,0,0,0,0,1,0,0,0,0
793,Movie 793 (2024),Fantasy|Adventure,61000000,129,2004,0,7.5,497,3130000,1,0,1,0,0,0,0,0,0,1,0,0,0
794,Movie 794 (2024),Animation|Documentary|Action,178000000,147,2013,0,6.0,454,1200000,0,1,0,1,0,0,0,1,0,0,0,0,0
795,Movie 795 (2024),Horror|Fantasy,142000000,109,2021,0,10.0,477,2400000,0,0,0,0,0,0,0,0,0,1,1,0,0
796,Movie 796 (2024),Crime|Drama|Thriller,105000000,130,2009,0,8.4,106,2880000,1,0,0,0,0,0,1,0,1,0,0,0,1
797,Movie 797 (2024),Crime|Adventure,65000000,98,2013,1,8.6,130,3740000,0,0,1,0,0,0,1,0,0,0,0,0,0
798,Movie 798 (2024),Adventure|Sci-Fi,47000000,179,1992,0,5.9,143,2630000,0,0,1,0,0,0,0,0,0,0,0,1,0
799,Movie 799 (2024),Action|Documentary|Children,137000000,143,1994,0,3.1,69,2690000,0,1,0,0,1,0,0,1,0,0,0,0,0
800,Movie 800 (2024),Sci-Fi|Drama|Horror,86000000,136,2019,0,6.3,127,2950000,1,0,0,0,0,0,0,0,1,0,1,1,0
801,Movie 801 (2024),Documentary|Children,16000000,87,2006,0,8.6,399,4270000,0,0,0,0,1,0,0,1,0,0,0,0,0
802,Movie 802 (2024),Action,103000000,173,2000,0,7.9,424,3830000,1,1,0,0,0,0,0,0,0,0,0,0,0
803,Movie 803 (2024),Fantasy|Horror|Action,179000000,131,2009,0,8.1,267,1100000,0,1,0,0,0,0,0,0,0,1,1,0,0
804,Movie 804 (2024),Children|Sci-Fi|Thriller,137000000,114,1996,0,9.5,452,3430000,0,0,0,0,1,0,0,0,0,0,0,1,1
805,Movie 805 (2024),Children|Thriller,73000000,89,1996,0,6.7,188,4370000,0,0,0,0,1,0,0,0,0,0,0,0,1
806,Movie 806 (2024),Comedy|Sci-Fi,3000000,158,1993,1,3.2,244,1100000,1,0,0,0,0,1,0,0,0,0,0,1,0
807,Movie 807 (2024),Documentary|Fantasy|Action,173000000,125,2019,0,9.2,300,4580000,0,1,0,0,0,0,0,1,0,1,0,0,0
808,Movie 808 (2024),Children,66000000,175,2001,0,8.8,41,940000,0,0,0,0,1,0,0,0,0,0,0,0,0
809,Movie 809 (2024),Fantasy|Children|Crime,194000000,166,2017,0,9.6,85,4210000,0,0,0,0,1,0,1,0,0,1,0,0,0
810,Movie 810 (2024),Sci-Fi|Thriller,93000000,80,2010,0,7.7,263,4650000,0,0,0,0,0,0,0,0,0,0,0,1,1
811,Movie 811 (2024),Animation|Action,77000000,114,2004,0,8.4,26,3360000,0,1,0,1,0,0,0,0,0,0,0,0,0
812,Movie 812 (2024),Adventure,152000000,102,2019,1,8.6,448,4660000,1,0,1,0,0,0,0,0,0,0,0,0,0
813,Movie 813 (2024),Horror|Action|Fantasy,153000000,173,2005,0,8.7,227,2520000,1,1,0,0,0,0,0,0,0,1,1,0,0
814,Movie 814 (2024),Sci-Fi,110000000,172,2021,0,4.2,341,1500000,0,0,0,0,0,0,0,0,0,0,0,1,0
815,Movie 815 (2024),Horror,54000000,82,1990,0,3.2,187,2540000,0,0,0,0,0,0,0,0,0,0,1,0,0
816,Movie 816 (2024),Animation|Sci-Fi|Adventure,111000000,145,2024,0,5.3,471,3780000,0,0,1,1,0,0,0,0,0,0,0,1,0
817,Movie 817 (2024),Action,26000000,160,1999,0,8.8,17,570000,1,1,0,0,0,0,0,0,0,0,0,0,0
818,Movie 818 (2024),Fantasy|Children,136000000,104,2002,0,9.2,151,3260000,1,0,0,0,1,0,0,0,0,1,0,0,0
819,Movie 819 (2024),Animation|Action|Sci-Fi,60000000,121,1999,0,8.0,403,1090000,0,1,0,1,0,0,0,0,0,0,0,1,0
820,Movie 820 (2024),Thriller|Action|Drama,35000000,141,2024,1,7.8,201,4570000,1,1,0,0,0,0,0,0,1,0,0,0,1
821,Movie 821 (2024),Animation|Comedy,66000000,125,2024,1,2.3,53,890000,1,0,0,1,0,1,0,0,0,0,0,0,0
822,Movie 822 (2024),Drama,121000000,114,2013,1,5.7,67,3720000,0,0,0,0,0,0,0,0,1,0,0,0,0
823,Movie 823 (2024),Adventure,44000000,159,2018,1,6.6,81,4550000,0,0,1,0,0,0,0,0,0,0,0,0,0
824,Movie 824 (2024),Animation|Horror,54000000,101,2021,1,5.3,254,840000,1,0,0,1,0,0,0,0,0,0,1,0,0
825,Movie 825 (2024),Crime|Documentary,8000000,170,2020,0,7.5,449,3830000,1,0,0,0,0,0,1,1,0,0,0,0,0
826,Movie 826 (2024),Comedy,137000000,167,1994,0,4.9,161,3250000,0,0,0,0,0,1,0,0,0,0,0,0,0
827,Movie 827 (2024),Comedy,135000000,124,2014,1,9.9,328,2700000,1,0,0,0,0,1,0,0,0,0,0,0,0
828,Movie 828 (2024),Horror|Adventure,66000000,151,1992,1,5.8,56,3410000,0,0,1,0,0,0,0,0,0,0,1,0,0
829,Movie 829 (2024),Sci-Fi,115000000,150,2006,0,4.5,423,1610000,0,0,0,0,0,0,0,0,0,0,0,1,0
830,Movie 830 (2024),Thriller,171000000,80,2024,0,8.1,429,4030000,0,0,0,0,0,0,0,0,0,0,0,0,1
831,Movie 831 (2024),Fantasy|Crime,11000000,131,2009,0,3.9,57,3180000,1,0,0,0,0,0,1,0,0,1,0,0,0
832,Movie 832 (2024),Action,48000000,146,1999,0,7.0,42,1800000,0,1,0,0,0,0,0,0,0,0,0,0,0
833,Movie 833 (2024),Crime|Documentary|Horror,156000000,154,2024,0,2.5,181,1930000,0,0,0,0,0,0,1,1,0,0,1,0,0
834,Movie 834 (2024),Fantasy|Sci-Fi,199000000,131,2007,1,9.1,236,3010000,1,0,0,0,0,0,0,0,0,1,0,1,0
835,Movie 835 (2024),Children,41000000,170,2019,1,2.8,181,4540000,0,0,0,0,1,0,0,0,0,0,0,0,0
836,Movie 836 (2024),Drama|Action,100000000,96,2009,0,5.1,471,3530000,1,1,0,0,0,0,0,0,1,0,0,0,0
837,Movie 837 (2024),Sci-Fi,32000000,158,2016,0,7.3,154,3770000,0,0,0,0,0,0,0,0,0,0,0,1,0
838,Movie 838 (2024),Crime|Fantasy,86000000,166,2024,0,8.8,428,1470000,1,0,0,0,0,0,1,0,0,1,0,0,0
839,Movie 839 (2024),Crime|Comedy,183000000,129,2008,0,5.0,154,2990000,1,0,0,0,0,1,1,0,0,0,0,0,0
840,Movie 840 (2024),Sci-Fi|Horror|Fantasy,112000000,82,2012,0,3.9,54,710000,1,0,0,0,0,0,0,0,0,1,1,1,0
841,Movie 841 (2024),Drama,91000000,177,2004,1,3.7,33,1860000,0,0,0,0,0,0,0,0,1,0,0,0,0
842,Movie 842 (2024),Crime|Drama,89000000,97,1998,0,8.2,346,4040000,1,0,0,0,0,0,1,0,1,0,0,0,0
843,Movie 843 (2024),Documentary|Horror,78000000,118,2021,1,9.6,418,1700000,0,0,0,0,0,0,0,1,0,0,1,0,0
844,Movie 844 (2024),Adventure|Fantasy|Thriller,75000000,115,2015,1,5.2,71,2680000,0,0,1,0,0,0,0,0,0,1,0,0,1
845,Movie 845 (2024),Adventure|Comedy,84000000,116,1991,0,3.9,10,1400000,1,0,1,0,0,1,0,0,0,0,0,0,0
846,Movie 846 (2024),Sci-Fi,91000000,103,2023,0,6.5,398,1700000,0,0,0,0,0,0,0,0,0,0,0,1,0
847,Movie 847 (2024),Adventure|Crime,89000000,159,2023,0,8.6,471,3570000,0,0,1,0,0,0,1,0,0,0,0,0,0
848,Movie 848 (2024),Drama,51000000,141,2004,0,9.0,4,2520000,0,0,0,0,0,0,0,0,1,0,0,0,0
849,Movie 849 (2024),Comedy|Children|Thriller,46000000,175,2018,0,8.6,281,4280000,0,0,0,0,1,1,0,0,0,0,0,0,1
850,Movie 850 (2024),Drama|Documentary|Children,88000000,148,1991,1,6.8,40,3620000,1,0,0,0,1,0,0,1,1,0,0,0,0
851,Movie 851 (2024),Children|Comedy,169000000,80,2010,0,4.1,194,1140000,1,0,0,0,1,1,0,0,0,0,0,0,0
852,Movie 852 (2024),Drama,27000000,93,2001,1,3.5,277,2550000,0,0,0,0,0,0,0,0,1,0,0,0,0
853,Movie 853 (2024),Children|Comedy,138000000,172,2017,0,6.6,255,1980000,0,0,0,0,1,1,0,0,0,0,0,0,0
854,Movie 854 (2024),Animation,169000000,103,2019,0,9.0,221,790000,1,0,0,1,0,0,0,0,0,0,0,0,0
855,Movie 855 (2024),Animation|Action|Thriller,78000000,115,1991,0,7.4,489,1260000,1,1,0,1,0,0,0,0,0,0,0,0,1
856,Movie 856 (2024),Documentary,7000000,123,2007,1,5.4,372,2730000,1,0,0,0,0,0,0,1,0,0,0,0,0
857,Movie 857 (2024),Drama|Animation|Children,76000000,124,2015,1,2.9,490,4100000,1,0,0,1,1,0,0,0,1,0,0,0,0
858,Movie 858 (2024),Fantasy|Sci-Fi,89000000,126,2016,0,6.4,364,750000,1,0,0,0,0,0,0,0,0,1,0,1,0
859,Movie 859 (2024),Animation|Children,166000000,179,2007,0,8.7,266,2340000,0,0,0,1,1,0,0,0,0,0,0,0,0
860,Movie 860 (2024),Thriller,88000000,88,1994,1,9.9,377,3660000,0,0,0,0,0,0,0,0,0,0,0,0,1
861,Movie 861 (2024),Sci-Fi|Crime|Documentary,15000000,113,2009,0,6.3,130,670000,0,0,0,0,0,0,1,1,0,0,0,1,0
862,Movie 862 (2024),Sci-Fi,48000000,150,2015,1,8.6,122,3420000,1,0,0,0,0,0,0,0,0,0,0,1,0
863,Movie 863 (2024),Adventure,32000000,159,2019,0,9.3,114,2620000,0,0,1,0,0,0,0,0,0,0,0,0,0
864,Movie 864 (2024),Sci-Fi|Horror|Drama,146000000,90,1996,0,8.4,461,2950000,1,0,0,0,0,0,0,0,1,0,1,1,0
865,Movie 865 (2024),Horror,129000000,145,1996,0,7.4,125,4460000,1,0,0,0,0,0,0,0,0,0,1,0,0
866,Movie 866 (2024),Animation|Action,6000000,84,2018,0,7.4,230,660000,1,1,0,1,0,0,0,0,0,0,0,0,0
867,Movie 867 (2024),Drama|Children|Thriller,141000000,168,1993,0,7.2,370,3030000,1,0,0,0,1,0,0,0,1,0,0,0,1
868,Movie 868 (2024),Action,163000000,110,2018,0,4.4,358,2230000,0,1,0,0,0,0,0,0,0,0,0,0,0
869,Movie 869 (2024),Sci-Fi|Horror|Drama,122000000,124,2021,0,3.4,481,4790000,1,0,0,0,0,0,0,0,1,0,1,1,0
870,Movie 870 (2024),Fantasy|Action|Crime,111000000,174,2014,0,6.7,498,1150000,0,1,0,0,0,0,1,0,0,1,0,0,0
871,Movie 871 (2024),Animation|Adventure,30000000,125,2013,0,3.5,431,4990000,0,0,1,1,0,0,0,0,0,0,0,0,0
872,Movie 872 (2024),Drama|Horror|Documentary,153000000,151,2001,0,7.1,201,1370000,0,0,0,0,0,0,0,1,1,0,1,0,0
873,Movie 873 (2024),Thriller|Horror,39000000,161,1999,0,8.5,432,1540000,1,0,0,0,0,0,0,0,0,0,1,0,1
874,Movie 874 (2024),Horror|Fantasy|Animation,67000000,116,2003,0,3.8,278,3760000,1,0,0,1,0,0,0,0,0,1,1,0,0
875,Movie 875 (2024),Thriller|Action,134000000,103,2003,0,9.6,419,4280000,1,1,0,0,0,0,0,0,0,0,0,0,1
876,Movie 876 (2024),Documentary|Horror,177000000,95,2016,1,6.5,204,590000,1,0,0,0,0,0,0,1,0,0,1,0,0
877,Movie 877 (2024),Drama,5000000,118,2023,0,7.7,195,4620000,1,0,0,0,0,0,0,0,1,0,0,0,0
878,Movie 878 (2024),Action|Horror,37000000,98,2013,1,6.6,248,2290000,0,1,0,0,0,0,0,0,0,0,1,0,0
879,Movie 879 (2024),Action,49000000,85,2000,0,9.9,65,3770000,0,1,0,0,0,0,0,0,0,0,0,0,0
880,Movie 880 (2024),Children,11000000,91,2001,1,7.7,383,4250000,0,0,0,0,1,0,0,0,0,0,0,0,0
881,Movie 881 (2024),Drama|Children|Fantasy,97000000,125,2002,0,7.0,405,2630000,0,0,0,0,1,0,0,0,1,1,0,0,0
882,Movie 882 (2024),Crime|Children,153000000,158,1993,1,5.9,177,730000,1,0,0,0,1,0,1,0,0,0,0,0,0
883,Movie 883 (2024),Adventure|Sci-Fi|Fantasy,3000000,97,2004,1,7.4,106,1280000,0,0,1,0,0,0,0,0,0,1,0,1,0
884,Movie 884 (2024),Comedy|Drama,1000000,133,2018,1,6.0,63,4490000,1,0,0,0,0,1,0,0,1,0,0,0,0
885,Movie 885 (2024),Action,11000000,85,2024,0,2.6,326,1360000,1,1,0,0,0,0,0,0,0,0,0,0,0
886,Movie 886 (2024),Thriller|Fantasy,60000000,98,2013,0,9.8,46,2590000,0,0,0,0,0,0,0,0,0,1,0,0,1
887,Movie 887 (2024),Thriller,188000000,99,2017,0,3.7,415,1890000,0,0,0,0,0,0,0,0,0,0,0,0,1
888,Movie 888 (2024),Drama,88000000,105,2004,0,3.1,475,2210000,0,0,0,0,0,0,0,0,1,0,0,0,0
889,Movie 889 (2024),Thriller|Adventure|Drama,35000000,107,2002,0,6.5,304,4280000,0,0,1,0,0,0,0,0,1,0,0,0,1
890,Movie 890 (2024),Crime|Children|Drama,158000000,154,2010,0,8.6,127,3570000,0,0,0,0,1,0,1,0,1,0,0,0,0
891,Movie 891 (2024),Comedy,97000000,171,1995,0,6.5,413,3010000,1,0,0,0,0,1,0,0,0,0,0,0,0
892,Movie 892 (2024),Drama,27000000,149,2000,0,7.1,350,1740000,0,0,0,0,0,0,0,0,1,0,0,0,0
893,Movie 893 (2024),Adventure,151000000,118,2021,0,5.8,43,4780000,0,0,1,0,0,0,0,0,0,0,0,0,0
894,Movie 894 (2024),Horror,99000000,127,2012,0,3.8,54,4150000,1,0,0,0,0,0,0,0,0,0,1,0,0
895,Movie 895 (2024),Sci-Fi,49000000,133,1999,0,4.2,439,1480000,0,0,0,0,0,0,0,0,0,0,0,1,0
896,Movie 896 (2024),Children|Documentary,144000000,139,2022,0,9.9,72,2290000,0,0,0,0,1,0,0,1,0,0,0,0,0
897,Movie 897 (2024),Sci-Fi,39000000,87,2020,0,7.4,288,3850000,1,0,0,0,0,0,0,0,0,0,0,1,0
898,Movie 898 (2024),Crime|Children,34000000,177,2006,0,6.7,225,1410000,1,0,0,0,1,0,1,0,0,0,0,0,0
899,Movie 899 (2024),Documentary|Sci-Fi|Thriller,194000000,132,2003,0,6.8,152,3530000,1,0,0,0,0,0,0,1,0,0,0,1,1
900,Movie 900 (2024),Animation|Fantasy,109000000,114,2024,0,3.6,341,3840000,0,0,0,1,0,0,0,0,0,1,0,0,0
901,Movie 901 (2024),Fantasy,121000000,112,2001,0,7.3,187,3390000,0,0,0,0,0,0,0,0,0,1,0,0,0
902,Movie 902 (2024),Sci-Fi|Thriller,21000000,143,1990,0,9.9,380,2700000,1,0,0,0,0,0,0,0,0,0,0,1,1
903,Movie 903 (2024),Horror|Thriller|Comedy,136000000,176,2018,1,7.6,10,4470000,1,0,0,0,0,1,0,0,0,0,1,0,1
904,Movie 904 (2024),Action,86000000,153,2004,1,9.2,195,1950000,1,1,0,0,0,0,0,0,0,0,0,0,0
905,Movie 905 (2024),Crime|Sci-Fi|Thriller,110000000,145,2008,0,4.8,187,4160000,0,0,0,0,0,0,1,0,0,0,0,1,1
906,Movie 906 (2024),Documentary|Thriller,75000000,86,1992,1,9.1,245,1310000,1,0,0,0,0,0,0,1,0,0,0,0,1
907,Movie 907 (2024),Documentary|Animation,43000000,158,2018,0,7.0,487,3540000,1,0,0,1,0,0,0,1,0,0,0,0,0
908,Movie 908 (2024),Adventure,115000000,94,1994,1,7.4,170,2780000,1,0,1,0,0,0,0,0,0,0,0,0,0
909,Movie 909 (2024),Crime|Adventure,45000000,139,2011,0,7.0,79,2380000,1,0,1,0,0,0,1,0,0,0,0,0,0
910,Movie 910 (2024),Crime,64000000,110,2008,0,9.8,190,3610000,0,0,0,0,0,0,1,0,0,0,0,0,0
911,Movie 911 (2024),Children|Drama,7000000,106,1991,1,7.9,348,4100000,0,0,0,0,1,0,0,0,1,0,0,0,0
912,Movie 912 (2024),Drama|Fantasy,28000000,146,1994,0,9.2,284,4450000,0,0,0,0,0,0,0,0,1,1,0,0,0
913,Movie 913 (2024),Crime|Children|Drama,35000000,104,2012,0,2.3,213,780000,1,0,0,0,1,0,1,0,1,0,0,0,0
914,Movie 914 (2024),Action|Drama|Animation,113000000,131,2017,0,2.1,105,4930000,0,1,0,1,0,0,0,0,1,0,0,0,0
915,Movie 915 (2024),Horror|Drama,189000000,130,2012,1,5.9,372,3750000,1,0,0,0,0,0,0,0,1,0,1,0,0
916,Movie 916 (2024),Documentary,86000000,160,2022,0,4.0,287,3870000,1,0,0,0,0,0,0,1,0,0,0,0,0
917,Movie 917 (2024),Documentary|Thriller,21000000,139,2018,0,4.4,70,2110000,0,0,0,0,0,0,0,1,0,0,0,0,1
918,Movie 918 (2024),Thriller|Documentary,99000000,171,2004,0,6.3,130,2210000,0,0,0,0,0,0,0,1,0,0,0,0,1
919,Movie 919 (2024),Animation,56000000,105,2007,0,4.7,224,3230000,0,0,0,1,0,0,0,0,0,0,0,0,0
920,Movie 920 (2024),Crime|Adventure|Sci-Fi,156000000,108,2002,0,8.9,70,1930000,0,0,1,0,0,0,1,0,0,0,0,1,0
921,Movie 921 (2024),Action|Drama,182000000,117,2021,0,8.1,480,820000,1,1,0,0,0,0,0,0,1,0,0,0,0
922,Movie 922 (2024),Action|Horror|Animation,166000000,135,1998,0,5.3,482,2180000,1,1,0,1,0,0,0,0,0,0,1,0,0
923,Movie 923 (2024),Sci-Fi|Children,137000000,165,2011,0,6.3,146,4500000,0,0,0,0,1,0,0,0,0,0,0,1,0
924,Movie 924 (2024),Fantasy|Sci-Fi,92000000,105,2002,0,3.7,369,2660000,1,0,0,0,0,0,0,0,0,1,0,1,0
925,Movie 925 (2024),Comedy,130000000,148,2015,0,8.9,366,3840000,0,0,0,0,0,1,0,0,0,0,0,0,0
926,Movie 926 (2024),Animation|Children,137000000,127,2019,0,4.8,125,3790000,0,0,0,1,1,0,0,0,0,0,0,0,0
927,Movie 927 (2024),Documentary,20000000,154,1996,1,5.6,376,1000000,0,0,0,0,0,0,0,1,0,0,0,0,0
928,Movie 928 (2024),Thriller,93000000,171,2020,1,3.9,434,3160000,0,0,0,0,0,0,0,0,0,0,0,0,1
929,Movie 929 (2024),Crime|Animation|Adventure,187000000,168,2018,0,2.3,457,2040000,1,0,1,1,0,0,1,0,0,0,0,0,0
930,Movie 930 (2024),Action|Documentary|Fantasy,162000000,120,1998,0,9.1,392,2540000,0,1,0,0,0,0,0,1,0,1,0,0,0
931,Movie 931 (2024),Crime|Children,136000000,157,2017,1,3.3,476,1190000,0,0,0,0,1,0,1,0,0,0,0,0,0
932,Movie 932 (2024),Comedy|Crime,152000000,166,2009,0,5.4,310,2100000,0,0,0,0,0,1,1,0,0,0,0,0,0
933,Movie 933 (2024),Horror|Crime|Fantasy,141000000,81,1993,0,6.5,210,4540000,0,0,0,0,0,0,1,0,0,1,1,0,0
934,Movie 934 (2024),Comedy|Crime|Documentary,125000000,134,2021,1,4.9,231,1840000,1,0,0,0,0,1,1,1,0,0,0,0,0
935,Movie 935 (2024),Comedy|Drama|Children,37000000,119,2012,0,2.4,178,3910000,0,0,0,0,1,1,0,0,1,0,0,0,0
936,Movie 936 (2024),Action,164000000,148,2023,0,2.4,179,2190000,0,1,0,0,0,0,0,0,0,0,0,0,0
937,Movie 937 (2024),Action|Thriller,146000000,148,2017,0,4.8,463,2200000,0,1,0,0,0,0,0,0,0,0,0,0,1
938,Movie 938 (2024),Sci-Fi|Crime,162000000,127,2004,0,9.2,341,3930000,1,0,0,0,0,0,1,0,0,0,0,1,0
939,Movie 939 (2024),Sci-Fi,129000000,125,1992,0,4.2,170,4270000,1,0,0,0,0,0,0,0,0,0,0,1,0
940,Movie 940 (2024),Animation|Thriller|Sci-Fi,60000000,179,2013,1,6.8,233,1900000,0,0,0,1,0,0,0,0,0,0,0,1,1
941,Movie 941 (2024),Crime,157000000,82,2017,1,4.8,477,1550000,0,0,0,0,0,0,1,0,0,0,0,0,0
942,Movie 942 (2024),Children,181000000,171,2008,0,3.7,183,2090000,1,0,0,0,1,0,0,0,0,0,0,0,0
943,Movie 943 (2024),Adventure,70000000,133,2011,0,2.5,180,590000,1,0,1,0,0,0,0,0,0,0,0,0,0
944,Movie 944 (2024),Horror,146000000,106,2018,0,8.4,471,3630000,1,0,0,0,0,0,0,0,0,0,1,0,0
945,Movie 945 (2024),Drama,19000000,113,1997,1,5.2,26,940000,0,0,0,0,0,0,0,0,1,0,0,0,0
946,Movie 946 (2024),Documentary,94000000,148,2019,0,6.9,483,3920000,1,0,0,0,0,0,0,1,0,0,0,0,0
947,Movie 947 (2024),Children,195000000,157,1991,0,3.5,190,4040000,0,0,0,0,1,0,0,0,0,0,0,0,0
948,Movie 948 (2024),Comedy|Fantasy|Action,56000000,112,2018,1,2.8,41,4710000,1,1,0,0,0,1,0,0,0,1,0,0,0
949,Movie 949 (2024),Drama|Animation,163000000,119,1994,0,4.8,197,3640000,1,0,0,1,0,0,0,0,1,0,0,0,0
950,Movie 950 (2024),Horror|Animation,126000000,179,1994,0,2.3,241,4270000,0,0,0,1,0,0,0,0,0,0,1,0,0
951,Movie 951 (2024),Comedy|Crime,165000000,153,1995,0,2.8,173,1050000,1,0,0,0,0,1,1,0,0,0,0,0,0
952,Movie 952 (2024),Drama|Thriller|Crime,94000000,152,2013,0,5.0,194,2760000,0,0,0,0,0,0,1,0,1,0,0,0,1
953,Movie 953 (2024),Sci-Fi|Adventure,58000000,148,2016,1,7.1,471,2350000,0,0,1,0,0,0,0,0,0,0,0,1,0
954,Movie 954 (2024),Fantasy|Documentary,159000000,142,2024,0,2.3,256,1090000,1,0,0,0,0,0,0,1,0,1,0,0,0
955,Movie 955 (2024),Children|Horror|Documentary,11000000,136,1990,0,5.4,386,1660000,0,0,0,0,1,0,0,1,0,0,1,0,0
956,Movie 956 (2024),Action|Comedy|Children,18000000,119,2024,0,2.8,59,2930000,0,1,0,0,1,1,0,0,0,0,0,0,0
957,Movie 957 (2024),Fantasy,10000000,178,1995,0,8.1,322,2100000,0,0,0,0,0,0,0,0,0,1,0,0,0
958,Movie 958 (2024),Horror,188000000,110,2019,0,6.1,157,2760000,1,0,0,0,0,0,0,0,0,0,1,0,0
959,Movie 959 (2024),Action|Children,37000000,149,2016,1,6.6,417,3540000,1,1,0,0,1,0,0,0,0,0,0,0,0
960,Movie 960 (2024),Fantasy|Documentary|Drama,143000000,163,1995,1,8.3,381,1470000,0,0,0,0,0,0,0,1,1,1,0,0,0
961,Movie 961 (2024),Documentary|Children|Adventure,88000000,153,1995,0,3.3,426,2500000,0,0,1,0,1,0,0,1,0,0,0,0,0
962,Movie 962 (2024),Children,18000000,146,2017,0,5.9,369,1640000,1,0,0,0,1,0,0,0,0,0,0,0,0
963,Movie 963 (2024),Crime|Sci-Fi,37000000,133,1994,1,2.7,105,760000,1,0,0,0,0,0,1,0,0,0,0,1,0
964,Movie 964 (2024),Comedy,141000000,107,2022,0,7.7,214,830000,1,0,0,0,0,1,0,0,0,0,0,0,0
965,Movie 965 (2024),Fantasy,81000000,168,2002,0,8.7,341,4100000,1,0,0,0,0,0,0,0,0,1,0,0,0
966,Movie 966 (2024),Sci-Fi|Animation|Children,160000000,163,1992,1,9.5,150,1050000,0,0,0,1,1,0,0,0,0,0,0,1,0
967,Movie 967 (2024),Documentary,114000000,134,2015,0,9.7,484,1750000,0,0,0,0,0,0,0,1,0,0,0,0,0
968,Movie 968 (2024),Documentary|Comedy|Fantasy,58000000,94,2007,0,8.4,305,1450000,0,0,0,0,0,1,0,1,0,1,0,0,0
969,Movie 969 (2024),Crime|Comedy,24000000,121,2015,0,2.4,109,3620000,0,0,0,0,0,1,1,0,0,0,0,0,0
970,Movie 970 (2024),Sci-Fi,99000000,109,1995,0,6.4,285,3440000,1,0,0,0,0,0,0,0,0,0,0,1,0
971,Movie 971 (2024),Fantasy|Comedy,164000000,141,1990,0,7.2,100,4720000,0,0,0,0,0,1,0,0,0,1,0,0,0
972,Movie 972 (2024),Sci-Fi,181000000,150,2004,0,4.5,494,2360000,0,0,0,0,0,0,0,0,0,0,0,1,0
973,Movie 973 (2024),Action,172000000,83,1993,0,8.6,63,1200000,0,1,0,0,0,0,0,0,0,0,0,0,0
974,Movie 974 (2024),Drama,85000000,142,1999,0,6.8,464,970000,1,0,0,0,0,0,0,0,1,0,0,0,0
975,Movie 975 (2024),Drama,188000000,96,2010,0,2.8,63,2770000,0,0,0,0,0,0,0,0,1,0,0,0,0
976,Movie 976 (2024),Thriller|Horror,81000000,84,2019,0,4.1,338,2780000,0,0,0,0,0,0,0,0,0,0,1,0,1
977,Movie 977 (2024),Drama|Animation|Fantasy,191000000,176,2022,0,5.9,494,4560000,1,0,0,1,0,0,0,0,1,1,0,0,0
978,Movie 978 (2024),Documentary|Drama|Animation,52000000,113,2002,0,9.6,413,3830000,0,0,0,1,0,0,0,1,1,0,0,0,0
979,Movie 979 (2024),Thriller|Drama,177000000,130,2016,0,8.2,445,3940000,0,0,0,0,0,0,0,0,1,0,0,0,1
980,Movie 980 (2024),Horror|Comedy,149000000,109,2005,0,8.2,238,2100000,0,0,0,0,0,1,0,0,0,0,1,0,0
981,Movie 981 (2024),Fantasy|Children,165000000,176,2008,1,7.0,283,2840000,1,0,0,0,1,0,0,0,0,1,0,0,0
982,Movie 982 (2024),Adventure|Crime,39000000,104,2017,0,6.9,391,2670000,0,0,1,0,0,0,1,0,0,0,0,0,0
983,Movie 983 (2024),Drama|Adventure,102000000,120,1992,0,9.1,340,1090000,1,0,1,0,0,0,0,0,1,0,0,0,0
984,Movie 984 (2024),Sci-Fi|Documentary,124000000,82,1995,1,9.8,308,1650000,0,0,0,0,0,0,0,1,0,0,0,1,0
985,Movie 985 (2024),Drama|Animation,199000000,142,2000,0,7.1,34,3630000,1,0,0,1,0,0,0,0,1,0,0,0,0
986,Movie 986 (2024),Horror,104000000,131,2000,0,5.1,272,500000,1,0,0,0,0,0,0,0,0,0,1,0,0
987,Movie 987 (2024),Horror,28000000,88,1994,0,7.7,247,3070000,1,0,0,0,0,0,0,0,0,0,1,0,0
988,Movie 988 (2024),Comedy|Horror,29000000,162,1999,0,7.6,361,3930000,0,0,0,0,0,1,0,0,0,0,1,0,0
989,Movie 989 (2024),Horror|Sci-Fi|Drama,126000000,104,2010,0,8.8,362,730000,0,0,0,0,0,0,0,0,1,0,1,1,0
990,Movie 990 (2024),Horror,100000000,175,1992,0,9.0,163,1930000,0,0,0,0,0,0,0,0,0,0,1,0,0
991,Movie 991 (2024),Sci-Fi|Children|Action,58000000,142,2002,0,3.0,190,4610000,1,1,0,0,1,0,0,0,0,0,0,1,0
992,Movie 992 (2024),Action,45000000,152,2017,0,5.2,488,2600000,1,1,0,0,0,0,0,0,0,0,0,0,0
993,Movie 993 (2024),Action|Sci-Fi|Documentary,74000000,130,2007,1,9.5,252,4210000,0,1,0,0,0,0,0,1,0,0,0,1,0
994,Movie 994 (2024),Crime|Thriller,29000000,140,2017,0,10.0,431,1020000,0,0,0,0,0,0,1,0,0,0,0,0,1
995,Movie 995 (2024),Drama|Sci-Fi,30000000,94,1997,1,3.5,470,1950000,0,0,0,0,0,0,0,0,1,0,0,1,0
996,Movie 996 (2024),Sci-Fi|Adventure|Horror,95000000,133,2005,1,4.7,63,1240000,1,0,1,0,0,0,0,0,0,0,1,1,0
997,Movie 997 (2024),Animation|Adventure,5000000,153,2024,0,4.0,264,680000,0,0,1,1,0,0,0,0,0,0,0,0,0
998,Movie 998 (2024),Action|Comedy,47000000,130,2011,0,4.8,178,790000,1,1,0,0,0,1,0,0,0,0,0,0,0
999,Movie 999 (2024),Adventure|Animation|Crime,182000000,156,2010,0,6.0,256,2980000,1,0,1,1,0,0,1,0,0,0,0,0,0
1000,Movie 1000 (2024),Animation|Documentary,63000000,171,2017,0,4.6,160,1370000,1,0,0,1,0,0,0,1,0,0,0,0,0
1001,Movie 1001 (2024),Adventure|Animation,132000000,179,1993,0,6.1,198,3030000,1,0,1,1,0,0,0,0,0,0,0,0,0
1002,Movie 1002 (2024),Children|Drama|Documentary,115000000,152,2001,1,8.3,284,4030000,0,0,0,0,1,0,0,1,1,0,0,0,0
1003,Movie 1003 (2024),Thriller|Drama|Adventure,62000000,88,1991,0,9.3,341,2740000,1,0,1,0,0,0,0,0,1,0,0,0,1
1004,Movie 1004 (2024),Adventure|Children|Horror,98000000,120,2011,0,7.2,396,1700000,0,0,1,0,1,0,0,0,0,0,1,0,0
1005,Movie 1005 (2024),Crime,139000000,140,2017,0,9.7,97,4070000,1,0,0,0,0,0,1,0,0,0,0,0,0
1006,Movie 1006 (2024),Crime,49000000,152,2015,0,4.7,165,2660000,1,0,0,0,0,0,1,0,0,0,0,0,0
1007,Movie 1007 (2024),Comedy,13000000,94,2017,0,3.9,162,3780000,1,0,0,0,0,1,0,0,0,0,0,0,0
1008,Movie 1008 (2024),Sci-Fi|Animation,177000000,110,2020,0,7.0,375,4340000,1,0,0,1,0,0,0,0,0,0,0,1,0
1009,Movie 1009 (2024),Crime|Drama|Horror,107000000,109,2021,0,8.8,156,3720000,0,0,0,0,0,0,1,0,1,0,1,0,0
1010,Movie 1010 (2024),Horror|Action|Documentary,132000000,111,2009,0,2.2,303,570000,0,1,0,0,0,0,0,1,0,0,1,0,0
1011,Movie 1011 (2024),Thriller,72000000,122,2017,0,6.4,355,4130000,0,0,0,0,0,0,0,0,0,0,0,0,1
1012,Movie 1012 (2024),Drama,174000000,121,2011,0,5.7,339,1850000,0,0,0,0,0,0,0,0,1,0,0,0,0
1013,Movie 1013 (2024),Fantasy,44000000,128,2021,0,7.7,429,530000,0,0,0,0,0,0,0,0,0,1,0,0,0
1014,Movie 1014 (2024),Thriller|Children,139000000,121,1995,1,8.8,219,1290000,1,0,0,0,1,0,0,0,0,0,0,0,1
1015,Movie 1015 (2024),Horror,35000000,140,2018,1,4.5,192,1570000,1,0,0,0,0,0,0,0,0,0,1,0,0
1016,Movie 1016 (2024),Drama|Comedy|Crime,143000000,96,1992,0,2.3,306,760000,0,0,0,0,0,1,1,0,1,0,0,0,0
1017,Movie 1017 (2024),Children,43000000,155,2020,0,6.8,402,4190000,1,0,0,0,1,0,0,0,0,0,0,0,0
1018,Movie 1018 (2024),Thriller,142000000,152,2015,0,2.4,149,2290000,0,0,0,0,0,0,0,0,0,0,0,0,1
1019,Movie 1019 (2024),Sci-Fi,94000000,165,1998,0,2.5,433,2470000,1,0,0,0,0,0,0,0,0,0,0,1,0
1020,Movie 1020 (2024),Children|Sci-Fi|Documentary,162000000,173,2019,0,5.2,310,3170000,0,0,0,0,1,0,0,1,0,0,0,1,0
1021,Movie 1021 (2024),Fantasy|Comedy,24000000,153,2024,0,6.0,340,2950000,0,0,0,0,0,1,0,0,0,1,0,0,0
1022,Movie 1022 (2024),Adventure|Thriller|Documentary,22000000,91,2006,0,8.9,9,4840000,0,0,1,0,0,0,0,1,0,0,0,0,1
1023,Movie 1023 (2024),Animation|Drama|Fantasy,48000000,141,2019,0,6.1,312,3480000,1,0,0,1,0,0,0,0,1,1,0,0,0
1024,Movie 1024 (2024),Thriller|Sci-Fi|Horror,42000000,90,2012,0,6.7,24,3820000,1,0,0,0,0,0,0,0,0,0,1,1,1
1025,Movie 1025 (2024),Comedy|Animation|Fantasy,95000000,110,2022,0,3.3,420,4610000,0,0,0,1,0,1,0,0,0,1,0,0,0
1026,Movie 1026 (2024),Fantasy|Documentary|Adventure,198000000,116,1995,0,6.2,9,4220000,1,0,1,0,0,0,0,1,0,1,0,0,0
1027,Movie 1027 (2024),Fantasy|Comedy,65000000,126,1995,0,4.3,372,2500000,0,0,0,0,0,1,0,0,0,1,0,0,0
1028,Movie 1028 (2024),Drama,187000000,158,2005,0,4.5,96,2990000,0,0,0,0,0,0,0,0,1,0,0,0,0
1029,Movie 1029 (2024),Children|Adventure,157000000,95,2013,0,4.1,194,1410000,1,0,1,0,1,0,0,0,0,0,0,0,0
1030,Movie 1030 (2024),Horror,17000000,172,2017,0,4.0,462,580000,0,0,0,0,0,0,0,0,0,0,1,0,0
1031,Movie 1031 (2024),Sci-Fi|Thriller|Crime,188000000,118,1995,0,3.3,403,3440000,0,0,0,0,0,0,1,0,0,0,0,1,1
1032,Movie 1032 (2024),Horror,106000000,168,1994,0,6.4,321,2100000,1,0,0,0,0,0,0,0,0,0,1,0,0
1033,Movie 1033 (2024),Thriller,184000000,96,1996,0,10.0,271,2650000,0,0,0,0,0,0,0,0,0,0,0,0,1
1034,Movie 1034 (2024),Documentary,175000000,124,2019,0,9.1,307,1770000,1,0,0,0,0,0,0,1,0,0,0,0,0
1035,Movie 1035 (2024),Children,165000000,107,2002,0,3.8,347,2350000,0,0,0,0,1,0,0,0,0,0,0,0,0
1036,Movie 1036 (2024),Action,18000000,85,2005,1,4.6,130,3800000,1,1,0,0,0,0,0,0,0,0,0,0,0
1037,Movie 1037 (2024),Action|Children,60000000,136,2006,0,3.8,178,3540000,1,1,0,0,1,0,0,0,0,0,0,0,0
1038,Movie 1038 (2024),Animation|Drama|Children,158000000,95,1995,0,4.6,374,1300000,1,0,0,1,1,0,0,0,1,0,0,0,0
1039,Movie 1039 (2024),Crime|Drama|Animation,38000000,137,2024,0,4.5,402,3600000,1,0,0,1,0,0,1,0,1,0,0,0,0
1040,Movie 1040 (2024),Horror,42000000,140,2010,0,7.5,157,1700000,0,0,0,0,0,0,0,0,0,0,1,0,0
1041,Movie 1041 (2024),Crime,36000000,121,1998,0,2.3,112,4840000,0,0,0,0,0,0,1,0,0,0,0,0,0
1042,Movie 1042 (2024),Animation|Sci-Fi|Action,115000000,143,1997,0,5.3,130,2180000,0,1,0,1,0,0,0,0,0,0,0,1,0
1043,Movie 1043 (2024),Sci-Fi,54000000,179,1997,0,2.6,172,4260000,1,0,0,0,0,0,0,0,0,0,0,1,0
1044,Movie 1044 (2024),Action|Animation,39000000,159,1994,0,2.6,142,860000,1,1,0,1,0,0,0,0,0,0,0,0,0
1045,Movie 1045 (2024),Thriller,118000000,99,2011,0,5.9,493,4290000,0,0,0,0,0,0,0,0,0,0,0,0,1
1046,Movie 1046 (2024),Adventure,78000000,86,2018,0,7.5,237,2020000,1,0,1,0,0,0,0,0,0,0,0,0,0
1047,Movie 1047 (2024),Documentary,64000000,88,1993,1,3.9,82,3780000,0,0,0,0,0,0,0,1,0,0,0,0,0
1048,Movie 1048 (2024),Drama|Animation,104000000,150,1990,1,6.4,339,2640000,0,0,0,1,0,0,0,0,1,0,0,0,0
1049,Movie 1049 (2024),Thriller,38000000,99,1994,1,3.6,153,2980000,1,0,0,0,0,0,0,0,0,0,0,0,1
1050,Movie 1050 (2024),Documentary|Sci-Fi|Thriller,115000000,175,2006,0,6.1,481,1170000,0,0,0,0,0,0,0,1,0,0,0,1,1
1051,Movie 1051 (2024),Drama,110000000,134,2006,0,6.8,176,2610000,0,0,0,0,0,0,0,0,1,0,0,0,0
1052,Movie 1052 (2024),Children,111000000,115,2024,0,5.5,384,720000,0,0,0,0,1,0,0,0,0,0,0,0,0
1053,Movie 1053 (2024),Horror|Children|Fantasy,52000000,139,2010,0,8.3,382,4400000,1,0,0,0,1,0,0,0,0,1,1,0,0
1054,Movie 1054 (2024),Drama,12000000,153,2017,1,3.5,259,1750000,1,0,0,0,0,0,0,0,1,0,0,0,0
1055,Movie 1055 (2024),Sci-Fi|Comedy|Drama,144000000,128,1990,1,8.2,372,2810000,0,0,0,0,0,1,0,0,1,0,0,1,0
1056,Movie 1056 (2024),Adventure,80000000,175,2006,0,8.2,441,2020000,0,0,1,0,0,0,0,0,0,0,0,0,0
1057,Movie 1057 (2024),Horror|Documentary|Sci-Fi,75000000,159,1990,0,7.1,427,1590000,1,0,0,0,0,0,0,1,0,0,1,1,0
1058,Movie 1058 (2024),Drama|Documentary,128000000,127,1997,0,7.8,75,1590000,0,0,0,0,0,0,0,1,1,0,0,0,0
1059,Movie 1059 (2024),Action|Drama|Children,149000000,82,2011,0,5.0,318,660000,1,1,0,0,1,0,0,0,1,0,0,0,0
1060,Movie 1060 (2024),Animation|Drama,79000000,106,1992,0,3.6,435,2930000,1,0,0,1,0,0,0,0,1,0,0,0,0
1061,Movie 1061 (2024),Documentary|Horror|Drama,127000000,95,2003,0,2.6,211,1300000,1,0,0,0,0,0,0,1,1,0,1,0,0
1062,Movie 1062 (2024),Comedy|Drama|Fantasy,76000000,142,2022,0,9.5,168,1770000,1,0,0,0,0,1,0,0,1,1,0,0,0
1063,Movie 1063 (2024),Horror|Adventure,95000000,128,2001,0,3.8,223,4310000,1,0,1,0,0,0,0,0,0,0,1,0,0
1064,Movie 1064 (2024),Horror|Sci-Fi|Fantasy,74000000,148,2023,0,4.6,105,1090000,1,0,0,0,0,0,0,0,0,1,1,1,0
1065,Movie 1065 (2024),Animation,69000000,175,2018,0,8.8,282,4960000,0,0,0,1,0,0,0,0,0,0,0,0,0
1066,Movie 1066 (2024),Crime|Fantasy,13000000,104,2002,0,3.2,122,1910000,0,0,0,0,0,0,1,0,0,1,0,0,0
1067,Movie 1067 (2024),Children|Drama|Thriller,175000000,110,2022,0,6.0,339,2770000,0,0,0,0,1,0,0,0,1,0,0,0,1
1068,Movie 1068 (2024),Animation|Fantasy|Comedy,64000000,129,1993,0,4.5,274,3200000,1,0,0,1,0,1,0,0,0,1,0,0,0
1069,Movie 1069 (2024),Thriller|Sci-Fi|Horror,111000000,101,2015,0,2.1,235,4100000,1,0,0,0,0,0,0,0,0,0,1,1,1
1070,Movie 1070 (2024),Adventure|Thriller,185000000,151,2012,0,9.3,479,680000,1,0,1,0,0,0,0,0,0,0,0,0,1
1071,Movie 1071 (2024),Children|Thriller,167000000,147,2000,0,7.6,463,4410000,1,0,0,0,1,0,0,0,0,0,0,0,1
1072,Movie 1072 (2024),Thriller,116000000,87,2010,0,9.7,326,2510000,1,0,0,0,0,0,0,0,0,0,0,0,1
1073,Movie 1073 (2024),Horror,176000000,143,2006,1,6.4,388,3130000,1,0,0,0,0,0,0,0,0,0,1,0,0
1074,Movie 1074 (2024),Horror|Crime,117000000,164,1996,0,7.2,201,3690000,0,0,0,0,0,0,1,0,0,0,1,0,0
1075,Movie 1075 (2024),Documentary|Fantasy|Horror,90000000,108,2003,0,7.3,291,3010000,1,0,0,0,0,0,0,1,0,1,1,0,0
1076,Movie 1076 (2024),Animation,19000000,127,1993,0,6.2,265,1620000,0,0,0,1,0,0,0,0,0,0,0,0,0
1077,Movie 1077 (2024),Animation,177000000,131,2015,1,8.8,214,1440000,1,0,0,1,0,0,0,0,0,0,0,0,0
1078,Movie 1078 (2024),Crime|Thriller|Sci-Fi,117000000,172,1997,0,6.0,108,3480000,1,0,0,0,0,0,1,0,0,0,0,1,1
1079,Movie 1079 (2024),Animation,152000000,134,2000,1,4.1,15,1650000,1,0,0,1,0,0,0,0,0,0,0,0,0
1080,Movie 1080 (2024),Children|Animation,178000000,158,1990,0,8.5,28,2680000,0,0,0,1,1,0,0,0,0,0,0,0,0
1081,Movie 1081 (2024),Sci-Fi|Comedy,32000000,84,2021,0,4.9,113,4870000,1,0,0,0,0,1,0,0,0,0,0,1,0
1082,Movie 1082 (2024),Children,151000000,111,1994,0,2.6,400,4240000,1,0,0,0,1,0,0,0,0,0,0,0,0
1083,Movie 1083 (2024),Animation|Sci-Fi,168000000,166,1995,0,5.3,291,3710000,1,0,0,1,0,0,0,0,0,0,0,1,0
1084,Movie 1084 (2024),Sci-Fi|Children|Documentary,143000000,178,2001,0,3.3,433,2130000,1,0,0,0,1,0,0,1,0,0,0,1,0
1085,Movie 1085 (2024),Horror|Documentary,186000000,171,2007,0,4.6,497,1010000,1,0,0,0,0,0,0,1,0,0,1,0,0
1086,Movie 1086 (2024),Documentary|Fantasy,141000000,155,1996,0,2.7,257,880000,0,0,0,0,0,0,0,1,0,1,0,0,0
1087,Movie 1087 (2024),Drama|Animation|Documentary,120000000,95,2023,0,9.2,444,3250000,1,0,0,1,0,0,0,1,1,0,0,0,0
1088,Movie 1088 (2024),Horror|Comedy,194000000,139,2005,0,7.3,153,1860000,1,0,0,0,0,1,0,0,0,0,1,0,0
1089,Movie 1089 (2024),Sci-Fi,60000000,136,1991,0,3.0,82,1530000,1,0,0,0,0,0,0,0,0,0,0,1,0
1090,Movie 1090 (2024),Drama|Action|Animation,63000000,112,2013,0,3.6,386,880000,0,1,0,1,0,0,0,0,1,0,0,0,0
1091,Movie 1091 (2024),Drama|Action,167000000,81,2007,0,3.2,266,1890000,0,1,0,0,0,0,0,0,1,0,0,0,0
1092,Movie 1092 (2024),Horror|Action|Animation,114000000,166,2017,0,8.7,322,1670000,1,1,0,1,0,0,0,0,0,0,1,0,0
1093,Movie 1093 (2024),Fantasy|Adventure,19000000,135,2022,0,8.7,451,3670000,1,0,1,0,0,0,0,0,0,1,0,0,0
1094,Movie 1094 (2024),Documentary|Comedy|Action,44000000,92,2014,0,7.8,271,2850000,0,1,0,0,0,1,0,1,0,0,0,0,0
1095,Movie 1095 (2024),Documentary|Drama|Fantasy,2000000,127,2018,1,3.7,82,2630000,0,0,0,0,0,0,0,1,1,1,0,0,0
1096,Movie 1096 (2024),Horror|Adventure|Thriller,171000000,148,2008,0,9.2,493,3510000,0,0,1,0,0,0,0,0,0,0,1,0,1
1097,Movie 1097 (2024),Animation,169000000,152,1996,0,8.4,357,4530000,0,0,0,1,0,0,0,0,0,0,0,0,0
1098,Movie 1098 (2024),Comedy|Fantasy,158000000,140,1991,1,7.4,213,3730000,0,0,0,0,0,1,0,0,0,1,0,0,0
1099,Movie 1099 (2024),Crime|Fantasy,39000000,114,2013,0,6.7,233,4060000,0,0,0,0,0,0,1,0,0,1,0,0,0
1100,Movie 1100 (2024),Adventure,88000000,141,2023,0,5.3,384,3160000,1,0,1,0,0,0,0,0,0,0,0,0,0
1101,Movie 1101 (2024),Children|Documentary|Horror,168000000,84,2022,0,8.1,287,2120000,0,0,0,0,1,0,0,1,0,0,1,0,0
1102,Movie 1102 (2024),Comedy|Documentary|Sci-Fi,18000000,151,2012,1,5.3,410,2660000,0,0,0,0,0,1,0,1,0,0,0,1,0
1103,Movie 1103 (2024),Animation|Comedy,70000000,85,2007,1,8.6,31,2300000,0,0,0,1,0,1,0,0,0,0,0,0,0
1104,Movie 1104 (2024),Documentary,115000000,141,2011,0,5.9,315,2470000,1,0,0,0,0,0,0,1,0,0,0,0,0
1105,Movie 1105 (2024),Adventure,159000000,105,2023,1,4.7,396,2570000,0,0,1,0,0,0,0,0,0,0,0,0,0
1106,Movie 1106 (2024),Crime|Fantasy|Horror,197000000,156,2009,0,4.3,490,1930000,0,0,0,0,0,0,1,0,0,1,1,0,0
1107,Movie 1107 (2024),Sci-Fi|Fantasy,84000000,99,2023,0,5.2,421,4390000,1,0,0,0,0,0,0,0,0,1,0,1,0
1108,Movie 1108 (2024),Animation,135000000,108,2018,0,4.8,73,2230000,0,0,0,1,0,0,0,0,0,0,0,0,0
1109,Movie 1109 (2024),Documentary|Crime|Thriller,10000000,131,2015,0,3.9,450,3160000,0,0,0,0,0,0,1,1,0,0,0,0,1
1110,Movie 1110 (2024),Horror|Action|Documentary,176000000,115,2019,0,8.3,407,680000,1,1,0,0,0,0,0,1,0,0,1,0,0
1111,Movie 1111 (2024),Comedy|Drama,63000000,114,2009,1,5.4,173,4390000,1,0,0,0,0,1,0,0,1,0,0,0,0
1112,Movie 1112 (2024),Horror|Fantasy|Thriller,118000000,143,1997,0,7.4,173,1860000,1,0,0,0,0,0,0,0,0,1,1,0,1
1113,Movie 1113 (2024),Drama|Children|Horror,116000000,83,2023,0,5.2,3,4830000,0,0,0,0,1,0,0,0,1,0,1,0,0
1114,Movie 1114 (2024),Thriller|Adventure|Children,165000000,142,2001,0,3.7,224,830000,0,0,1,0,1,0,0,0,0,0,0,0,1
1115,Movie 1115 (2024),Thriller|Comedy|Action,150000000,131,1990,0,4.5,395,1260000,0,1,0,0,0,1,0,0,0,0,0,0,1
1116,Movie 1116 (2024),Comedy,133000000,148,2015,0,3.7,367,3290000,1,0,0,0,0,1,0,0,0,0,0,0,0
1117,Movie 1117 (2024),Crime|Sci-Fi|Action,71000000,108,2024,0,2.8,282,3290000,0,1,0,0,0,0,1,0,0,0,0,1,0
1118,Movie 1118 (2024),Thriller,61000000,140,2000,0,4.1,407,2100000,1,0,0,0,0,0,0,0,0,0,0,0,1
1119,Movie 1119 (2024),Adventure,121000000,156,1991,0,2.9,420,2290000,0,0,1,0,0,0,0,0,0,0,0,0,0
1120,Movie 1120 (2024),Documentary,173000000,91,2020,0,5.9,266,3640000,0,0,0,0,0,0,0,1,0,0,0,0,0
1121,Movie 1121 (2024),Children,189000000,158,2011,0,5.0,391,3280000,0,0,0,0,1,0,0,0,0,0,0,0,0
1122,Movie 1122 (2024),Drama|Fantasy|Adventure,176000000,108,2002,0,8.7,186,3360000,0,0,1,0,0,0,0,0,1,1,0,0,0
1123,Movie 1123 (2024),Adventure|Drama|Children,105000000,124,2023,0,2.2,223,1540000,1,0,1,0,1,0,0,0,1,0,0,0,0
1124,Movie 1124 (2024),Horror|Action|Adventure,153000000,107,2003,1,4.1,214,700000,1,1,1,0,0,0,0,0,0,0,1,0,0
1125,Movie 1125 (2024),Comedy|Crime,6000000,163,2024,0,6.5,219,2360000,0,0,0,0,0,1,1,0,0,0,0,0,0
1126,Movie 1126 (2024),Comedy,104000000,140,2007,0,2.4,127,3420000,0,0,0,0,0,1,0,0,0,0,0,0,0
1127,Movie 1127 (2024),Sci-Fi,45000000,110,2006,0,4.7,358,2520000,0,0,0,0,0,0,0,0,0,0,0,1,0
1128,Movie 1128 (2024),Action|Comedy|Documentary,99000000,143,2023,0,8.5,167,1110000,0,1,0,0,0,1,0,1,0,0,0,0,0
1129,Movie 1129 (2024),Horror|Drama,66000000,173,1996,0,2.5,214,3170000,1,0,0,0,0,0,0,0,1,0,1,0,0
1130,Movie 1130 (2024),Drama|Comedy,75000000,167,2024,0,4.1,264,820000,0,0,0,0,0,1,0,0,1,0,0,0,0
1131,Movie 1131 (2024),Crime,81000000,106,1995,0,7.8,353,2640000,0,0,0,0,0,0,1,0,0,0,0,0,0
1132,Movie 1132 (2024),Animation|Children,175000000,178,2011,0,7.9,20,4560000,1,0,0,1,1,0,0,0,0,0,0,0,0
1133,Movie 1133 (2024),Thriller,36000000,82,2008,0,8.3,350,2750000,1,0,0,0,0,0,0,0,0,0,0,0,1
1134,Movie 1134 (2024),Sci-Fi|Thriller|Documentary,2000000,153,1990,0,4.8,59,3810000,0,0,0,0,0,0,0,1,0,0,0,1,1
1135,Movie 1135 (2024),Comedy|Fantasy,62000000,153,2022,0,3.8,44,1930000,0,0,0,0,0,1,0,0,0,1,0,0,0
1136,Movie 1136 (2024),Documentary|Comedy,184000000,130,2002,0,2.0,428,2380000,1,0,0,0,0,1,0,1,0,0,0,0,0
1137,Movie 1137 (2024),Action|Horror,121000000,81,2022,0,5.5,308,1650000,0,1,0,0,0,0,0,0,0,0,1,0,0
1138,Movie 1138 (2024),Crime|Animation,156000000,150,2005,0,8.6,448,4170000,0,0,0,1,0,0,1,0,0,0,0,0,0
1139,Movie 1139 (2024),Adventure|Comedy|Thriller,100000000,114,1992,0,4.0,249,2900000,1,0,1,0,0,1,0,0,0,0,0,0,1
1140,Movie 1140 (2024),Fantasy,197000000,97,2002,0,2.6,363,950000,1,0,0,0,0,0,0,0,0,1,0,0,0
1141,Movie 1141 (2024),Drama|Thriller|Crime,29000000,139,2005,0,4.1,338,4440000,1,0,0,0,0,0,1,0,1,0,0,0,1
1142,Movie 1142 (2024),Thriller|Documentary|Drama,77000000,132,2015,0,5.6,445,2840000,1,0,0,0,0,0,0,1,1,0,0,0,1
1143,Movie 1143 (2024),Comedy|Action|Thriller,176000000,151,2020,0,3.4,141,3600000,1,1,0,0,0,1,0,0,0,0,0,0,1
1144,Movie 1144 (2024),Documentary|Horror,68000000,120,1994,1,4.3,90,3860000,0,0,0,0,0,0,0,1,0,0,1,0,0
1145,Movie 1145 (2024),Thriller,82000000,97,2021,0,3.9,454,2410000,1,0,0,0,0,0,0,0,0,0,0,0,1
1146,Movie 1146 (2024),Adventure,83000000,132,1996,0,7.6,389,4270000,0,0,1,0,0,0,0,0,0,0,0,0,0
1147,Movie 1147 (2024),Crime,186000000,125,1999,1,5.0,258,3780000,1,0,0,0,0,0,1,0,0,0,0,0,0
1148,Movie 1148 (2024),Fantasy,1000000,102,2013,1,6.8,182,4140000,0,0,0,0,0,0,0,0,0,1,0,0,0
1149,Movie 1149 (2024),Drama|Children|Comedy,73000000,106,1997,0,5.5,421,840000,0,0,0,0,1,1,0,0,1,0,0,0,0
1150,Movie 1150 (2024),Documentary,56000000,140,2008,0,3.2,193,2070000,1,0,0,0,0,0,0,1,0,0,0,0,0
1151,Movie 1151 (2024),Sci-Fi|Documentary,139000000,101,1996,1,7.2,420,1490000,0,0,0,0,0,0,0,1,0,0,0,1,0
1152,Movie 1152 (2024),Crime|Horror,49000000,96,2001,0,4.2,480,2850000,1,0,0,0,0,0,1,0,0,0,1,0,0
1153,Movie 1153 (2024),Action|Fantasy|Sci-Fi,127000000,136,2008,0,5.7,484,2060000,1,1,0,0,0,0,0,0,0,1,0,1,0
1154,Movie 1154 (2024),Children|Action|Horror,53000000,163,2022,1,2.1,108,1020000,1,1,0,0,1,0,0,0,0,0,1,0,0
1155,Movie 1155 (2024),Crime|Action,16000000,96,1992,0,7.3,203,3290000,0,1,0,0,0,0,1,0,0,0,0,0,0
1156,Movie 1156 (2024),Action|Documentary|Animation,196000000,179,1992,0,7.0,130,4760000,1,1,0,1,0,0,0,1,0,0,0,0,0
1157,Movie 1157 (2024),Animation|Sci-Fi|Children,9000000,135,2010,0,3.0,170,4810000,0,0,0,1,1,0,0,0,0,0,0,1,0
1158,Movie 1158 (2024),Action|Crime|Sci-Fi,175000000,117,2024,0,3.8,296,2000000,1,1,0,0,0,0,1,0,0,0,0,1,0
1159,Movie 1159 (2024),Comedy|Fantasy|Horror,113000000,90,2004,0,9.5,19,3310000,1,0,0,0,0,1,0,0,0,1,1,0,0
1160,Movie 1160 (2024),Adventure,73000000,179,2024,1,5.8,283,3300000,1,0,1,0,0,0,0,0,0,0,0,0,0
1161,Movie 1161 (2024),Documentary|Drama,131000000,170,1992,0,4.5,128,1360000,1,0,0,0,0,0,0,1,1,0,0,0,0
1162,Movie 1162 (2024),Children,181000000,136,1992,0,3.1,295,3200000,1,0,0,0,1,0,0,0,0,0,0,0,0
1163,Movie 1163 (2024),Animation,24000000,144,2005,0,2.1,456,2790000,0,0,0,1,0,0,0,0,0,0,0,0,0
1164,Movie 1164 (2024),Comedy|Action|Documentary,46000000,103,2014,1,9.8,348,2900000,0,1,0,0,0,1,0,1,0,0,0,0,0
1165,Movie 1165 (2024),Thriller|Animation|Drama,13000000,118,2013,0,3.6,144,2650000,1,0,0,1,0,0,0,0,1,0,0,0,1
1166,Movie 1166 (2024),Comedy|Fantasy,22000000,132,2009,0,2.4,428,4690000,0,0,0,0,0,1,0,0,0,1,0,0,0
1167,Movie 1167 (2024),Animation,41000000,109,2000,0,3.3,201,4120000,0,0,0,1,0,0,0,0,0,0,0,0,0
1168,Movie 1168 (2024),Fantasy,97000000,159,1993,1,7.7,439,3370000,0,0,0,0,0,0,0,0,0,1,0,0,0
1169,Movie 1169 (2024),Sci-Fi|Comedy,82000000,162,2002,0,2.4,317,2520000,0,0,0,0,0,1,0,0,0,0,0,1,0
1170,Movie 1170 (2024),Comedy|Fantasy,62000000,118,2022,1,4.0,464,4480000,0,0,0,0,0,1,0,0,0,1,0,0,0
1171,Movie 1171 (2024),Drama|Thriller|Adventure,184000000,92,2022,0,6.4,484,2010000,1,0,1,0,0,0,0,0,1,0,0,0,1
1172,Movie 1172 (2024),Children,27000000,156,2006,0,7.1,374,1610000,1,0,0,0,1,0,0,0,0,0,0,0,0
1173,Movie 1173 (2024),Animation|Action|Crime,47000000,170,2009,0,5.7,142,580000,0,1,0,1,0,0,1,0,0,0,0,0,0
1174,Movie 1174 (2024),Children,151000000,101,2017,1,4.4,187,1350000,1,0,0,0,1,0,0,0,0,0,0,0,0
1175,Movie 1175 (2024),Thriller|Fantasy|Adventure,195000000,116,2004,0,7.4,322,1390000,1,0,1,0,0,0,0,0,0,1,0,0,1
1176,Movie 1176 (2024),Crime|Children|Documentary,156000000,109,2005,1,6.4,387,1690000,1,0,0,0,1,0,1,1,0,0,0,0,0
1177,Movie 1177 (2024),Crime,31000000,113,2022,0,4.6,476,3120000,0,0,0,0,0,0,1,0,0,0,0,0,0
1178,Movie 1178 (2024),Drama|Sci-Fi,24000000,154,2010,0,5.5,119,3230000,1,0,0,0,0,0,0,0,1,0,0,1,0
1179,Movie 1179 (2024),Crime,98000000,155,2006,0,7.7,174,3790000,0,0,0,0,0,0,1,0,0,0,0,0,0
1180,Movie 1180 (2024),Action|Drama|Horror,187000000,137,2006,1,7.7,84,4910000,1,1,0,0,0,0,0,0,1,0,1,0,0
1181,Movie 1181 (2024),Adventure,71000000,94,2014,1,4.8,31,4940000,1,0,1,0,0,0,0,0,0,0,0,0,0
1182,Movie 1182 (2024),Crime|Children,122000000,106,2021,0,4.2,171,1100000,0,0,0,0,1,0,1,0,0,0,0,0,0
1183,Movie 1183 (2024),Drama,78000000,80,2020,0,7.0,111,2920000,0,0,0,0,0,0,0,0,1,0,0,0,0
1184,Movie 1184 (2024),Crime|Documentary,35000000,114,2011,0,4.6,440,1230000,1,0,0,0,0,0,1,1,0,0,0,0,0
1185,Movie 1185 (2024),Crime,71000000,91,2023,1,6.4,290,2290000,1,0,0,0,0,0,1,0,0,0,0,0,0
1186,Movie 1186 (2024),Adventure,92000000,120,1993,0,9.3,373,2040000,0,0,1,0,0,0,0,0,0,0,0,0,0
1187,Movie 1187 (2024),Documentary|Comedy|Action,177000000,89,2018,0,9.7,446,2070000,0,1,0,0,0,1,0,1,0,0,0,0,0
1188,Movie 1188 (2024),Sci-Fi|Children,193000000,157,2002,0,3.0,263,3700000,1,0,0,0,1,0,0,0,0,0,0,1,0
1189,Movie 1189 (2024),Adventure|Thriller|Horror,98000000,162,1998,0,7.1,113,3060000,1,0,1,0,0,0,0,0,0,0,1,0,1
1190,Movie 1190 (2024),Thriller|Documentary,51000000,161,1994,0,6.3,20,2540000,0,0,0,0,0,0,0,1,0,0,0,0,1
1191,Movie 1191 (2024),Drama,79000000,168,1994,0,8.0,450,4510000,1,0,0,0,0,0,0,0,1,0,0,0,0
1192,Movie 1192 (2024),Children|Animation|Action,112000000,162,2009,0,4.7,409,930000,1,1,0,1,1,0,0,0,0,0,0,0,0
1193,Movie 1193 (2024),Adventure,171000000,133,2014,0,4.3,162,3770000,0,0,1,0,0,0,0,0,0,0,0,0,0
1194,Movie 1194 (2024),Crime,79000000,123,2004,0,2.4,114,1530000,0,0,0,0,0,0,1,0,0,0,0,0,0
1195,Movie 1195 (2024),Crime,28000000,126,1992,1,9.3,66,790000,1,0,0,0,0,0,1,0,0,0,0,0,0
1196,Movie 1196 (2024),Fantasy,168000000,101,2020,0,6.1,430,4720000,0,0,0,0,0,0,0,0,0,1,0,0,0
1197,Movie 1197 (2024),Horror,26000000,137,2004,1,2.3,487,2640000,0,0,0,0,0,0,0,0,0,0,1,0,0
1198,Movie 1198 (2024),Children|Crime|Comedy,119000000,126,2008,0,2.5,212,2700000,1,0,0,0,1,1,1,0,0,0,0,0,0
1199,Movie 1199 (2024),Thriller|Sci-Fi|Horror,10000000,165,2018,0,3.2,395,1860000,0,0,0,0,0,0,0,0,0,0,1,1,1
1200,Movie 1200 (2024),Action|Fantasy,156000000,80,2014,0,9.6,85,1660000,1,1,0,0,0,0,0,0,0,1,0,0,0
1201,Movie 1201 (2024),Fantasy|Children,34000000,167,2000,0,7.0,5,660000,1,0,0,0,1,0,0,0,0,1,0,0,0
1202,Movie 1202 (2024),Children|Documentary|Crime,21000000,118,2012,1,9.5,32,2110000,1,0,0,0,1,0,1,1,0,0,0,0,0
1203,Movie 1203 (2024),Animation|Crime|Drama,108000000,88,1995,0,6.6,53,4010000,0,0,0,1,0,0,1,0,1,0,0,0,0
1204,Movie 1204 (2024),Horror|Crime,47000000,176,2009,0,5.2,252,1810000,0,0,0,0,0,0,1,0,0,0,1,0,0
1205,Movie 1205 (2024),Action|Adventure,7000000,101,2016,1,8.4,17,1540000,1,1,1,0,0,0,0,0,0,0,0,0,0
1206,Movie 1206 (2024),Children|Fantasy,136000000,90,1999,0,9.4,472,3120000,0,0,0,0,1,0,0,0,0,1,0,0,0
1207,Movie 1207 (2024),Crime|Documentary,3000000,91,1992,0,4.4,292,3840000,0,0,0,0,0,0,1,1,0,0,0,0,0
1208,Movie 1208 (2024),Drama|Fantasy|Thriller,7000000,177,2023,0,8.7,447,650000,1,0,0,0,0,0,0,0,1,1,0,0,1
1209,Movie 1209 (2024),Animation,54000000,93,1999,1,3.7,90,1840000,0,0,0,1,0,0,0,0,0,0,0,0,0
1210,Movie 1210 (2024),Fantasy|Animation|Adventure,56000000,81,2013,0,8.8,414,4790000,0,0,1,1,0,0,0,0,0,1,0,0,0
1211,Movie 1211 (2024),Horror,45000000,179,1992,0,9.5,203,3830000,1,0,0,0,0,0,0,0,0,0,1,0,0
1212,Movie 1212 (2024),Sci-Fi,34000000,179,2006,0,2.9,64,2540000,0,0,0,0,0,0,0,0,0,0,0,1,0
1213,Movie 1213 (2024),Fantasy,134000000,112,1996,0,3.0,433,3580000,0,0,0,0,0,0,0,0,0,1,0,0,0
1214,Movie 1214 (2024),Adventure|Drama|Documentary,27000000,153,2014,1,7.6,434,1500000,0,0,1,0,0,0,0,1,1,0,0,0,0
1215,Movie 1215 (2024),Action,43000000,112,2020,1,9.7,385,1090000,0,1,0,0,0,0,0,0,0,0,0,0,0
1216,Movie 1216 (2024),Animation|Sci-Fi,1000000,142,2019,0,9.5,353,1250000,1,0,0,1,0,0,0,0,0,0,0,1,0
1217,Movie 1217 (2024),Adventure,149000000,121,2007,1,4.9,61,2220000,1,0,1,0,0,0,0,0,0,0,0,0,0
1218,Movie 1218 (2024),Documentary|Action,53000000,144,2006,0,8.0,263,1260000,0,1,0,0,0,0,0,1,0,0,0,0,0
1219,Movie 1219 (2024),Children|Animation|Sci-Fi,28000000,165,1995,0,6.2,117,2100000,1,0,0,1,1,0,0,0,0,0,0,1,0
1220,Movie 1220 (2024),Children|Crime,51000000,143,1996,0,7.9,290,4970000,1,0,0,0,1,0,1,0,0,0,0,0,0
1221,Movie 1221 (2024),Thriller|Drama|Documentary,67000000,152,1999,0,4.8,191,3680000,0,0,0,0,0,0,0,1,1,0,0,0,1
1222,Movie 1222 (2024),Children|Adventure|Horror,146000000,116,2012,0,8.5,415,4230000,1,0,1,0,1,0,0,0,0,0,1,0,0
1223,Movie 1223 (2024),Adventure|Sci-Fi,117000000,116,2003,0,4.1,390,2140000,1,0,1,0,0,0,0,0,0,0,0,1,0
1224,Movie 1224 (2024),Fantasy,176000000,131,1992,0,5.0,430,1740000,1,0,0,0,0,0,0,0,0,1,0,0,0
1225,Movie 1225 (2024),Adventure|Comedy,165000000,125,1991,0,2.7,423,1150000,1,0,1,0,0,1,0,0,0,0,0,0,0
1226,Movie 1226 (2024),Thriller,92000000,133,2023,0,9.1,454,2880000,1,0,0,0,0,0,0,0,0,0,0,0,1
1227,Movie 1227 (2024),Documentary|Children|Adventure,71000000,142,2021,1,8.2,317,2420000,1,0,1,0,1,0,0,1,0,0,0,0,0
1228,Movie 1228 (2024),Comedy,27000000,121,2024,1,7.0,211,1170000,1,0,0,0,0,1,0,0,0,0,0,0,0
1229,Movie 1229 (2024),Adventure,151000000,104,1993,0,6.4,35,2190000,0,0,1,0,0,0,0,0,0,0,0,0,0
1230,Movie 1230 (2024),Thriller|Drama|Documentary,197000000,86,2018,0,9.4,304,4520000,1,0,0,0,0,0,0,1,1,0,0,0,1
1231,Movie 1231 (2024),Crime|Documentary,61000000,97,2005,0,7.1,287,960000,0,0,0,0,0,0,1,1,0,0,0,0,0
1232,Movie 1232 (2024),Animation|Documentary|Comedy,159000000,153,2014,0,3.0,233,2380000,1,0,0,1,0,1,0,1,0,0,0,0,0
1233,Movie 1233 (2024),Comedy,158000000,175,2015,0,8.9,108,4590000,0,0,0,0,0,1,0,0,0,0,0,0,0
1234,Movie 1234 (2024),Animation,75000000,109,2009,0,6.7,122,3640000,1,0,0,1,0,0,0,0,0,0,0,0,0
1235,Movie 1235 (2024),Documentary|Children|Crime,17000000,136,2017,0,7.5,306,1740000,0,0,0,0,1,0,1,1,0,0,0,0,0
1236,Movie 1236 (2024),Horror,51000000,141,2012,0,4.1,141,850000,1,0,0,0,0,0,0,0,0,0,1,0,0
1237,Movie 1237 (2024),Animation|Thriller,50000000,122,1993,1,6.4,107,1220000,1,0,0,1,0,0,0,0,0,0,0,0,1
1238,Movie 1238 (2024),Comedy|Documentary,13000000,173,2010,1,3.4,395,1750000,1,0,0,0,0,1,0,1,0,0,0,0,0
1239,Movie 1239 (2024),Action|Crime,138000000,113,2021,0,7.4,256,2770000,1,1,0,0,0,0,1,0,0,0,0,0,0
1240,Movie 1240 (2024),Comedy,17000000,166,1990,0,5.7,354,3030000,1,0,0,0,0,1,0,0,0,0,0,0,0
1241,Movie 1241 (2024),Adventure,58000000,160,2022,0,7.6,496,780000,1,0,1,0,0,0,0,0,0,0,0,0,0
1242,Movie 1242 (2024),Horror|Sci-Fi,172000000,137,1997,1,4.6,289,730000,0,0,0,0,0,0,0,0,0,0,1,1,0
1243,Movie 1243 (2024),Comedy,181000000,170,2002,0,2.6,365,2510000,0,0,0,0,0,1,0,0,0,0,0,0,0
1244,Movie 1244 (2024),Sci-Fi|Fantasy|Action,96000000,173,2013,0,7.3,402,4420000,1,1,0,0,0,0,0,0,0,1,0,1,0
1245,Movie 1245 (2024),Documentary|Comedy|Fantasy,76000000,104,1999,0,3.1,333,4140000,1,0,0,0,0,1,0,1,0,1,0,0,0
1246,Movie 1246 (2024),Comedy|Crime|Action,105000000,116,2008,0,5.9,72,3440000,0,1,0,0,0,1,1,0,0,0,0,0,0
1247,Movie 1247 (2024),Fantasy|Drama,60000000,147,1990,1,8.0,417,4730000,1,0,0,0,0,0,0,0,1,1,0,0,0
1248,Movie 1248 (2024),Sci-Fi,194000000,91,2022,0,8.6,104,3580000,1,0,0,0,0,0,0,0,0,0,0,1,0
1249,Movie 1249 (2024),Comedy|Thriller,172000000,129,2008,1,5.7,121,2650000,1,0,0,0,0,1,0,0,0,0,0,0,1
1250,Movie 1250 (2024),Drama|Fantasy,138000000,147,1995,0,6.5,148,1170000,0,0,0,0,0,0,0,0,1,1,0,0,0
1251,Movie 1251 (2024),Comedy|Thriller,30000000,97,1992,0,4.4,367,4540000,1,0,0,0,0,1,0,0,0,0,0,0,1
1252,Movie 1252 (2024),Thriller|Fantasy,39000000,111,1997,1,6.9,31,2840000,0,0,0,0,0,0,0,0,0,1,0,0,1
1253,Movie 1253 (2024),Comedy,105000000,178,2008,0,8.0,299,1960000,0,0,0,0,0,1,0,0,0,0,0,0,0
1254,Movie 1254 (2024),Fantasy,96000000,95,1991,0,7.4,41,4140000,1,0,0,0,0,0,0,0,0,1,0,0,0
1255,Movie 1255 (2024),Horror|Drama,82000000,169,2014,0,3.4,342,3190000,1,0,0,0,0,0,0,0,1,0,1,0,0
1256,Movie 1256 (2024),Action|Children|Drama,44000000,143,2009,0,9.0,247,2700000,1,1,0,0,1,0,0,0,1,0,0,0,0
1257,Movie 1257 (2024),Thriller,199000000,175,2016,0,3.4,389,2390000,0,0,0,0,0,0,0,0,0,0,0,0,1
1258,Movie 1258 (2024),Animation,151000000,165,1999,0,5.6,330,2450000,0,0,0,1,0,0,0,0,0,0,0,0,0
1259,Movie 1259 (2024),Fantasy,192000000,168,2007,0,6.5,98,2870000,0,0,0,0,0,0,0,0,0,1,0,0,0
1260,Movie 1260 (2024),Thriller,38000000,126,2006,0,3.2,146,1850000,0,0,0,0,0,0,0,0,0,0,0,0,1
1261,Movie 1261 (2024),Action,14000000,139,2008,0,2.0,163,4750000,1,1,0,0,0,0,0,0,0,0,0,0,0
1262,Movie 1262 (2024),Drama|Adventure,89000000,104,2007,0,2.9,465,3840000,1,0,1,0,0,0,0,0,1,0,0,0,0
1263,Movie 1263 (2024),Children|Adventure,94000000,85,1994,1,3.8,469,3890000,0,0,1,0,1,0,0,0,0,0,0,0,0
1264,Movie 1264 (2024),Action|Crime,90000000,115,2004,0,9.6,175,1430000,0,1,0,0,0,0,1,0,0,0,0,0,0
1265,Movie 1265 (2024),Drama|Action,36000000,134,2013,0,2.9,396,550000,1,1,0,0,0,0,0,0,1,0,0,0,0
1266,Movie 1266 (2024),Children|Sci-Fi,32000000,107,1999,0,8.8,330,2370000,0,0,0,0,1,0,0,0,0,0,0,1,0
1267,Movie 1267 (2024),Crime|Thriller,54000000,135,1996,0,5.9,251,3700000,0,0,0,0,0,0,1,0,0,0,0,0,1
1268,Movie 1268 (2024),Adventure|Horror,82000000,105,2005,1,5.6,141,3900000,0,0,1,0,0,0,0,0,0,0,1,0,0
1269,Movie 1269 (2024),Sci-Fi|Comedy|Horror,106000000,117,2002,0,5.7,440,2070000,1,0,0,0,0,1,0,0,0,0,1,1,0
1270,Movie 1270 (2024),Thriller|Animation|Sci-Fi,184000000,99,1999,0,9.8,375,1160000,0,0,0,1,0,0,0,0,0,0,0,1,1
1271,Movie 1271 (2024),Horror|Adventure,91000000,141,1990,1,6.1,243,1890000,1,0,1,0,0,0,0,0,0,0,1,0,0
1272,Movie 1272 (2024),Animation|Adventure,32000000,145,2005,1,9.5,20,500000,1,0,1,1,0,0,0,0,0,0,0,0,0
1273,Movie 1273 (2024),Horror|Children|Crime,190000000,146,2012,0,7.8,13,1750000,0,0,0,0,1,0,1,0,0,0,1,0,0
1274,Movie 1274 (2024),Animation|Children|Action,60000000,142,2018,0,8.1,121,540000,1,1,0,1,1,0,0,0,0,0,0,0,0
1275,Movie 1275 (2024),Crime,125000000,87,2001,1,8.0,97,1580000,1,0,0,0,0,0,1,0,0,0,0,0,0
1276,Movie 1276 (2024),Fantasy|Thriller|Action,114000000,95,1997,0,6.8,62,1300000,1,1,0,0,0,0,0,0,0,1,0,0,1
1277,Movie 1277 (2024),Fantasy,145000000,178,1993,1,3.6,41,4240000,1,0,0,0,0,0,0,0,0,1,0,0,0
1278,Movie 1278 (2024),Crime,162000000,130,2018,1,4.6,429,2390000,1,0,0,0,0,0,1,0,0,0,0,0,0
1279,Movie 1279 (2024),Drama,132000000,172,1994,0,9.4,216,2740000,0,0,0,0,0,0,0,0,1,0,0,0,0
1280,Movie 1280 (2024),Comedy,38000000,141,2009,0,8.8,32,1850000,0,0,0,0,0,1,0,0,0,0,0,0,0
1281,Movie 1281 (2024),Drama,105000000,147,1997,0,5.5,473,1380000,0,0,0,0,0,0,0,0,1,0,0,0,0
1282,Movie 1282 (2024),Documentary|Horror|Comedy,44000000,93,2010,1,6.8,483,2600000,1,0,0,0,0,1,0,1,0,0,1,0,0
1283,Movie 1283 (2024),Action,7000000,98,1999,0,7.6,42,2350000,0,1,0,0,0,0,0,0,0,0,0,0,0
1284,Movie 1284 (2024),Fantasy|Animation|Drama,23000000,126,1995,0,7.6,249,3800000,0,0,0,1,0,0,0,0,1,1,0,0,0
1285,Movie 1285 (2024),Drama|Comedy,87000000,160,2016,0,4.7,416,3180000,0,0,0,0,0,1,0,0,1,0,0,0,0
1286,Movie 1286 (2024),Fantasy|Horror,29000000,107,2010,0,4.7,81,2850000,0,0,0,0,0,0,0,0,0,1,1,0,0
1287,Movie 1287 (2024),Children,57000000,152,1993,0,7.6,272,3300000,0,0,0,0,1,0,0,0,0,0,0,0,0
1288,Movie 1288 (2024),Thriller,131000000,142,2007,0,8.4,484,1320000,1,0,0,0,0,0,0,0,0,0,0,0,1
1289,Movie 1289 (2024),Comedy|Fantasy|Action,82000000,140,1998,0,4.1,284,1250000,1,1,0,0,0,1,0,0,0,1,0,0,0
1290,Movie 1290 (2024),Comedy|Drama|Fantasy,32000000,162,1997,0,6.2,262,1700000,1,0,0,0,0,1,0,0,1,1,0,0,0
1291,Movie 1291 (2024),Animation|Sci-Fi|Fantasy,86000000,132,2011,0,2.1,248,1020000,0,0,0,1,0,0,0,0,0,1,0,1,0
1292,Movie 1292 (2024),Horror,142000000,157,2006,0,8.6,460,3260000,1,0,0,0,0,0,0,0,0,0,1,0,0
1293,Movie 1293 (2024),Documentary,162000000,157,2003,0,7.4,365,4800000,0,0,0,0,0,0,0,1,0,0,0,0,0
1294,Movie 1294 (2024),Action|Adventure|Horror,193000000,173,1996,0,8.6,467,1330000,1,1,1,0,0,0,0,0,0,0,1,0,0
1295,Movie 1295 (2024),Children,79000000,157,2005,0,8.9,430,1490000,1,0,0,0,1,0,0,0,0,0,0,0,0
1296,Movie 1296 (2024),Comedy,74000000,84,2003,0,5.7,433,2770000,1,0,0,0,0,1,0,0,0,0,0,0,0
1297,Movie 1297 (2024),Adventure,114000000,93,1999,1,3.9,180,1990000,1,0,1,0,0,0,0,0,0,0,0,0,0
1298,Movie 1298 (2024),Animation,10000000,174,2023,1,9.5,426,2130000,1,0,0,1,0,0,0,0,0,0,0,0,0
1299,Movie 1299 (2024),Children,102000000,140,2014,0,3.6,134,790000,1,0,0,0,1,0,0,0,0,0,0,0,0
1300,Movie 1300 (2024),Horror,93000000,164,2004,0,3.4,430,1420000,1,0,0,0,0,0,0,0,0,0,1,0,0
1301,Movie 1301 (2024),Thriller|Crime|Documentary,159000000,170,2022,0,2.5,217,4270000,0,0,0,0,0,0,1,1,0,0,0,0,1
1302,Movie 1302 (2024),Documentary|Fantasy|Adventure,117000000,85,2008,0,5.5,132,1170000,1,0,1,0,0,0,0,1,0,1,0,0,0
1303,Movie 1303 (2024),Crime,87000000,139,1994,0,3.7,268,690000,0,0,0,0,0,0,1,0,0,0,0,0,0
1304,Movie 1304 (2024),Fantasy|Sci-Fi,85000000,90,2023,0,6.8,182,2460000,1,0,0,0,0,0,0,0,0,1,0,1,0
1305,Movie 1305 (2024),Children,31000000,88,1997,1,2.7,99,1800000,0,0,0,0,1,0,0,0,0,0,0,0,0
1306,Movie 1306 (2024),Fantasy|Sci-Fi|Action,155000000,161,1998,0,2.7,193,820000,1,1,0,0,0,0,0,0,0,1,0,1,0
1307,Movie 1307 (2024),Crime|Sci-Fi,128000000,149,1991,0,2.3,171,2020000,0,0,0,0,0,0,1,0,0,0,0,1,0
1308,Movie 1308 (2024),Sci-Fi|Documentary|Drama,125000000,139,2015,0,2.9,422,3130000,0,0,0,0,0,0,0,1,1,0,0,1,0
1309,Movie 1309 (2024),Fantasy,140000000,92,2020,0,8.2,402,4570000,1,0,0,0,0,0,0,0,0,1,0,0,0
1310,Movie 1310 (2024),Children,192000000,99,2024,0,7.7,369,4610000,0,0,0,0,1,0,0,0,0,0,0,0,0
1311,Movie 1311 (2024),Comedy|Crime,77000000,150,2006,0,6.4,175,2480000,1,0,0,0,0,1,1,0,0,0,0,0,0
1312,Movie 1312 (2024),Documentary|Sci-Fi|Thriller,169000000,87,2010,0,6.9,14,1160000,0,0,0,0,0,0,0,1,0,0,0,1,1
1313,Movie 1313 (2024),Comedy|Animation,131000000,161,2010,1,5.6,38,3320000,0,0,0,1,0,1,0,0,0,0,0,0,0
1314,Movie 1314 (2024),Crime|Action,106000000,138,2016,0,7.3,454,1870000,0,1,0,0,0,0,1,0,0,0,0,0,0
1315,Movie 1315 (2024),Action,7000000,161,2007,0,8.9,348,3460000,0,1,0,0,0,0,0,0,0,0,0,0,0
1316,Movie 1316 (2024),Comedy,113000000,168,2016,0,10.0,310,1790000,1,0,0,0,0,1,0,0,0,0,0,0,0
1317,Movie 1317 (2024),Drama|Crime|Comedy,44000000,80,1999,0,3.0,151,560000,0,0,0,0,0,1,1,0,1,0,0,0,0
1318,Movie 1318 (2024),Sci-Fi|Drama|Documentary,50000000,84,2021,1,7.9,309,4750000,0,0,0,0,0,0,0,1,1,0,0,1,0
1319,Movie 1319 (2024),Action|Animation,65000000,118,2002,0,6.1,451,2050000,0,1,0,1,0,0,0,0,0,0,0,0,0
1320,Movie 1320 (2024),Sci-Fi|Fantasy,101000000,87,2002,1,8.7,155,2480000,1,0,0,0,0,0,0,0,0,1,0,1,0
1321,Movie 1321 (2024),Sci-Fi|Thriller|Documentary,13000000,117,2018,0,6.6,425,4500000,0,0,0,0,0,0,0,1,0,0,0,1,1
1322,Movie 1322 (2024),Sci-Fi,155000000,108,2015,0,2.2,111,2200000,0,0,0,0,0,0,0,0,0,0,0,1,0
1323,Movie 1323 (2024),Comedy,17000000,96,2004,0,8.8,43,860000,0,0,0,0,0,1,0,0,0,0,0,0,0
1324,Movie 1324 (2024),Animation,154000000,81,2010,0,6.0,445,1430000,1,0,0,1,0,0,0,0,0,0,0,0,0
1325,Movie 1325 (2024),Thriller,173000000,159,2006,0,4.9,363,1950000,1,0,0,0,0,0,0,0,0,0,0,0,1
1326,Movie 1326 (2024),Children,140000000,159,1995,0,7.9,60,4380000,0,0,0,0,1,0,0,0,0,0,0,0,0
1327,Movie 1327 (2024),Drama,22000000,177,2019,0,7.6,262,950000,1,0,0,0,0,0,0,0,1,0,0,0,0
1328,Movie 1328 (2024),Animation|Crime,88000000,86,2014,0,6.6,234,3810000,1,0,0,1,0,0,1,0,0,0,0,0,0
1329,Movie 1329 (2024),Children|Action|Sci-Fi,128000000,103,2000,1,4.4,154,2800000,1,1,0,0,1,0,0,0,0,0,0,1,0
1330,Movie 1330 (2024),Children,10000000,97,2019,0,7.5,59,1180000,1,0,0,0,1,0,0,0,0,0,0,0,0
1331,Movie 1331 (2024),Horror,108000000,83,2024,0,2.9,295,4910000,0,0,0,0,0,0,0,0,0,0,1,0,0
1332,Movie 1332 (2024),Animation|Fantasy|Sci-Fi,77000000,120,2014,1,9.0,414,3980000,0,0,0,1,0,0,0,0,0,1,0,1,0
1333,Movie 1333 (2024),Children|Documentary,195000000,159,2012,0,5.2,266,2340000,1,0,0,0,1,0,0,1,0,0,0,0,0
1334,Movie 1334 (2024),Drama|Action|Fantasy,6000000,95,2021,0,6.1,286,2380000,1,1,0,0,0,0,0,0,1,1,0,0,0
1335,Movie 1335 (2024),Children|Sci-Fi,30000000,120,2013,0,8.5,350,1740000,0,0,0,0,1,0,0,0,0,0,0,1,0
1336,Movie 1336 (2024),Drama,48000000,172,2014,0,6.5,91,1770000,1,0,0,0,0,0,0,0,1,0,0,0,0
1337,Movie 1337 (2024),Thriller|Drama|Horror,150000000,107,1991,0,3.2,189,3760000,0,0,0,0,0,0,0,0,1,0,1,0,1
1338,Movie 1338 (2024),Adventure|Sci-Fi,86000000,111,2009,0,4.8,493,3090000,0,0,1,0,0,0,0,0,0,0,0,1,0
1339,Movie 1339 (2024),Documentary|Drama|Animation,185000000,179,2003,0,6.7,91,2190000,0,0,0,1,0,0,0,1,1,0,0,0,0
1340,Movie 1340 (2024),Fantasy|Animation|Sci-Fi,24000000,134,2000,1,9.3,216,920000,0,0,0,1,0,0,0,0,0,1,0,1,0
1341,Movie 1341 (2024),Comedy|Children,139000000,129,2019,0,5.7,270,4380000,1,0,0,0,1,1,0,0,0,0,0,0,0
1342,Movie 1342 (2024),Sci-Fi|Documentary,44000000,105,2012,1,9.3,493,3000000,0,0,0,0,0,0,0,1,0,0,0,1,0
1343,Movie 1343 (2024),Documentary,193000000,84,1998,0,7.0,410,4260000,0,0,0,0,0,0,0,1,0,0,0,0,0
1344,Movie 1344 (2024),Action,39000000,105,2003,0,7.7,230,4220000,0,1,0,0,0,0,0,0,0,0,0,0,0
1345,Movie 1345 (2024),Children,16000000,170,2005,0,3.6,459,560000,0,0,0,0,1,0,0,0,0,0,0,0,0
1346,Movie 1346 (2024),Animation,78000000,129,1997,0,6.0,99,4940000,1,0,0,1,0,0,0,0,0,0,0,0,0
1347,Movie 1347 (2024),Sci-Fi,138000000,126,2004,1,2.4,447,3920000,0,0,0,0,0,0,0,0,0,0,0,1,0
1348,Movie 1348 (2024),Horror|Action|Thriller,77000000,177,2007,1,9.8,223,850000,0,1,0,0,0,0,0,0,0,0,1,0,1
1349,Movie 1349 (2024),Animation|Drama,191000000,120,2010,0,2.5,75,3110000,0,0,0,1,0,0,0,0,1,0,0,0,0
1350,Movie 1350 (2024),Crime|Comedy|Fantasy,109000000,142,2005,0,2.1,150,850000,1,0,0,0,0,1,1,0,0,1,0,0,0
1351,Movie 1351 (2024),Adventure|Animation,96000000,154,2006,1,8.9,494,3830000,1,0,1,1,0,0,0,0,0,0,0,0,0
1352,Movie 1352 (2024),Crime|Drama,92000000,141,2005,0,3.8,135,2270000,1,0,0,0,0,0,1,0,1,0,0,0,0
1353,Movie 1353 (2024),Fantasy,68000000,162,2016,1,9.5,159,1590000,1,0,0,0,0,0,0,0,0,1,0,0,0
1354,Movie 1354 (2024),Comedy|Sci-Fi|Animation,24000000,142,1999,0,5.1,485,4570000,1,0,0,1,0,1,0,0,0,0,0,1,0
1355,Movie 1355 (2024),Documentary|Thriller|Action,50000000,114,2024,0,2.2,214,2940000,0,1,0,0,0,0,0,1,0,0,0,0,1
1356,Movie 1356 (2024),Action,53000000,133,2004,1,6.0,115,1340000,0,1,0,0,0,0,0,0,0,0,0,0,0
1357,Movie 1357 (2024),Action,102000000,134,1997,0,4.3,45,940000,1,1,0,0,0,0,0,0,0,0,0,0,0
1358,Movie 1358 (2024),Drama|Thriller,57000000,134,2005,0,2.6,459,4880000,0,0,0,0,0,0,0,0,1,0,0,0,1
1359,Movie 1359 (2024),Fantasy,57000000,109,1997,0,3.3,219,2280000,1,0,0,0,0,0,0,0,0,1,0,0,0
1360,Movie 1360 (2024),Action,119000000,112,2009,0,6.7,355,2110000,0,1,0,0,0,0,0,0,0,0,0,0,0
1361,Movie 1361 (2024),Children,63000000,159,2007,0,8.5,127,4190000,1,0,0,0,1,0,0,0,0,0,0,0,0
1362,Movie 1362 (2024),Horror|Adventure|Crime,110000000,121,1997,1,5.8,479,4250000,0,0,1,0,0,0,1,0,0,0,1,0,0
1363,Movie 1363 (2024),Drama,52000000,176,1994,0,2.3,173,4720000,1,0,0,0,0,0,0,0,1,0,0,0,0
1364,Movie 1364 (2024),Adventure|Crime,123000000,165,2016,1,3.7,424,2630000,0,0,1,0,0,0,1,0,0,0,0,0,0
1365,Movie 1365 (2024),Crime,59000000,138,2010,0,9.5,176,2840000,1,0,0,0,0,0,1,0,0,0,0,0,0
1366,Movie 1366 (2024),Adventure,23000000,171,2013,0,7.0,123,3410000,0,0,1,0,0,0,0,0,0,0,0,0,0
1367,Movie 1367 (2024),Crime|Drama|Children,151000000,84,1997,0,7.8,320,2520000,0,0,0,0,1,0,1,0,1,0,0,0,0
1368,Movie 1368 (2024),Comedy,89000000,113,2020,0,3.0,100,1340000,0,0,0,0,0,1,0,0,0,0,0,0,0
1369,Movie 1369 (2024),Fantasy|Action,36000000,172,2010,0,8.3,427,1070000,1,1,0,0,0,0,0,0,0,1,0,0,0
1370,Movie 1370 (2024),Comedy|Thriller,148000000,137,2004,0,3.8,107,2350000,1,0,0,0,0,1,0,0,0,0,0,0,1
1371,Movie 1371 (2024),Sci-Fi,34000000,155,1993,0,6.6,82,3080000,0,0,0,0,0,0,0,0,0,0,0,1,0
1372,Movie 1372 (2024),Sci-Fi|Animation|Thriller,59000000,128,2006,0,3.7,442,3190000,0,0,0,1,0,0,0,0,0,0,0,1,1
1373,Movie 1373 (2024),Action|Sci-Fi|Horror,130000000,162,1997,0,9.4,326,1650000,0,1,0,0,0,0,0,0,0,0,1,1,0
1374,Movie 1374 (2024),Comedy|Adventure,73000000,83,1996,1,8.1,330,3760000,0,0,1,0,0,1,0,0,0,0,0,0,0
1375,Movie 1375 (2024),Crime|Horror,124000000,171,2014,1,6.0,90,4550000,0,0,0,0,0,0,1,0,0,0,1,0,0
1376,Movie 1376 (2024),Drama|Action,64000000,158,2021,1,3.4,438,1890000,1,1,0,0,0,0,0,0,1,0,0,0,0
1377,Movie 1377 (2024),Fantasy|Thriller,52000000,112,2010,0,4.8,273,2740000,0,0,0,0,0,0,0,0,0,1,0,0,1
1378,Movie 1378 (2024),Documentary,181000000,109,2000,0,8.1,253,1360000,1,0,0,0,0,0,0,1,0,0,0,0,0
1379,Movie 1379 (2024),Action|Children|Horror,134000000,83,2003,0,8.9,159,4430000,1,1,0,0,1,0,0,0,0,0,1,0,0
1380,Movie 1380 (2024),Thriller,152000000,171,2002,0,4.3,444,4990000,1,0,0,0,0,0,0,0,0,0,0,0,1
1381,Movie 1381 (2024),Crime|Drama,60000000,141,2004,0,9.8,394,970000,1,0,0,0,0,0,1,0,1,0,0,0,0
1382,Movie 1382 (2024),Sci-Fi,163000000,90,2020,0,3.8,297,2650000,1,0,0,0,0,0,0,0,0,0,0,1,0
1383,Movie 1383 (2024),Drama|Documentary|Horror,18000000,106,1998,1,8.1,473,2900000,1,0,0,0,0,0,0,1,1,0,1,0,0
1384,Movie 1384 (2024),Children|Action,138000000,86,1999,1,2.5,262,1960000,1,1,0,0,1,0,0,0,0,0,0,0,0
1385,Movie 1385 (2024),Adventure|Fantasy,17000000,146,1996,0,3.5,1,1710000,1,0,1,0,0,0,0,0,0,1,0,0,0
1386,Movie 1386 (2024),Crime|Documentary,163000000,103,1999,0,5.6,127,4430000,0,0,0,0,0,0,1,1,0,0,0,0,0
1387,Movie 1387 (2024),Action,83000000,160,2007,0,2.1,14,1400000,1,1,0,0,0,0,0,0,0,0,0,0,0
1388,Movie 1388 (2024),Sci-Fi,146000000,98,2023,0,3.3,366,4850000,1,0,0,0,0,0,0,0,0,0,0,1,0
1389,Movie 1389 (2024),Horror|Drama|Thriller,84000000,106,2011,0,6.3,97,1560000,0,0,0,0,0,0,0,0,1,0,1,0,1
1390,Movie 1390 (2024),Action,100000000,135,2008,0,9.0,23,630000,1,1,0,0,0,0,0,0,0,0,0,0,0
1391,Movie 1391 (2024),Adventure|Horror|Thriller,188000000,86,2023,0,7.1,48,3660000,1,0,1,0,0,0,0,0,0,0,1,0,1
1392,Movie 1392 (2024),Children,140000000,162,2001,0,8.6,456,4180000,1,0,0,0,1,0,0,0,0,0,0,0,0
1393,Movie 1393 (2024),Animation,62000000,169,2021,0,9.2,117,4140000,1,0,0,1,0,0,0,0,0,0,0,0,0
1394,Movie 1394 (2024),Thriller|Animation,96000000,148,1996,0,6.9,141,4330000,0,0,0,1,0,0,0,0,0,0,0,0,1
1395,Movie 1395 (2024),Thriller,135000000,91,1994,1,5.3,413,2530000,0,0,0,0,0,0,0,0,0,0,0,0,1
1396,Movie 1396 (2024),Sci-Fi|Documentary,70000000,88,2014,0,2.2,186,4810000,0,0,0,0,0,0,0,1,0,0,0,1,0
1397,Movie 1397 (2024),Comedy,38000000,177,1999,0,3.7,426,1690000,1,0,0,0,0,1,0,0,0,0,0,0,0
1398,Movie 1398 (2024),Sci-Fi|Animation|Children,5000000,116,1995,0,4.8,40,2330000,0,0,0,1,1,0,0,0,0,0,0,1,0
1399,Movie 1399 (2024),Thriller|Horror|Drama,182000000,168,2012,0,2.2,375,1730000,1,0,0,0,0,0,0,0,1,0,1,0,1
1400,Movie 1400 (2024),Sci-Fi|Action|Thriller,16000000,169,1996,0,9.8,357,1450000,0,1,0,0,0,0,0,0,0,0,0,1,1
1401,Movie 1401 (2024),Sci-Fi|Drama,126000000,153,2012,0,9.5,453,770000,0,0,0,0,0,0,0,0,1,0,0,1,0
1402,Movie 1402 (2024),Sci-Fi,123000000,142,2008,1,9.5,331,1260000,1,0,0,0,0,0,0,0,0,0,0,1,0
1403,Movie 1403 (2024),Animation|Comedy,87000000,96,2003,1,7.0,440,580000,1,0,0,1,0,1,0,0,0,0,0,0,0
1404,Movie 1404 (2024),Thriller|Crime,118000000,162,2023,0,8.9,104,1860000,0,0,0,0,0,0,1,0,0,0,0,0,1
1405,Movie 1405 (2024),Documentary,95000000,138,2006,0,6.6,101,3240000,0,0,0,0,0,0,0,1,0,0,0,0,0
1406,Movie 1406 (2024),Horror,167000000,95,2008,0,5.0,493,2110000,1,0,0,0,0,0,0,0,0,0,1,0,0
1407,Movie 1407 (2024),Horror|Crime,132000000,120,1994,0,7.3,406,4190000,0,0,0,0,0,0,1,0,0,0,1,0,0
1408,Movie 1408 (2024),Crime,184000000,144,2000,1,5.2,27,4480000,1,0,0,0,0,0,1,0,0,0,0,0,0
1409,Movie 1409 (2024),Sci-Fi,30000000,111,2018,1,2.0,350,720000,1,0,0,0,0,0,0,0,0,0,0,1,0
1410,Movie 1410 (2024),Comedy,68000000,99,2015,0,4.4,374,1160000,0,0,0,0,0,1,0,0,0,0,0,0,0
1411,Movie 1411 (2024),Action|Documentary,162000000,112,1997,0,4.9,293,4680000,0,1,0,0,0,0,0,1,0,0,0,0,0
1412,Movie 1412 (2024),Adventure|Horror|Thriller,35000000,165,2011,1,4.7,349,4370000,0,0,1,0,0,0,0,0,0,0,1,0,1
1413,Movie 1413 (2024),Children,193000000,80,2015,0,8.4,425,1630000,0,0,0,0,1,0,0,0,0,0,0,0,0
1414,Movie 1414 (2024),Comedy,61000000,92,1992,0,5.1,442,4430000,1,0,0,0,0,1,0,0,0,0,0,0,0
1415,Movie 1415 (2024),Adventure|Drama,28000000,130,2002,1,2.5,358,3670000,0,0,1,0,0,0,0,0,1,0,0,0,0
1416,Movie 1416 (2024),Crime|Documentary,117000000,102,2008,0,10.0,146,4290000,0,0,0,0,0,0,1,1,0,0,0,0,0
1417,Movie 1417 (2024),Thriller,104000000,136,2006,0,7.1,223,1410000,0,0,0,0,0,0,0,0,0,0,0,0,1
1418,Movie 1418 (2024),Drama,23000000,109,2010,0,3.0,132,4760000,0,0,0,0,0,0,0,0,1,0,0,0,0
1419,Movie 1419 (2024),Drama|Children|Animation,178000000,164,1992,1,7.4,263,2730000,0,0,0,1,1,0,0,0,1,0,0,0,0
1420,Movie 1420 (2024),Adventure,162000000,122,2006,0,3.3,349,3950000,1,0,1,0,0,0,0,0,0,0,0,0,0
1421,Movie 1421 (2024),Documentary,125000000,87,1994,0,6.8,77,2110000,0,0,0,0,0,0,0,1,0,0,0,0,0
1422,Movie 1422 (2024),Action|Adventure,6000000,144,2014,0,3.6,151,1810000,0,1,1,0,0,0,0,0,0,0,0,0,0
1423,Movie 1423 (2024),Crime|Sci-Fi|Children,128000000,116,1991,0,2.7,250,690000,1,0,0,0,1,0,1,0,0,0,0,1,0
1424,Movie 1424 (2024),Fantasy|Horror,34000000,113,2005,0,2.9,187,2830000,0,0,0,0,0,0,0,0,0,1,1,0,0
1425,Movie 1425 (2024),Documentary,80000000,85,2012,0,9.5,341,1850000,1,0,0,0,0,0,0,1,0,0,0,0,0
1426,Movie 1426 (2024),Comedy,144000000,104,2017,0,7.7,75,4300000,1,0,0,0,0,1,0,0,0,0,0,0,0
1427,Movie 1427 (2024),Adventure,43000000,105,1991,0,7.7,291,1090000,1,0,1,0,0,0,0,0,0,0,0,0,0
1428,Movie 1428 (2024),Children,7000000,159,1993,0,9.6,384,2870000,1,0,0,0,1,0,0,0,0,0,0,0,0
1429,Movie 1429 (2024),Documentary|Comedy,151000000,131,1995,0,6.5,221,4610000,1,0,0,0,0,1,0,1,0,0,0,0,0
1430,Movie 1430 (2024),Animation,36000000,175,2012,1,9.9,132,1780000,0,0,0,1,0,0,0,0,0,0,0,0,0
1431,Movie 1431 (2024),Adventure|Thriller|Comedy,51000000,139,2013,0,2.6,491,2150000,1,0,1,0,0,1,0,0,0,0,0,0,1
1432,Movie 1432 (2024),Drama,15000000,134,1991,0,9.0,201,1610000,0,0,0,0,0,0,0,0,1,0,0,0,0
1433,Movie 1433 (2024),Thriller|Adventure|Comedy,50000000,141,2008,0,5.4,475,840000,1,0,1,0,0,1,0,0,0,0,0,0,1
1434,Movie 1434 (2024),Comedy|Documentary|Children,120000000,137,2024,0,4.9,277,1130000,1,0,0,0,1,1,0,1,0,0,0,0,0
1435,Movie 1435 (2024),Crime|Drama,135000000,147,2009,0,2.9,364,4500000,0,0,0,0,0,0,1,0,1,0,0,0,0
1436,Movie 1436 (2024),Drama|Crime,55000000,92,2022,0,8.1,20,1130000,1,0,0,0,0,0,1,0,1,0,0,0,0
1437,Movie 1437 (2024),Action|Children|Crime,187000000,102,2019,0,6.1,493,2110000,1,1,0,0,1,0,1,0,0,0,0,0,0
1438,Movie 1438 (2024),Documentary|Drama|Thriller,188000000,95,1992,0,9.1,309,1570000,0,0,0,0,0,0,0,1,1,0,0,0,1
1439,Movie 1439 (2024),Adventure|Children,52000000,134,1994,0,4.7,329,1460000,1,0,1,0,1,0,0,0,0,0,0,0,0
1440,Movie 1440 (2024),Drama,98000000,149,2021,0,5.7,308,4290000,1,0,0,0,0,0,0,0,1,0,0,0,0
1441,Movie 1441 (2024),Children|Animation,141000000,155,1992,1,3.3,403,2640000,0,0,0,1,1,0,0,0,0,0,0,0,0
1442,Movie 1442 (2024),Thriller|Sci-Fi|Comedy,155000000,81,2023,0,8.2,69,4740000,0,0,0,0,0,1,0,0,0,0,0,1,1
1443,Movie 1443 (2024),Drama|Children,148000000,107,1993,0,8.7,171,3540000,1,0,0,0,1,0,0,0,1,0,0,0,0
1444,Movie 1444 (2024),Children|Thriller|Documentary,122000000,96,1993,1,4.9,406,3720000,0,0,0,0,1,0,0,1,0,0,0,0,1
1445,Movie 1445 (2024),Adventure,124000000,175,2000,1,8.7,233,3660000,1,0,1,0,0,0,0,0,0,0,0,0,0
1446,Movie 1446 (2024),Action,61000000,168,2024,0,5.8,389,500000,0,1,0,0,0,0,0,0,0,0,0,0,0
1447,Movie 1447 (2024),Adventure|Animation,170000000,166,2000,0,4.5,7,4930000,1,0,1,1,0,0,0,0,0,0,0,0,0
1448,Movie 1448 (2024),Crime|Animation,81000000,131,2006,0,4.5,181,2950000,0,0,0,1,0,0,1,0,0,0,0,0,0
1449,Movie 1449 (2024),Children|Crime,49000000,138,2020,1,2.4,182,4880000,0,0,0,0,1,0,1,0,0,0,0,0,0
1450,Movie 1450 (2024),Horror|Adventure|Action,33000000,116,2000,0,9.2,227,1260000,0,1,1,0,0,0,0,0,0,0,1,0,0
1451,Movie 1451 (2024),Comedy|Children|Fantasy,51000000,125,2009,0,8.9,277,3810000,1,0,0,0,1,1,0,0,0,1,0,0,0
1452,Movie 1452 (2024),Crime,84000000,178,1990,0,4.2,219,3660000,1,0,0,0,0,0,1,0,0,0,0,0,0
1453,Movie 1453 (2024),Horror|Documentary|Sci-Fi,189000000,97,2021,1,2.4,487,4250000,0,0,0,0,0,0,0,1,0,0,1,1,0
1454,Movie 1454 (2024),Adventure|Drama|Thriller,76000000,98,1996,0,8.8,424,2170000,0,0,1,0,0,0,0,0,1,0,0,0,1
1455,Movie 1455 (2024),Comedy|Animation|Action,45000000,110,2013,1,5.9,94,2020000,1,1,0,1,0,1,0,0,0,0,0,0,0
1456,Movie 1456 (2024),Documentary,134000000,114,2005,0,9.5,318,1170000,1,0,0,0,0,0,0,1,0,0,0,0,0
1457,Movie 1457 (2024),Thriller,102000000,177,2018,0,8.0,19,1800000,1,0,0,0,0,0,0,0,0,0,0,0,1
1458,Movie 1458 (2024),Horror|Crime|Fantasy,195000000,142,1990,0,9.9,269,1950000,0,0,0,0,0,0,1,0,0,1,1,0,0
1459,Movie 1459 (2024),Thriller|Sci-Fi|Drama,11000000,170,1999,0,4.8,263,2190000,1,0,0,0,0,0,0,0,1,0,0,1,1
1460,Movie 1460 (2024),Adventure,24000000,145,2017,0,5.5,267,880000,0,0,1,0,0,0,0,0,0,0,0,0,0
1461,Movie 1461 (2024),Thriller|Action|Documentary,16000000,124,2020,0,7.3,361,2350000,0,1,0,0,0,0,0,1,0,0,0,0,1
1462,Movie 1462 (2024),Adventure|Drama|Action,86000000,86,1990,0,5.1,235,2600000,1,1,1,0,0,0,0,0,1,0,0,0,0
1463,Movie 1463 (2024),Horror|Animation|Children,197000000,143,2013,0,7.7,359,1920000,1,0,0,1,1,0,0,0,0,0,1,0,0
1464,Movie 1464 (2024),Action|Comedy|Adventure,89000000,140,2003,0,2.7,355,4020000,1,1,1,0,0,1,0,0,0,0,0,0,0
1465,Movie 1465 (2024),Documentary,5000000,171,2015,0,9.3,133,3310000,1,0,0,0,0,0,0,1,0,0,0,0,0
1466,Movie 1466 (2024),Comedy|Sci-Fi,101000000,112,2007,1,8.9,397,3540000,0,0,0,0,0,1,0,0,0,0,0,1,0
1467,Movie 1467 (2024),Crime,6000000,131,2007,0,8.7,490,3570000,1,0,0,0,0,0,1,0,0,0,0,0,0
1468,Movie 1468 (2024),Documentary|Animation|Sci-Fi,55000000,175,1993,0,5.2,339,2000000,1,0,0,1,0,0,0,1,0,0,0,1,0
1469,Movie 1469 (2024),Action,127000000,147,1993,0,5.4,313,1090000,0,1,0,0,0,0,0,0,0,0,0,0,0
1470,Movie 1470 (2024),Adventure,123000000,114,2008,0,8.1,75,2610000,1,0,1,0,0,0,0,0,0,0,0,0,0
1471,Movie 1471 (2024),Crime,134000000,171,2005,0,7.3,245,3570000,1,0,0,0,0,0,1,0,0,0,0,0,0
1472,Movie 1472 (2024),Sci-Fi|Horror|Animation,75000000,159,2008,0,2.9,210,3400000,0,0,0,1,0,0,0,0,0,0,1,1,0
1473,Movie 1473 (2024),Documentary|Drama|Thriller,95000000,84,1996,0,6.0,15,3220000,0,0,0,0,0,0,0,1,1,0,0,0,1
1474,Movie 1474 (2024),Thriller|Drama|Sci-Fi,129000000,111,1992,0,8.5,180,3140000,0,0,0,0,0,0,0,0,1,0,0,1,1
1475,Movie 1475 (2024),Adventure|Action|Drama,174000000,156,2003,0,8.5,249,1700000,0,1,1,0,0,0,0,0,1,0,0,0,0
1476,Movie 1476 (2024),Animation|Comedy,89000000,84,2013,1,3.9,102,780000,0,0,0,1,0,1,0,0,0,0,0,0,0
1477,Movie 1477 (2024),Documentary,157000000,155,2020,0,6.5,44,2930000,1,0,0,0,0,0,0,1,0,0,0,0,0
1478,Movie 1478 (2024),Fantasy|Comedy,137000000,90,1992,0,8.3,494,2790000,1,0,0,0,0,1,0,0,0,1,0,0,0
1479,Movie 1479 (2024),Action|Comedy|Children,91000000,81,2017,1,3.0,313,3880000,0,1,0,0,1,1,0,0,0,0,0,0,0
1480,Movie 1480 (2024),Comedy,22000000,151,2019,1,9.8,291,580000,1,0,0,0,0,1,0,0,0,0,0,0,0
1481,Movie 1481 (2024),Documentary|Adventure|Sci-Fi,13000000,171,2007,0,3.0,375,3720000,0,0,1,0,0,0,0,1,0,0,0,1,0
1482,Movie 1482 (2024),Adventure|Action|Thriller,142000000,104,1998,0,3.7,63,2120000,0,1,1,0,0,0,0,0,0,0,0,0,1
1483,Movie 1483 (2024),Children|Comedy|Adventure,116000000,153,2006,0,4.2,353,2370000,1,0,1,0,1,1,0,0,0,0,0,0,0
1484,Movie 1484 (2024),Adventure|Crime,112000000,106,2010,0,4.2,273,4890000,1,0,1,0,0,0,1,0,0,0,0,0,0
1485,Movie 1485 (2024),Children|Documentary,62000000,110,2006,0,2.8,123,4100000,1,0,0,0,1,0,0,1,0,0,0,0,0
1486,Movie 1486 (2024),Crime|Children,177000000,83,2007,1,5.1,423,4040000,1,0,0,0,1,0,1,0,0,0,0,0,0
1487,Movie 1487 (2024),Comedy|Thriller,53000000,98,2023,0,9.2,136,4680000,1,0,0,0,0,1,0,0,0,0,0,0,1
1488,Movie 1488 (2024),Children|Thriller,194000000,164,1999,0,4.6,451,1090000,1,0,0,0,1,0,0,0,0,0,0,0,1
1489,Movie 1489 (2024),Fantasy,160000000,110,1993,0,4.1,358,4980000,0,0,0,0,0,0,0,0,0,1,0,0,0
1490,Movie 1490 (2024),Thriller,166000000,105,1994,0,9.4,229,4900000,0,0,0,0,0,0,0,0,0,0,0,0,1
1491,Movie 1491 (2024),Fantasy|Children,7000000,80,2007,0,5.9,419,3660000,0,0,0,0,1,0,0,0,0,1,0,0,0
1492,Movie 1492 (2024),Crime|Action|Fantasy,76000000,85,2006,0,7.7,162,800000,1,1,0,0,0,0,1,0,0,1,0,0,0
1493,Movie 1493 (2024),Horror|Sci-Fi,73000000,173,2009,0,2.2,99,3410000,0,0,0,0,0,0,0,0,0,0,1,1,0
1494,Movie 1494 (2024),Comedy,20000000,132,1995,0,7.8,397,770000,0,0,0,0,0,1,0,0,0,0,0,0,0
1495,Movie 1495 (2024),Drama,147000000,143,2012,0,6.4,323,1270000,0,0,0,0,0,0,0,0,1,0,0,0,0
1496,Movie 1496 (2024),Crime,189000000,125,2007,0,4.6,60,1080000,1,0,0,0,0,0,1,0,0,0,0,0,0
1497,Movie 1497 (2024),Comedy|Sci-Fi,184000000,158,2020,1,2.7,37,2200000,0,0,0,0,0,1,0,0,0,0,0,1,0
1498,Movie 1498 (2024),Horror,16000000,93,2018,0,2.3,48,4650000,1,0,0,0,0,0,0,0,0,0,1,0,0
1499,Movie 1499 (2024),Crime,94000000,99,2022,0,7.2,160,840000,1,0,0,0,0,0,1,0,0,0,0,0,0
1500,Movie 1500 (2024),Children,95000000,104,1993,0,7.0,127,570000,1,0,0,0,1,0,0,0,0,0,0,0,0
1501,Movie 1501 (2024),Adventure|Sci-Fi,44000000,116,1996,0,9.4,384,4030000,1,0,1,0,0,0,0,0,0,0,0,1,0
1502,Movie 1502 (2024),Comedy,95000000,149,1999,1,2.3,260,820000,1,0,0,0,0,1,0,0,0,0,0,0,0
1503,Movie 1503 (2024),Crime,18000000,81,2018,0,5.2,443,1770000,0,0,0,0,0,0,1,0,0,0,0,0,0
1504,Movie 1504 (2024),Drama|Sci-Fi|Documentary,154000000,83,1998,0,7.1,124,1880000,1,0,0,0,0,0,0,1,1,0,0,1,0
1505,Movie 1505 (2024),Sci-Fi|Comedy,89000000,110,2007,0,2.2,362,2070000,1,0,0,0,0,1,0,0,0,0,0,1,0
1506,Movie 1506 (2024),Drama|Crime,21000000,140,2019,1,3.4,357,2700000,1,0,0,0,0,0,1,0,1,0,0,0,0
1507,Movie 1507 (2024),Drama|Sci-Fi|Fantasy,132000000,179,1996,0,5.7,432,1550000,0,0,0,0,0,0,0,0,1,1,0,1,0
1508,Movie 1508 (2024),Action|Fantasy,49000000,174,2023,0,8.2,469,3490000,0,1,0,0,0,0,0,0,0,1,0,0,0
1509,Movie 1509 (2024),Horror|Sci-Fi,4000000,156,2016,0,3.2,439,2900000,1,0,0,0,0,0,0,0,0,0,1,1,0
1510,Movie 1510 (2024),Thriller|Crime,195000000,135,2006,0,9.9,335,680000,1,0,0,0,0,0,1,0,0,0,0,0,1
1511,Movie 1511 (2024),Sci-Fi,73000000,108,1991,0,7.3,251,3160000,1,0,0,0,0,0,0,0,0,0,0,1,0
1512,Movie 1512 (2024),Drama|Adventure|Sci-Fi,123000000,138,2014,0,8.8,116,2180000,1,0,1,0,0,0,0,0,1,0,0,1,0
1513,Movie 1513 (2024),Animation|Fantasy,62000000,149,1999,0,2.6,98,3290000,1,0,0,1,0,0,0,0,0,1,0,0,0
1514,Movie 1514 (2024),Fantasy,113000000,172,2005,1,3.9,394,4420000,0,0,0,0,0,0,0,0,0,1,0,0,0
1515,Movie 1515 (2024),Documentary,42000000,112,1995,1,8.8,375,2980000,1,0,0,0,0,0,0,1,0,0,0,0,0
1516,Movie 1516 (2024),Adventure,86000000,171,2023,1,4.4,109,2940000,0,0,1,0,0,0,0,0,0,0,0,0,0
1517,Movie 1517 (2024),Documentary|Children|Adventure,92000000,107,2018,0,9.0,55,4750000,1,0,1,0,1,0,0,1,0,0,0,0,0
1518,Movie 1518 (2024),Drama,59000000,169,2001,1,6.5,86,3060000,0,0,0,0,0,0,0,0,1,0,0,0,0
1519,Movie 1519 (2024),Animation,143000000,174,2005,0,6.7,325,4090000,1,0,0,1,0,0,0,0,0,0,0,0,0
1520,Movie 1520 (2024),Crime|Adventure,95000000,146,1998,0,6.2,310,3210000,1,0,1,0,0,0,1,0,0,0,0,0,0
1521,Movie 1521 (2024),Crime|Adventure,167000000,97,2011,0,6.3,381,4220000,0,0,1,0,0,0,1,0,0,0,0,0,0
1522,Movie 1522 (2024),Sci-Fi|Crime,159000000,124,2014,1,5.8,70,2170000,1,0,0,0,0,0,1,0,0,0,0,1,0
1523,Movie 1523 (2024),Documentary,48000000,169,2007,0,7.6,9,3750000,0,0,0,0,0,0,0,1,0,0,0,0,0
1524,Movie 1524 (2024),Children,62000000,128,2017,1,2.3,345,3240000,1,0,0,0,1,0,0,0,0,0,0,0,0
1525,Movie 1525 (2024),Action,73000000,91,2015,1,8.0,263,2310000,1,1,0,0,0,0,0,0,0,0,0,0,0
1526,Movie 1526 (2024),Fantasy|Crime,169000000,132,2001,0,7.2,287,4890000,0,0,0,0,0,0,1,0,0,1,0,0,0
1527,Movie 1527 (2024),Drama|Action|Comedy,61000000,93,2018,0,7.4,29,3400000,1,1,0,0,0,1,0,0,1,0,0,0,0
1528,Movie 1528 (2024),Crime|Action|Fantasy,27000000,161,1991,0,8.2,7,1440000,0,1,0,0,0,0,1,0,0,1,0,0,0
1529,Movie 1529 (2024),Action|Sci-Fi|Crime,99000000,138,2021,0,4.6,241,1900000,1,1,0,0,0,0,1,0,0,0,0,1,0
1530,Movie 1530 (2024),Fantasy|Documentary,2000000,139,2005,0,2.6,303,1740000,0,0,0,0,0,0,0,1,0,1,0,0,0
1531,Movie 1531 (2024),Thriller|Action,158000000,167,2018,0,8.9,381,3800000,0,1,0,0,0,0,0,0,0,0,0,0,1
1532,Movie 1532 (2024),Comedy|Fantasy,179000000,108,2018,0,5.4,322,2120000,1,0,0,0,0,1,0,0,0,1,0,0,0
1533,Movie 1533 (2024),Drama|Documentary|Action,175000000,177,2002,0,5.1,375,590000,0,1,0,0,0,0,0,1,1,0,0,0,0
1534,Movie 1534 (2024),Adventure|Fantasy|Horror,195000000,114,2011,0,10.0,280,2110000,1,0,1,0,0,0,0,0,0,1,1,0,0
1535,Movie 1535 (2024),Sci-Fi|Thriller|Animation,42000000,175,2020,0,5.0,218,4460000,0,0,0,1,0,0,0,0,0,0,0,1,1
1536,Movie 1536 (2024),Children|Action|Sci-Fi,44000000,172,2009,0,9.4,27,4420000,0,1,0,0,1,0,0,0,0,0,0,1,0
1537,Movie 1537 (2024),Animation|Documentary,13000000,105,2020,0,6.5,21,1530000,1,0,0,1,0,0,0,1,0,0,0,0,0
1538,Movie 1538 (2024),Adventure|Comedy|Action,171000000,175,2023,0,4.1,175,2340000,1,1,1,0,0,1,0,0,0,0,0,0,0
1539,Movie 1539 (2024),Fantasy,98000000,95,2000,0,7.8,424,2110000,1,0,0,0,0,0,0,0,0,1,0,0,0
1540,Movie 1540 (2024),Children|Thriller|Crime,27000000,159,1996,0,2.4,367,4460000,0,0,0,0,1,0,1,0,0,0,0,0,1
1541,Movie 1541 (2024),Fantasy|Adventure|Action,175000000,155,2002,1,7.9,215,760000,0,1,1,0,0,0,0,0,0,1,0,0,0
1542,Movie 1542 (2024),Comedy|Documentary,46000000,161,1990,0,4.1,453,2840000,1,0,0,0,0,1,0,1,0,0,0,0,0
1543,Movie 1543 (2024),Animation|Documentary|Comedy,122000000,173,2021,0,7.3,88,770000,0,0,0,1,0,1,0,1,0,0,0,0,0
1544,Movie 1544 (2024),Documentary,98000000,175,2016,0,3.0,365,2010000,1,0,0,0,0,0,0,1,0,0,0,0,0
1545,Movie 1545 (2024),Animation,147000000,108,2011,0,5.8,372,2920000,0,0,0,1,0,0,0,0,0,0,0,0,0
1546,Movie 1546 (2024),Animation|Children,53000000,116,2005,0,6.0,126,4760000,1,0,0,1,1,0,0,0,0,0,0,0,0
1547,Movie 1547 (2024),Comedy|Children|Thriller,64000000,141,2024,0,9.2,11,1830000,1,0,0,0,1,1,0,0,0,0,0,0,1
1548,Movie 1548 (2024),Documentary|Comedy|Thriller,165000000,148,1996,0,2.5,448,4410000,0,0,0,0,0,1,0,1,0,0,0,0,1
1549,Movie 1549 (2024),Fantasy,150000000,97,2000,0,7.7,194,3550000,0,0,0,0,0,0,0,0,0,1,0,0,0
1550,Movie 1550 (2024),Adventure|Comedy,55000000,145,1998,0,9.3,345,4990000,1,0,1,0,0,1,0,0,0,0,0,0,0
1551,Movie 1551 (2024),Sci-Fi,36000000,83,2024,1,3.6,74,2330000,1,0,0,0,0,0,0,0,0,0,0,1,0
1552,Movie 1552 (2024),Comedy|Sci-Fi,86000000,161,2011,0,4.5,11,3610000,0,0,0,0,0,1,0,0,0,0,0,1,0
1553,Movie 1553 (2024),Horror|Fantasy,55000000,149,2018,0,5.8,180,4750000,0,0,0,0,0,0,0,0,0,1,1,0,0
1554,Movie 1554 (2024),Documentary,195000000,80,1992,0,5.7,415,4660000,1,0,0,0,0,0,0,1,0,0,0,0,0
1555,Movie 1555 (2024),Animation|Adventure|Fantasy,32000000,98,2019,1,2.4,435,3230000,1,0,1,1,0,0,0,0,0,1,0,0,0
1556,Movie 1556 (2024),Sci-Fi,41000000,136,2013,0,5.1,417,1300000,0,0,0,0,0,0,0,0,0,0,0,1,0
1557,Movie 1557 (2024),Animation,13000000,95,2013,0,8.9,6,3500000,1,0,0,1,0,0,0,0,0,0,0,0,0
1558,Movie 1558 (2024),Thriller,64000000,128,2008,1,2.9,270,2590000,0,0,0,0,0,0,0,0,0,0,0,0,1
1559,Movie 1559 (2024),Horror|Animation,58000000,94,2022,0,8.9,81,3910000,0,0,0,1,0,0,0,0,0,0,1,0,0
1560,Movie 1560 (2024),Drama|Crime|Documentary,101000000,104,1991,0,9.0,367,3440000,1,0,0,0,0,0,1,1,1,0,0,0,0
1561,Movie 1561 (2024),Drama|Comedy,19000000,141,1990,0,3.4,76,2490000,1,0,0,0,0,1,0,0,1,0,0,0,0
1562,Movie 1562 (2024),Action,146000000,88,2017,0,9.4,297,3270000,0,1,0,0,0,0,0,0,0,0,0,0,0
1563,Movie 1563 (2024),Documentary,144000000,164,2018,0,9.6,119,1070000,0,0,0,0,0,0,0,1,0,0,0,0,0
1564,Movie 1564 (2024),Crime,192000000,115,2005,1,3.9,313,4830000,1,0,0,0,0,0,1,0,0,0,0,0,0
1565,Movie 1565 (2024),Action,122000000,90,2004,0,6.9,349,4660000,0,1,0,0,0,0,0,0,0,0,0,0,0
1566,Movie 1566 (2024),Crime,169000000,85,1993,0,2.7,406,2520000,0,0,0,0,0,0,1,0,0,0,0,0,0
1567,Movie 1567 (2024),Comedy|Crime,78000000,103,1999,1,3.5,388,570000,0,0,0,0,0,1,1,0,0,0,0,0,0
1568,Movie 1568 (2024),Comedy|Action|Sci-Fi,162000000,169,2022,1,5.4,64,4060000,0,1,0,0,0,1,0,0,0,0,0,1,0
1569,Movie 1569 (2024),Comedy,45000000,129,2018,0,3.4,203,4450000,0,0,0,0,0,1,0,0,0,0,0,0,0
1570,Movie 1570 (2024),Adventure,77000000,151,2017,0,7.3,342,640000,0,0,1,0,0,0,0,0,0,0,0,0,0
1571,Movie 1571 (2024),Animation,168000000,106,1996,0,5.6,312,2050000,1,0,0,1,0,0,0,0,0,0,0,0,0
1572,Movie 1572 (2024),Horror,194000000,175,2020,0,8.5,178,4970000,1,0,0,0,0,0,0,0,0,0,1,0,0
1573,Movie 1573 (2024),Horror,176000000,171,2002,1,9.6,35,3520000,0,0,0,0,0,0,0,0,0,0,1,0,0
1574,Movie 1574 (2024),Comedy,69000000,174,1993,0,2.5,51,4180000,0,0,0,0,0,1,0,0,0,0,0,0,0
1575,Movie 1575 (2024),Action|Drama|Horror,36000000,82,2015,0,9.6,264,2060000,0,1,0,0,0,0,0,0,1,0,1,0,0
1576,Movie 1576 (2024),Animation|Crime,51000000,93,2021,0,4.4,430,4170000,0,0,0,1,0,0,1,0,0,0,0,0,0
1577,Movie 1577 (2024),Crime,69000000,121,2016,0,9.2,105,1020000,0,0,0,0,0,0,1,0,0,0,0,0,0
1578,Movie 1578 (2024),Adventure,115000000,179,1992,0,7.2,462,1300000,0,0,1,0,0,0,0,0,0,0,0,0,0
1579,Movie 1579 (2024),Animation|Action,69000000,88,2016,1,2.9,71,2720000,0,1,0,1,0,0,0,0,0,0,0,0,0
1580,Movie 1580 (2024),Crime,61000000,178,2023,0,4.3,296,830000,0,0,0,0,0,0,1,0,0,0,0,0,0
1581,Movie 1581 (2024),Horror|Action,96000000,97,2021,1,6.8,268,4080000,0,1,0,0,0,0,0,0,0,0,1,0,0
1582,Movie 1582 (2024),Horror|Documentary,166000000,139,2003,1,8.1,245,3350000,0,0,0,0,0,0,0,1,0,0,1,0,0
1583,Movie 1583 (2024),Drama|Animation,148000000,157,1998,0,2.2,484,4010000,1,0,0,1,0,0,0,0,1,0,0,0,0
1584,Movie 1584 (2024),Adventure|Documentary|Fantasy,66000000,154,2000,1,7.9,270,1960000,1,0,1,0,0,0,0,1,0,1,0,0,0
1585,Movie 1585 (2024),Horror,120000000,120,2005,0,8.5,60,3340000,0,0,0,0,0,0,0,0,0,0,1,0,0
1586,Movie 1586 (2024),Animation|Sci-Fi|Comedy,8000000,111,2020,0,3.9,345,4840000,0,0,0,1,0,1,0,0,0,0,0,1,0
1587,Movie 1587 (2024),Animation,138000000,121,2018,0,7.2,378,3480000,1,0,0,1,0,0,0,0,0,0,0,0,0
1588,Movie 1588 (2024),Animation|Fantasy|Thriller,21000000,123,2008,0,5.0,149,3710000,0,0,0,1,0,0,0,0,0,1,0,0,1
1589,Movie 1589 (2024),Fantasy|Adventure|Drama,68000000,175,1993,0,9.8,270,4620000,0,0,1,0,0,0,0,0,1,1,0,0,0
1590,Movie 1590 (2024),Adventure|Fantasy,26000000,145,1996,0,9.6,50,2110000,1,0,1,0,0,0,0,0,0,1,0,0,0
1591,Movie 1591 (2024),Animation|Horror|Drama,177000000,103,2021,0,5.8,316,4120000,0,0,0,1,0,0,0,0,1,0,1,0,0
1592,Movie 1592 (2024),Horror|Crime|Thriller,126000000,105,2003,0,2.8,2,1950000,1,0,0,0,0,0,1,0,0,0,1,0,1
1593,Movie 1593 (2024),Documentary,99000000,104,2005,0,7.3,142,600000,0,0,0,0,0,0,0,1,0,0,0,0,0
1594,Movie 1594 (2024),Comedy|Sci-Fi,132000000,113,2023,0,7.1,357,4880000,1,0,0,0,0,1,0,0,0,0,0,1,0
1595,Movie 1595 (2024),Horror|Animation,149000000,101,2012,0,5.3,395,560000,0,0,0,1,0,0,0,0,0,0,1,0,0
1596,Movie 1596 (2024),Thriller|Drama,135000000,140,1991,0,2.2,113,1550000,0,0,0,0,0,0,0,0,1,0,0,0,1
1597,Movie 1597 (2024),Sci-Fi,182000000,155,1990,0,5.4,313,1500000,1,0,0,0,0,0,0,0,0,0,0,1,0
1598,Movie 1598 (2024),Fantasy,12000000,96,2002,0,9.8,126,1170000,1,0,0,0,0,0,0,0,0,1,0,0,0
1599,Movie 1599 (2024),Action|Thriller,106000000,171,1998,0,8.3,309,4450000,0,1,0,0,0,0,0,0,0,0,0,0,1
1600,Movie 1600 (2024),Comedy|Fantasy,199000000,106,2017,0,5.1,433,1550000,1,0,0,0,0,1,0,0,0,1,0,0,0
1601,Movie 1601 (2024),Children,80000000,154,2000,0,7.4,432,3040000,1,0,0,0,1,0,0,0,0,0,0,0,0
1602,Movie 1602 (2024),Action,156000000,130,2020,0,5.1,351,4620000,1,1,0,0,0,0,0,0,0,0,0,0,0
1603,Movie 1603 (2024),Comedy|Children,56000000,164,2016,0,4.9,447,2910000,0,0,0,0,1,1,0,0,0,0,0,0,0
1604,Movie 1604 (2024),Comedy|Drama,102000000,159,1990,0,6.4,415,3300000,1,0,0,0,0,1,0,0,1,0,0,0,0
1605,Movie 1605 (2024),Horror|Sci-Fi|Drama,123000000,165,2023,0,7.4,382,3370000,1,0,0,0,0,0,0,0,1,0,1,1,0
1606,Movie 1606 (2024),Horror,6000000,95,2010,0,7.3,491,3070000,0,0,0,0,0,0,0,0,0,0,1,0,0
1607,Movie 1607 (2024),Documentary,92000000,150,2009,1,4.3,475,1970000,1,0,0,0,0,0,0,1,0,0,0,0,0
1608,Movie 1608 (2024),Horror,123000000,160,2014,0,5.0,81,3870000,0,0,0,0,0,0,0,0,0,0,1,0,0
1609,Movie 1609 (2024),Drama|Action,22000000,90,2015,0,7.5,484,1760000,1,1,0,0,0,0,0,0,1,0,0,0,0
1610,Movie 1610 (2024),Crime|Animation|Fantasy,34000000,125,1996,0,9.9,402,580000,0,0,0,1,0,0,1,0,0,1,0,0,0
1611,Movie 1611 (2024),Sci-Fi|Horror,162000000,91,1990,0,8.5,412,2870000,0,0,0,0,0,0,0,0,0,0,1,1,0
1612,Movie 1612 (2024),Fantasy|Thriller,120000000,110,2020,0,7.8,226,3650000,1,0,0,0,0,0,0,0,0,1,0,0,1
1613,Movie 1613 (2024),Action|Sci-Fi,189000000,139,2007,0,2.7,291,3380000,0,1,0,0,0,0,0,0,0,0,0,1,0
1614,Movie 1614 (2024),Sci-Fi|Animation,187000000,123,2009,0,4.9,56,2130000,1,0,0,1,0,0,0,0,0,0,0,1,0
1615,Movie 1615 (2024),Comedy,63000000,83,2002,0,3.0,325,3160000,1,0,0,0,0,1,0,0,0,0,0,0,0
1616,Movie 1616 (2024),Horror|Thriller|Children,20000000,170,1990,1,8.6,114,2730000,0,0,0,0,1,0,0,0,0,0,1,0,1
1617,Movie 1617 (2024),Action|Drama|Animation,153000000,129,2016,0,5.9,133,2140000,1,1,0,1,0,0,0,0,1,0,0,0,0
1618,Movie 1618 (2024),Crime,168000000,151,2013,1,3.2,115,2150000,1,0,0,0,0,0,1,0,0,0,0,0,0
1619,Movie 1619 (2024),Drama|Adventure|Horror,47000000,128,2005,0,3.1,115,1920000,0,0,1,0,0,0,0,0,1,0,1,0,0
1620,Movie 1620 (2024),Comedy|Crime|Action,153000000,172,2013,0,9.9,97,1020000,1,1,0,0,0,1,1,0,0,0,0,0,0
1621,Movie 1621 (2024),Thriller|Sci-Fi|Children,116000000,92,1995,0,9.2,278,890000,0,0,0,0,1,0,0,0,0,0,0,1,1
1622,Movie 1622 (2024),Comedy|Fantasy,28000000,159,2020,0,4.8,374,3700000,1,0,0,0,0,1,0,0,0,1,0,0,0
1623,Movie 1623 (2024),Animation|Sci-Fi,170000000,172,2019,0,9.0,280,4840000,0,0,0,1,0,0,0,0,0,0,0,1,0
1624,Movie 1624 (2024),Action|Comedy,15000000,149,1996,0,6.7,267,1850000,1,1,0,0,0,1,0,0,0,0,0,0,0
1625,Movie 1625 (2024),Crime,11000000,174,2009,1,9.2,236,4320000,1,0,0,0,0,0,1,0,0,0,0,0,0
1626,Movie 1626 (2024),Animation,90000000,146,2007,0,5.3,304,750000,1,0,0,1,0,0,0,0,0,0,0,0,0
1627,Movie 1627 (2024),Sci-Fi|Documentary|Comedy,99000000,120,2005,1,4.7,337,4690000,0,0,0,0,0,1,0,1,0,0,0,1,0
1628,Movie 1628 (2024),Comedy|Crime|Documentary,180000000,91,2019,0,8.4,149,1150000,1,0,0,0,0,1,1,1,0,0,0,0,0
1629,Movie 1629 (2024),Adventure|Thriller,66000000,151,2005,0,4.4,238,4910000,1,0,1,0,0,0,0,0,0,0,0,0,1
1630,Movie 1630 (2024),Sci-Fi|Thriller|Comedy,138000000,123,2000,1,7.5,231,1190000,0,0,0,0,0,1,0,0,0,0,0,1,1
1631,Movie 1631 (2024),Documentary,125000000,99,1997,0,3.2,294,2740000,0,0,0,0,0,0,0,1,0,0,0,0,0
1632,Movie 1632 (2024),Sci-Fi|Adventure|Horror,22000000,130,2007,1,2.2,43,3330000,1,0,1,0,0,0,0,0,0,0,1,1,0
1633,Movie 1633 (2024),Comedy|Crime|Documentary,167000000,137,2014,1,6.2,435,1160000,0,0,0,0,0,1,1,1,0,0,0,0,0
1634,Movie 1634 (2024),Horror,80000000,136,2011,1,7.8,485,1980000,1,0,0,0,0,0,0,0,0,0,1,0,0
1635,Movie 1635 (2024),Action,173000000,93,2021,0,8.1,330,4290000,0,1,0,0,0,0,0,0,0,0,0,0,0
1636,Movie 1636 (2024),Drama|Documentary|Action,157000000,153,2009,0,5.1,466,1150000,0,1,0,0,0,0,0,1,1,0,0,0,0
1637,Movie 1637 (2024),Crime|Adventure,137000000,117,2013,1,5.7,267,2280000,1,0,1,0,0,0,1,0,0,0,0,0,0
1638,Movie 1638 (2024),Thriller|Drama,162000000,89,1991,0,7.3,116,1380000,0,0,0,0,0,0,0,0,1,0,0,0,1
1639,Movie 1639 (2024),Action|Documentary|Thriller,24000000,94,1990,0,8.6,60,3540000,0,1,0,0,0,0,0,1,0,0,0,0,1
1640,Movie 1640 (2024),Animation|Crime,57000000,151,1994,1,7.9,40,1610000,1,0,0,1,0,0,1,0,0,0,0,0,0
1641,Movie 1641 (2024),Sci-Fi|Comedy,37000000,174,2003,0,4.6,21,4990000,1,0,0,0,0,1,0,0,0,0,0,1,0
1642,Movie 1642 (2024),Horror|Sci-Fi,10000000,125,2009,0,3.5,364,1460000,1,0,0,0,0,0,0,0,0,0,1,1,0
1643,Movie 1643 (2024),Documentary,158000000,97,2023,0,6.7,406,3180000,0,0,0,0,0,0,0,1,0,0,0,0,0
1644,Movie 1644 (2024),Adventure|Drama|Children,101000000,123,2020,0,9.7,197,1280000,0,0,1,0,1,0,0,0,1,0,0,0,0
1645,Movie 1645 (2024),Documentary,108000000,103,2022,0,2.8,302,3890000,1,0,0,0,0,0,0,1,0,0,0,0,0
1646,Movie 1646 (2024),Horror|Action,45000000,136,2004,1,9.4,73,1990000,0,1,0,0,0,0,0,0,0,0,1,0,0
1647,Movie 1647 (2024),Crime|Thriller,174000000,156,1994,0,7.2,369,1980000,0,0,0,0,0,0,1,0,0,0,0,0,1
1648,Movie 1648 (2024),Horror|Fantasy|Children,161000000,122,2001,0,9.2,289,4930000,0,0,0,0,1,0,0,0,0,1,1,0,0
1649,Movie 1649 (2024),Crime|Children|Thriller,173000000,160,2006,0,4.0,272,2310000,0,0,0,0,1,0,1,0,0,0,0,0,1
1650,Movie 1650 (2024),Animation,90000000,108,2022,1,8.5,358,4770000,0,0,0,1,0,0,0,0,0,0,0,0,0
1651,Movie 1651 (2024),Children|Crime,46000000,117,1992,0,4.4,311,1630000,1,0,0,0,1,0,1,0,0,0,0,0,0
1652,Movie 1652 (2024),Drama|Sci-Fi,12000000,108,2023,0,10.0,488,2270000,1,0,0,0,0,0,0,0,1,0,0,1,0
1653,Movie 1653 (2024),Documentary,107000000,103,2011,0,9.9,184,3790000,1,0,0,0,0,0,0,1,0,0,0,0,0
1654,Movie 1654 (2024),Drama,141000000,102,2020,0,9.2,452,1370000,0,0,0,0,0,0,0,0,1,0,0,0,0
1655,Movie 1655 (2024),Animation,197000000,103,2018,0,8.1,459,4180000,0,0,0,1,0,0,0,0,0,0,0,0,0
1656,Movie 1656 (2024),Fantasy|Animation|Documentary,192000000,93,2023,0,3.1,444,1720000,1,0,0,1,0,0,0,1,0,1,0,0,0
1657,Movie 1657 (2024),Fantasy|Documentary|Sci-Fi,51000000,146,2024,0,7.4,165,3410000,0,0,0,0,0,0,0,1,0,1,0,1,0
1658,Movie 1658 (2024),Documentary|Sci-Fi,168000000,153,2010,0,4.7,321,2950000,1,0,0,0,0,0,0,1,0,0,0,1,0
1659,Movie 1659 (2024),Documentary,171000000,138,2011,0,6.3,420,1550000,0,0,0,0,0,0,0,1,0,0,0,0,0
1660,Movie 1660 (2024),Action,151000000,145,2016,0,4.2,131,4780000,0,1,0,0,0,0,0,0,0,0,0,0,0
1661,Movie 1661 (2024),Children|Adventure,143000000,176,2021,0,7.3,57,720000,0,0,1,0,1,0,0,0,0,0,0,0,0
1662,Movie 1662 (2024),Action|Comedy,100000000,176,2008,0,4.9,301,3750000,1,1,0,0,0,1,0,0,0,0,0,0,0
1663,Movie 1663 (2024),Documentary|Sci-Fi,96000000,153,2007,0,2.7,344,2570000,0,0,0,0,0,0,0,1,0,0,0,1,0
1664,Movie 1664 (2024),Sci-Fi|Animation|Fantasy,150000000,94,2010,1,4.3,28,1670000,0,0,0,1,0,0,0,0,0,1,0,1,0
1665,Movie 1665 (2024),Action,25000000,157,2001,1,9.7,70,4600000,0,1,0,0,0,0,0,0,0,0,0,0,0
1666,Movie 1666 (2024),Fantasy,96000000,165,2003,1,5.5,419,500000,1,0,0,0,0,0,0,0,0,1,0,0,0
1667,Movie 1667 (2024),Documentary,77000000,121,2015,0,6.5,298,1090000,1,0,0,0,0,0,0,1,0,0,0,0,0
1668,Movie 1668 (2024),Comedy,76000000,152,2001,0,2.8,436,4270000,1,0,0,0,0,1,0,0,0,0,0,0,0
1669,Movie 1669 (2024),Thriller,106000000,94,2012,0,6.3,20,2420000,1,0,0,0,0,0,0,0,0,0,0,0,1
1670,Movie 1670 (2024),Horror|Adventure|Fantasy,92000000,177,2019,1,4.7,20,4090000,1,0,1,0,0,0,0,0,0,1,1,0,0
1671,Movie 1671 (2024),Drama,176000000,118,2020,1,9.5,419,3440000,0,0,0,0,0,0,0,0,1,0,0,0,0
1672,Movie 1672 (2024),Adventure|Children|Crime,22000000,100,1994,1,4.5,339,750000,0,0,1,0,1,0,1,0,0,0,0,0,0
1673,Movie 1673 (2024),Children|Fantasy|Adventure,47000000,173,2015,0,2.6,332,4990000,1,0,1,0,1,0,0,0,0,1,0,0,0
1674,Movie 1674 (2024),Action|Crime,121000000,158,1994,0,4.8,193,3610000,1,1,0,0,0,0,1,0,0,0,0,0,0
1675,Movie 1675 (2024),Action|Horror|Documentary,107000000,140,2002,0,8.0,488,2090000,0,1,0,0,0,0,0,1,0,0,1,0,0
1676,Movie 1676 (2024),Crime|Documentary|Animation,76000000,122,2001,0,3.6,171,2610000,1,0,0,1,0,0,1,1,0,0,0,0,0
1677,Movie 1677 (2024),Sci-Fi,175000000,124,2014,1,6.3,450,3170000,1,0,0,0,0,0,0,0,0,0,0,1,0
1678,Movie 1678 (2024),Documentary|Drama,29000000,128,1994,0,9.8,326,3740000,0,0,0,0,0,0,0,1,1,0,0,0,0
1679,Movie 1679 (2024),Crime|Comedy|Horror,99000000,173,1993,1,5.7,346,710000,0,0,0,0,0,1,1,0,0,0,1,0,0
1680,Movie 1680 (2024),Fantasy,7000000,100,2012,0,9.1,376,1760000,1,0,0,0,0,0,0,0,0,1,0,0,0
1681,Movie 1681 (2024),Adventure|Drama,65000000,134,2014,0,3.5,402,2990000,1,0,1,0,0,0,0,0,1,0,0,0,0
1682,Movie 1682 (2024),Drama|Animation,184000000,143,2016,0,3.1,377,4090000,1,0,0,1,0,0,0,0,1,0,0,0,0
1683,Movie 1683 (2024),Fantasy|Animation,38000000,168,2017,0,3.8,307,1500000,0,0,0,1,0,0,0,0,0,1,0,0,0
1684,Movie 1684 (2024),Animation|Action|Children,5000000,102,2018,0,3.8,485,4760000,0,1,0,1,1,0,0,0,0,0,0,0,0
1685,Movie 1685 (2024),Children|Adventure|Drama,158000000,148,2014,1,9.7,399,3720000,1,0,1,0,1,0,0,0,1,0,0,0,0
1686,Movie 1686 (2024),Horror|Drama,152000000,117,1996,0,7.5,332,910000,1,0,0,0,0,0,0,0,1,0,1,0,0
1687,Movie 1687 (2024),Adventure|Animation,34000000,148,2002,1,3.7,199,3850000,0,0,1,1,0,0,0,0,0,0,0,0,0
1688,Movie 1688 (2024),Adventure|Children,169000000,126,1990,0,6.0,176,2130000,0,0,1,0,1,0,0,0,0,0,0,0,0
1689,Movie 1689 (2024),Drama|Documentary,44000000,101,2019,0,6.9,152,840000,1,0,0,0,0,0,0,1,1,0,0,0,0
1690,Movie 1690 (2024),Thriller|Horror|Comedy,53000000,153,2021,1,2.4,278,3630000,1,0,0,0,0,1,0,0,0,0,1,0,1
1691,Movie 1691 (2024),Crime|Thriller,89000000,134,2019,0,7.8,471,2430000,1,0,0,0,0,0,1,0,0,0,0,0,1
1692,Movie 1692 (2024),Fantasy|Animation,16000000,174,2005,0,3.4,127,770000,1,0,0,1,0,0,0,0,0,1,0,0,0
1693,Movie 1693 (2024),Thriller|Animation|Crime,199000000,118,2015,0,3.7,446,1580000,1,0,0,1,0,0,1,0,0,0,0,0,1
1694,Movie 1694 (2024),Documentary|Fantasy,2000000,139,2001,0,8.8,89,2880000,1,0,0,0,0,0,0,1,0,1,0,0,0
1695,Movie 1695 (2024),Documentary|Adventure,191000000,171,2019,0,9.2,290,3670000,1,0,1,0,0,0,0,1,0,0,0,0,0
1696,Movie 1696 (2024),Adventure,162000000,94,1996,1,8.8,123,3110000,1,0,1,0,0,0,0,0,0,0,0,0,0
1697,Movie 1697 (2024),Drama,8000000,107,1997,0,6.9,34,2050000,1,0,0,0,0,0,0,0,1,0,0,0,0
1698,Movie 1698 (2024),Crime|Adventure,91000000,138,1994,0,4.0,494,1180000,1,0,1,0,0,0,1,0,0,0,0,0,0
1699,Movie 1699 (2024),Drama,42000000,138,2018,0,7.2,116,1000000,0,0,0,0,0,0,0,0,1,0,0,0,0
1700,Movie 1700 (2024),Comedy,98000000,130,1996,0,3.4,376,1490000,0,0,0,0,0,1,0,0,0,0,0,0,0
1701,Movie 1701 (2024),Comedy,71000000,172,2021,0,2.8,118,1200000,1,0,0,0,0,1,0,0,0,0,0,0,0
1702,Movie 1702 (2024),Action,146000000,104,1990,0,9.0,236,770000,0,1,0,0,0,0,0,0,0,0,0,0,0
1703,Movie 1703 (2024),Crime|Adventure|Horror,199000000,161,2018,0,6.1,32,2830000,1,0,1,0,0,0,1,0,0,0,1,0,0
1704,Movie 1704 (2024),Horror|Thriller|Action,67000000,115,1996,0,9.2,355,1790000,1,1,0,0,0,0,0,0,0,0,1,0,1
1705,Movie 1705 (2024),Horror|Fantasy,22000000,161,1992,0,6.2,409,2790000,1,0,0,0,0,0,0,0,0,1,1,0,0
1706,Movie 1706 (2024),Documentary,102000000,167,1995,0,5.1,392,4650000,1,0,0,0,0,0,0,1,0,0,0,0,0
1707,Movie 1707 (2024),Children,67000000,167,1997,0,4.4,10,4770000,0,0,0,0,1,0,0,0,0,0,0,0,0
1708,Movie 1708 (2024),Thriller|Crime|Fantasy,129000000,151,2010,0,4.2,161,970000,1,0,0,0,0,0,1,0,0,1,0,0,1
1709,Movie 1709 (2024),Action,75000000,155,2013,0,9.3,431,1460000,1,1,0,0,0,0,0,0,0,0,0,0,0
1710,Movie 1710 (2024),Crime|Drama,57000000,133,2019,0,6.5,97,2500000,0,0,0,0,0,0,1,0,1,0,0,0,0
1711,Movie 1711 (2024),Adventure|Drama|Crime,100000000,96,2013,0,5.8,80,2260000,1,0,1,0,0,0,1,0,1,0,0,0,0
1712,Movie 1712 (2024),Crime,12000000,106,2006,1,9.4,468,2080000,0,0,0,0,0,0,1,0,0,0,0,0,0
1713,Movie 1713 (2024),Documentary,187000000,177,2021,0,3.3,26,4640000,0,0,0,0,0,0,0,1,0,0,0,0,0
1714,Movie 1714 (2024),Animation|Crime|Horror,169000000,86,1992,1,2.5,327,3750000,0,0,0,1,0,0,1,0,0,0,1,0,0
1715,Movie 1715 (2024),Documentary|Thriller|Animation,106000000,170,2024,0,4.7,135,3540000,1,0,0,1,0,0,0,1,0,0,0,0,1
1716,Movie 1716 (2024),Comedy,158000000,82,2011,0,5.9,325,930000,1,0,0,0,0,1,0,0,0,0,0,0,0
1717,Movie 1717 (2024),Thriller|Children|Adventure,186000000,159,2009,0,6.9,14,4450000,1,0,1,0,1,0,0,0,0,0,0,0,1
1718,Movie 1718 (2024),Fantasy|Adventure|Children,156000000,128,2013,0,7.8,395,3910000,0,0,1,0,1,0,0,0,0,1,0,0,0
1719,Movie 1719 (2024),Fantasy,134000000,131,2019,0,7.6,457,4920000,0,0,0,0,0,0,0,0,0,1,0,0,0
1720,Movie 1720 (2024),Documentary|Horror,13000000,142,2014,1,5.8,126,1950000,0,0,0,0,0,0,0,1,0,0,1,0,0
1721,Movie 1721 (2024),Children,75000000,104,2014,0,7.4,79,3590000,1,0,0,0,1,0,0,0,0,0,0,0,0
1722,Movie 1722 (2024),Drama|Documentary,40000000,83,2003,0,8.0,494,3480000,1,0,0,0,0,0,0,1,1,0,0,0,0
1723,Movie 1723 (2024),Comedy|Documentary,115000000,128,2022,0,5.8,405,3880000,1,0,0,0,0,1,0,1,0,0,0,0,0
1724,Movie 1724 (2024),Animation|Documentary,3000000,91,1991,0,2.3,249,4830000,0,0,0,1,0,0,0,1,0,0,0,0,0
1725,Movie 1725 (2024),Drama|Adventure,33000000,93,2016,0,2.9,295,4790000,0,0,1,0,0,0,0,0,1,0,0,0,0
1726,Movie 1726 (2024),Documentary|Sci-Fi|Crime,182000000,173,1991,0,4.5,207,4810000,1,0,0,0,0,0,1,1,0,0,0,1,0
1727,Movie 1727 (2024),Children|Action|Comedy,41000000,173,2011,1,6.6,86,1120000,0,1,0,0,1,1,0,0,0,0,0,0,0
1728,Movie 1728 (2024),Children|Action,13000000,170,2019,1,7.0,330,2000000,1,1,0,0,1,0,0,0,0,0,0,0,0
1729,Movie 1729 (2024),Adventure|Comedy,77000000,113,2007,1,4.2,496,1170000,1,0,1,0,0,1,0,0,0,0,0,0,0
1730,Movie 1730 (2024),Sci-Fi|Crime,145000000,145,2021,1,3.2,200,3070000,1,0,0,0,0,0,1,0,0,0,0,1,0
1731,Movie 1731 (2024),Drama|Thriller,48000000,115,2004,0,7.6,362,3040000,0,0,0,0,0,0,0,0,1,0,0,0,1
1732,Movie 1732 (2024),Animation,154000000,118,2018,0,2.4,478,3080000,0,0,0,1,0,0,0,0,0,0,0,0,0
1733,Movie 1733 (2024),Documentary|Horror,34000000,138,2002,0,3.2,223,2310000,1,0,0,0,0,0,0,1,0,0,1,0,0
1734,Movie 1734 (2024),Documentary,144000000,109,2012,1,4.2,109,4530000,1,0,0,0,0,0,0,1,0,0,0,0,0
1735,Movie 1735 (2024),Comedy|Sci-Fi,188000000,87,2010,0,2.6,251,4220000,0,0,0,0,0,1,0,0,0,0,0,1,0
1736,Movie 1736 (2024),Adventure|Action,173000000,125,2012,1,7.4,400,2040000,1,1,1,0,0,0,0,0,0,0,0,0,0
1737,Movie 1737 (2024),Fantasy|Adventure,164000000,140,2019,0,5.7,103,3300000,1,0,1,0,0,0,0,0,0,1,0,0,0
1738,Movie 1738 (2024),Animation,33000000,114,2017,0,8.4,420,4870000,0,0,0,1,0,0,0,0,0,0,0,0,0
1739,Movie 1739 (2024),Documentary|Fantasy|Adventure,77000000,96,1992,0,8.4,209,1970000,1,0,1,0,0,0,0,1,0,1,0,0,0
1740,Movie 1740 (2024),Children|Animation,179000000,170,2008,0,4.1,106,2350000,1,0,0,1,1,0,0,0,0,0,0,0,0
1741,Movie 1741 (2024),Adventure|Documentary,130000000,162,2001,0,4.7,226,3270000,1,0,1,0,0,0,0,1,0,0,0,0,0
1742,Movie 1742 (2024),Animation|Thriller,184000000,96,2001,0,8.7,36,650000,1,0,0,1,0,0,0,0,0,0,0,0,1
1743,Movie 1743 (2024),Thriller,66000000,158,2009,0,3.2,239,2590000,0,0,0,0,0,0,0,0,0,0,0,0,1
1744,Movie 1744 (2024),Children|Adventure|Drama,25000000,161,1992,0,6.5,32,4900000,1,0,1,0,1,0,0,0,1,0,0,0,0
1745,Movie 1745 (2024),Action|Horror,161000000,165,2012,1,3.7,89,4910000,1,1,0,0,0,0,0,0,0,0,1,0,0
1746,Movie 1746 (2024),Sci-Fi|Drama|Comedy,117000000,121,1995,0,5.7,340,650000,1,0,0,0,0,1,0,0,1,0,0,1,0
1747,Movie 1747 (2024),Children,115000000,99,2007,0,4.9,450,1120000,0,0,0,0,1,0,0,0,0,0,0,0,0
1748,Movie 1748 (2024),Adventure,46000000,106,2010,0,8.9,154,4550000,1,0,1,0,0,0,0,0,0,0,0,0,0
1749,Movie 1749 (2024),Horror|Children,29000000,97,2005,1,7.0,62,3340000,0,0,0,0,1,0,0,0,0,0,1,0,0
1750,Movie 1750 (2024),Crime,81000000,136,2018,0,9.4,5,990000,0,0,0,0,0,0,1,0,0,0,0,0,0
1751,Movie 1751 (2024),Drama|Fantasy,127000000,127,2008,1,7.6,449,4090000,1,0,0,0,0,0,0,0,1,1,0,0,0
1752,Movie 1752 (2024),Documentary|Drama|Adventure,52000000,126,1991,1,7.3,72,3000000,1,0,1,0,0,0,0,1,1,0,0,0,0
1753,Movie 1753 (2024),Adventure,113000000,174,2013,0,5.1,27,3080000,1,0,1,0,0,0,0,0,0,0,0,0,0
1754,Movie 1754 (2024),Adventure,48000000,102,2003,1,2.4,487,3240000,0,0,1,0,0,0,0,0,0,0,0,0,0
1755,Movie 1755 (2024),Horror,69000000,173,2005,0,6.0,56,2660000,1,0,0,0,0,0,0,0,0,0,1,0,0
1756,Movie 1756 (2024),Action|Drama,147000000,111,2015,1,5.8,246,800000,0,1,0,0,0,0,0,0,1,0,0,0,0
1757,Movie 1757 (2024),Thriller|Crime,74000000,112,2009,0,6.8,126,1310000,1,0,0,0,0,0,1,0,0,0,0,0,1
1758,Movie 1758 (2024),Children|Documentary|Animation,125000000,153,2022,0,7.7,396,2330000,0,0,0,1,1,0,0,1,0,0,0,0,0
1759,Movie 1759 (2024),Animation|Horror,29000000,164,2011,0,2.3,413,610000,0,0,0,1,0,0,0,0,0,0,1,0,0
1760,Movie 1760 (2024),Thriller|Animation|Children,2000000,147,2007,1,7.7,412,1600000,0,0,0,1,1,0,0,0,0,0,0,0,1
1761,Movie 1761 (2024),Children,66000000,118,2021,0,2.3,240,3810000,1,0,0,0,1,0,0,0,0,0,0,0,0
1762,Movie 1762 (2024),Sci-Fi|Documentary,26000000,168,1999,0,9.4,273,2750000,1,0,0,0,0,0,0,1,0,0,0,1,0
1763,Movie 1763 (2024),Sci-Fi|Adventure,179000000,84,2000,0,6.2,189,2130000,1,0,1,0,0,0,0,0,0,0,0,1,0
1764,Movie 1764 (2024),Animation,187000000,95,2019,0,6.5,244,600000,1,0,0,1,0,0,0,0,0,0,0,0,0
1765,Movie 1765 (2024),Drama,13000000,126,2024,1,8.8,191,4030000,0,0,0,0,0,0,0,0,1,0,0,0,0
1766,Movie 1766 (2024),Crime|Horror,158000000,177,2024,0,4.5,110,3030000,0,0,0,0,0,0,1,0,0,0,1,0,0
1767,Movie 1767 (2024),Children,185000000,141,2014,0,4.2,330,900000,0,0,0,0,1,0,0,0,0,0,0,0,0
1768,Movie 1768 (2024),Children,150000000,114,2019,0,8.4,405,1750000,0,0,0,0,1,0,0,0,0,0,0,0,0
1769,Movie 1769 (2024),Sci-Fi,198000000,124,2008,0,6.1,157,4160000,1,0,0,0,0,0,0,0,0,0,0,1,0
1770,Movie 1770 (2024),Fantasy|Sci-Fi,123000000,146,1994,0,5.5,124,3600000,1,0,0,0,0,0,0,0,0,1,0,1,0
1771,Movie 1771 (2024),Crime,199000000,176,2002,0,5.9,318,4780000,1,0,0,0,0,0,1,0,0,0,0,0,0
1772,Movie 1772 (2024),Horror,93000000,156,1992,0,7.4,100,4230000,1,0,0,0,0,0,0,0,0,0,1,0,0
1773,Movie 1773 (2024),Action,89000000,173,2003,0,4.6,25,1740000,0,1,0,0,0,0,0,0,0,0,0,0,0
1774,Movie 1774 (2024),Fantasy,195000000,96,2022,0,3.5,441,1750000,0,0,0,0,0,0,0,0,0,1,0,0,0
1775,Movie 1775 (2024),Children,134000000,173,2002,0,9.6,64,4050000,1,0,0,0,1,0,0,0,0,0,0,0,0
1776,Movie 1776 (2024),Adventure|Children,144000000,129,2002,0,8.0,127,1800000,1,0,1,0,1,0,0,0,0,0,0,0,0
1777,Movie 1777 (2024),Crime,167000000,149,1993,0,6.9,406,3580000,0,0,0,0,0,0,1,0,0,0,0,0,0
1778,Movie 1778 (2024),Sci-Fi|Action,121000000,94,1996,0,3.2,150,2670000,1,1,0,0,0,0,0,0,0,0,0,1,0
1779,Movie 1779 (2024),Crime|Comedy,175000000,136,2024,0,4.4,66,4390000,1,0,0,0,0,1,1,0,0,0,0,0,0
1780,Movie 1780 (2024),Adventure|Action|Horror,159000000,160,2019,0,9.3,298,1640000,1,1,1,0,0,0,0,0,0,0,1,0,0
1781,Movie 1781 (2024),Crime,187000000,101,2016,0,5.1,141,1440000,0,0,0,0,0,0,1,0,0,0,0,0,0
1782,Movie 1782 (2024),Comedy,78000000,170,1990,0,4.6,460,3720000,0,0,0,0,0,1,0,0,0,0,0,0,0
1783,Movie 1783 (2024),Comedy,24000000,107,2017,0,9.1,499,1970000,0,0,0,0,0,1,0,0,0,0,0,0,0
1784,Movie 1784 (2024),Horror,26000000,139,2007,0,8.3,162,3250000,0,0,0,0,0,0,0,0,0,0,1,0,0
1785,Movie 1785 (2024),Crime|Adventure|Comedy,169000000,143,2023,0,8.5,280,1160000,0,0,1,0,0,1,1,0,0,0,0,0,0
1786,Movie 1786 (2024),Adventure,99000000,80,2012,0,5.2,9,1260000,0,0,1,0,0,0,0,0,0,0,0,0,0
1787,Movie 1787 (2024),Horror|Sci-Fi,126000000,107,2019,1,7.2,298,2950000,1,0,0,0,0,0,0,0,0,0,1,1,0
1788,Movie 1788 (2024),Adventure,62000000,105,1999,1,3.6,220,2100000,1,0,1,0,0,0,0,0,0,0,0,0,0
1789,Movie 1789 (2024),Animation|Crime,156000000,111,2003,0,6.0,303,3880000,0,0,0,1,0,0,1,0,0,0,0,0,0
1790,Movie 1790 (2024),Children,165000000,109,2023,1,4.2,388,2090000,0,0,0,0,1,0,0,0,0,0,0,0,0
1791,Movie 1791 (2024),Fantasy,66000000,136,2008,0,2.3,51,3730000,0,0,0,0,0,0,0,0,0,1,0,0,0
1792,Movie 1792 (2024),Drama,174000000,168,2005,0,4.7,52,4980000,0,0,0,0,0,0,0,0,1,0,0,0,0
1793,Movie 1793 (2024),Crime|Children,37000000,157,2021,1,6.3,157,880000,1,0,0,0,1,0,1,0,0,0,0,0,0
1794,Movie 1794 (2024),Comedy|Children,48000000,101,2023,1,8.9,418,1350000,1,0,0,0,1,1,0,0,0,0,0,0,0
1795,Movie 1795 (2024),Action|Animation|Adventure,33000000,157,1997,0,3.4,13,3650000,1,1,1,1,0,0,0,0,0,0,0,0,0
1796,Movie 1796 (2024),Documentary|Horror,55000000,146,2023,1,3.5,418,2760000,1,0,0,0,0,0,0,1,0,0,1,0,0
1797,Movie 1797 (2024),Crime|Animation,146000000,157,2021,0,9.0,169,2450000,0,0,0,1,0,0,1,0,0,0,0,0,0
1798,Movie 1798 (2024),Crime,74000000,136,1996,0,2.7,296,3720000,0,0,0,0,0,0,1,0,0,0,0,0,0
1799,Movie 1799 (2024),Children|Adventure,143000000,88,2009,0,8.8,179,1080000,1,0,1,0,1,0,0,0,0,0,0,0,0
1800,Movie 1800 (2024),Documentary,192000000,87,2015,0,6.5,21,4840000,0,0,0,0,0,0,0,1,0,0,0,0,0
1801,Movie 1801 (2024),Fantasy,102000000,135,2019,0,8.2,149,1450000,0,0,0,0,0,0,0,0,0,1,0,0,0
1802,Movie 1802 (2024),Action|Children,168000000,136,1997,1,2.7,75,2380000,1,1,0,0,1,0,0,0,0,0,0,0,0
1803,Movie 1803 (2024),Horror,97000000,161,2016,0,6.3,170,1110000,1,0,0,0,0,0,0,0,0,0,1,0,0
1804,Movie 1804 (2024),Comedy|Horror,135000000,150,2016,1,2.2,357,2420000,0,0,0,0,0,1,0,0,0,0,1,0,0
1805,Movie 1805 (2024),Adventure,199000000,120,2021,1,3.5,441,4050000,0,0,1,0,0,0,0,0,0,0,0,0,0
1806,Movie 1806 (2024),Adventure|Animation,138000000,94,2005,0,3.8,275,4920000,1,0,1,1,0,0,0,0,0,0,0,0,0
1807,Movie 1807 (2024),Action|Fantasy|Sci-Fi,163000000,128,2012,1,8.3,91,1410000,0,1,0,0,0,0,0,0,0,1,0,1,0
1808,Movie 1808 (2024),Adventure|Sci-Fi,143000000,99,2010,0,5.6,206,1990000,1,0,1,0,0,0,0,0,0,0,0,1,0
1809,Movie 1809 (2024),Sci-Fi|Animation|Documentary,132000000,154,1993,0,5.5,434,2730000,0,0,0,1,0,0,0,1,0,0,0,1,0
1810,Movie 1810 (2024),Crime|Adventure|Documentary,157000000,164,1990,0,3.1,103,3440000,1,0,1,0,0,0,1,1,0,0,0,0,0
1811,Movie 1811 (2024),Comedy,70000000,136,2016,1,9.0,356,640000,1,0,0,0,0,1,0,0,0,0,0,0,0
1812,Movie 1812 (2024),Thriller,174000000,125,2004,1,8.6,28,3870000,0,0,0,0,0,0,0,0,0,0,0,0,1
1813,Movie 1813 (2024),Action|Documentary|Crime,89000000,137,2020,0,3.0,109,1510000,0,1,0,0,0,0,1,1,0,0,0,0,0
1814,Movie 1814 (2024),Thriller|Adventure|Crime,92000000,138,2009,1,3.1,93,2900000,0,0,1,0,0,0,1,0,0,0,0,0,1
1815,Movie 1815 (2024),Fantasy,116000000,165,1990,0,6.0,160,2480000,0,0,0,0,0,0,0,0,0,1,0,0,0
1816,Movie 1816 (2024),Documentary|Horror|Drama,188000000,165,2022,0,3.6,430,2740000,1,0,0,0,0,0,0,1,1,0,1,0,0
1817,Movie 1817 (2024),Drama|Animation,147000000,174,2007,0,5.2,140,1700000,0,0,0,1,0,0,0,0,1,0,0,0,0
1818,Movie 1818 (2024),Action|Fantasy|Comedy,24000000,145,2000,1,6.4,138,2560000,0,1,0,0,0,1,0,0,0,1,0,0,0
1819,Movie 1819 (2024),Adventure|Drama,53000000,80,2011,0,2.4,243,2860000,1,0,1,0,0,0,0,0,1,0,0,0,0
1820,Movie 1820 (2024),Fantasy,187000000,97,2021,0,4.3,194,1830000,0,0,0,0,0,0,0,0,0,1,0,0,0
1821,Movie 1821 (2024),Adventure,39000000,108,1998,0,3.0,219,2100000,1,0,1,0,0,0,0,0,0,0,0,0,0
1822,Movie 1822 (2024),Adventure|Comedy,73000000,144,2012,0,8.2,112,1010000,0,0,1,0,0,1,0,0,0,0,0,0,0
1823,Movie 1823 (2024),Animation|Children,186000000,116,2020,1,3.5,89,4570000,0,0,0,1,1,0,0,0,0,0,0,0,0
1824,Movie 1824 (2024),Animation|Drama|Crime,128000000,89,2008,1,7.7,388,1900000,0,0,0,1,0,0,1,0,1,0,0,0,0
1825,Movie 1825 (2024),Crime|Children|Thriller,6000000,119,1996,0,7.2,234,1800000,0,0,0,0,1,0,1,0,0,0,0,0,1
1826,Movie 1826 (2024),Action|Fantasy|Sci-Fi,14000000,96,1993,1,3.8,194,3170000,1,1,0,0,0,0,0,0,0,1,0,1,0
1827,Movie 1827 (2024),Animation,18000000,122,2007,0,3.9,499,1310000,0,0,0,1,0,0,0,0,0,0,0,0,0
1828,Movie 1828 (2024),Animation|Documentary|Action,104000000,178,2005,1,9.5,100,2400000,0,1,0,1,0,0,0,1,0,0,0,0,0
1829,Movie 1829 (2024),Sci-Fi,9000000,158,2018,0,2.5,423,1260000,0,0,0,0,0,0,0,0,0,0,0,1,0
1830,Movie 1830 (2024),Documentary|Sci-Fi|Animation,4000000,97,2000,0,7.3,403,1180000,0,0,0,1,0,0,0,1,0,0,0,1,0
1831,Movie 1831 (2024),Animation|Crime|Thriller,149000000,155,2012,0,5.3,435,2970000,0,0,0,1,0,0,1,0,0,0,0,0,1
1832,Movie 1832 (2024),Action,12000000,116,2023,0,5.4,133,720000,1,1,0,0,0,0,0,0,0,0,0,0,0
1833,Movie 1833 (2024),Children|Animation|Fantasy,129000000,140,2023,0,9.4,496,820000,0,0,0,1,1,0,0,0,0,1,0,0,0
1834,Movie 1834 (2024),Children|Comedy|Action,5000000,136,2000,0,5.1,348,3140000,0,1,0,0,1,1,0,0,0,0,0,0,0
1835,Movie 1835 (2024),Crime|Action,168000000,133,2011,1,4.6,137,3950000,1,1,0,0,0,0,1,0,0,0,0,0,0
1836,Movie 1836 (2024),Adventure|Drama|Action,104000000,163,1999,0,4.0,145,4620000,1,1,1,0,0,0,0,0,1,0,0,0,0
1837,Movie 1837 (2024),Drama|Thriller|Children,45000000,152,2005,0,7.9,107,1110000,1,0,0,0,1,0,0,0,1,0,0,0,1
1838,Movie 1838 (2024),Drama,76000000,133,2015,0,9.9,442,3570000,1,0,0,0,0,0,0,0,1,0,0,0,0
1839,Movie 1839 (2024),Crime|Adventure,29000000,168,2019,0,3.3,456,4960000,0,0,1,0,0,0,1,0,0,0,0,0,0
1840,Movie 1840 (2024),Thriller|Fantasy|Children,156000000,148,2021,0,4.3,411,2800000,1,0,0,0,1,0,0,0,0,1,0,0,1
1841,Movie 1841 (2024),Adventure,113000000,109,2018,1,9.8,152,2770000,1,0,1,0,0,0,0,0,0,0,0,0,0
1842,Movie 1842 (2024),Horror|Sci-Fi|Comedy,89000000,87,2020,0,8.7,95,900000,0,0,0,0,0,1,0,0,0,0,1,1,0
1843,Movie 1843 (2024),Comedy,143000000,137,2011,0,8.1,472,3160000,0,0,0,0,0,1,0,0,0,0,0,0,0
1844,Movie 1844 (2024),Thriller|Documentary|Horror,192000000,104,2023,1,8.4,199,3860000,1,0,0,0,0,0,0,1,0,0,1,0,1
1845,Movie 1845 (2024),Drama,158000000,94,1995,0,2.4,367,3280000,1,0,0,0,0,0,0,0,1,0,0,0,0
1846,Movie 1846 (2024),Animation|Sci-Fi,126000000,172,2005,0,6.8,148,1880000,1,0,0,1,0,0,0,0,0,0,0,1,0
1847,Movie 1847 (2024),Action|Horror,88000000,131,1992,1,9.8,292,1240000,0,1,0,0,0,0,0,0,0,0,1,0,0
1848,Movie 1848 (2024),Sci-Fi|Crime|Children,152000000,99,2023,0,4.4,78,2670000,0,0,0,0,1,0,1,0,0,0,0,1,0
1849,Movie 1849 (2024),Action,35000000,142,2024,1,4.7,231,2680000,0,1,0,0,0,0,0,0,0,0,0,0,0
1850,Movie 1850 (2024),Action|Fantasy,158000000,157,2013,1,7.3,195,3800000,1,1,0,0,0,0,0,0,0,1,0,0,0
1851,Movie 1851 (2024),Comedy|Children,50000000,160,2024,0,7.9,120,3140000,0,0,0,0,1,1,0,0,0,0,0,0,0
1852,Movie 1852 (2024),Sci-Fi|Documentary,56000000,171,2017,0,2.1,480,1750000,1,0,0,0,0,0,0,1,0,0,0,1,0
1853,Movie 1853 (2024),Horror,36000000,104,1999,0,3.4,205,1040000,0,0,0,0,0,0,0,0,0,0,1,0,0
1854,Movie 1854 (2024),Adventure,55000000,85,2016,0,3.7,237,2360000,1,0,1,0,0,0,0,0,0,0,0,0,0
1855,Movie 1855 (2024),Adventure,21000000,102,2003,0,5.2,28,2690000,1,0,1,0,0,0,0,0,0,0,0,0,0
1856,Movie 1856 (2024),Action,64000000,159,2009,1,6.3,288,4940000,1,1,0,0,0,0,0,0,0,0,0,0,0
1857,Movie 1857 (2024),Action|Drama|Comedy,115000000,102,2007,0,4.2,132,770000,0,1,0,0,0,1,0,0,1,0,0,0,0
1858,Movie 1858 (2024),Children,109000000,119,1993,0,2.1,365,3420000,1,0,0,0,1,0,0,0,0,0,0,0,0
1859,Movie 1859 (2024),Sci-Fi|Children|Crime,7000000,163,1999,0,9.4,259,3430000,0,0,0,0,1,0,1,0,0,0,0,1,0
1860,Movie 1860 (2024),Children,39000000,109,2019,1,9.6,161,3350000,0,0,0,0,1,0,0,0,0,0,0,0,0
1861,Movie 1861 (2024),Crime|Action,4000000,94,2013,0,3.8,175,2440000,1,1,0,0,0,0,1,0,0,0,0,0,0
1862,Movie 1862 (2024),Comedy|Drama,17000000,135,2007,0,2.0,304,4960000,0,0,0,0,0,1,0,0,1,0,0,0,0
1863,Movie 1863 (2024),Action|Comedy,111000000,131,2016,0,7.3,358,2470000,1,1,0,0,0,1,0,0,0,0,0,0,0
1864,Movie 1864 (2024),Horror|Comedy,6000000,141,2021,1,8.1,498,2800000,1,0,0,0,0,1,0,0,0,0,1,0,0
1865,Movie 1865 (2024),Action|Sci-Fi|Drama,167000000,110,2011,0,2.0,126,3160000,1,1,0,0,0,0,0,0,1,0,0,1,0
1866,Movie 1866 (2024),Horror|Crime|Thriller,187000000,82,2004,0,6.0,364,4090000,0,0,0,0,0,0,1,0,0,0,1,0,1
1867,Movie 1867 (2024),Crime|Action,169000000,130,2009,0,8.4,366,1980000,1,1,0,0,0,0,1,0,0,0,0,0,0
1868,Movie 1868 (2024),Documentary|Action|Animation,137000000,84,2017,0,2.1,497,2200000,0,1,0,1,0,0,0,1,0,0,0,0,0
1869,Movie 1869 (2024),Sci-Fi|Fantasy,65000000,167,2001,0,2.1,295,860000,1,0,0,0,0,0,0,0,0,1,0,1,0
1870,Movie 1870 (2024),Horror,138000000,141,2017,0,4.2,243,4290000,0,0,0,0,0,0,0,0,0,0,1,0,0
1871,Movie 1871 (2024),Thriller|Adventure|Crime,7000000,156,2008,0,4.3,103,2580000,0,0,1,0,0,0,1,0,0,0,0,0,1
1872,Movie 1872 (2024),Crime|Thriller|Action,99000000,109,1999,0,9.1,4,2140000,1,1,0,0,0,0,1,0,0,0,0,0,1
1873,Movie 1873 (2024),Crime,64000000,174,2022,0,4.1,14,4560000,1,0,0,0,0,0,1,0,0,0,0,0,0
1874,Movie 1874 (2024),Fantasy|Sci-Fi,185000000,153,2003,1,2.6,492,930000,1,0,0,0,0,0,0,0,0,1,0,1,0
1875,Movie 1875 (2024),Comedy|Animation|Sci-Fi,25000000,161,2020,1,4.1,386,3940000,0,0,0,1,0,1,0,0,0,0,0,1,0
1876,Movie 1876 (2024),Sci-Fi|Animation|Crime,116000000,130,2011,0,3.4,227,4490000,0,0,0,1,0,0,1,0,0,0,0,1,0
1877,Movie 1877 (2024),Horror,31000000,80,2011,0,3.4,128,2730000,1,0,0,0,0,0,0,0,0,0,1,0,0
1878,Movie 1878 (2024),Sci-Fi|Documentary,147000000,112,2022,1,4.8,398,2900000,0,0,0,0,0,0,0,1,0,0,0,1,0
1879,Movie 1879 (2024),Children|Animation,26000000,156,2011,0,3.3,82,1300000,1,0,0,1,1,0,0,0,0,0,0,0,0
1880,Movie 1880 (2024),Sci-Fi|Comedy,198000000,153,1991,0,5.5,166,1380000,1,0,0,0,0,1,0,0,0,0,0,1,0
1881,Movie 1881 (2024),Action|Drama|Animation,152000000,152,2007,0,7.2,20,1070000,1,1,0,1,0,0,0,0,1,0,0,0,0
1882,Movie 1882 (2024),Comedy|Thriller|Sci-Fi,163000000,81,2005,1,3.0,79,2850000,0,0,0,0,0,1,0,0,0,0,0,1,1
1883,Movie 1883 (2024),Crime|Adventure,23000000,125,1999,0,7.3,305,1410000,0,0,1,0,0,0,1,0,0,0,0,0,0
1884,Movie 1884 (2024),Sci-Fi|Animation,112000000,155,1996,0,6.1,342,3510000,0,0,0,1,0,0,0,0,0,0,0,1,0
1885,Movie 1885 (2024),Drama,16000000,118,1996,0,9.3,3,840000,1,0,0,0,0,0,0,0,1,0,0,0,0
1886,Movie 1886 (2024),Comedy,156000000,149,1996,1,4.5,325,4820000,1,0,0,0,0,1,0,0,0,0,0,0,0
1887,Movie 1887 (2024),Thriller|Crime|Sci-Fi,142000000,83,1998,0,7.6,298,2730000,1,0,0,0,0,0,1,0,0,0,0,1,1
1888,Movie 1888 (2024),Drama|Children,82000000,167,2016,0,4.4,265,4070000,1,0,0,0,1,0,0,0,1,0,0,0,0
1889,Movie 1889 (2024),Adventure,82000000,102,2005,0,7.0,397,820000,0,0,1,0,0,0,0,0,0,0,0,0,0
1890,Movie 1890 (2024),Comedy|Thriller,100000000,101,2015,0,5.0,347,2070000,1,0,0,0,0,1,0,0,0,0,0,0,1
1891,Movie 1891 (2024),Sci-Fi|Horror|Crime,151000000,103,1996,0,7.1,61,2310000,0,0,0,0,0,0,1,0,0,0,1,1,0
1892,Movie 1892 (2024),Children|Sci-Fi,38000000,94,1997,1,4.5,495,2210000,1,0,0,0,1,0,0,0,0,0,0,1,0
1893,Movie 1893 (2024),Horror|Thriller|Documentary,56000000,141,2018,1,7.2,176,4720000,1,0,0,0,0,0,0,1,0,0,1,0,1
1894,Movie 1894 (2024),Children,127000000,139,2004,1,4.2,369,2840000,0,0,0,0,1,0,0,0,0,0,0,0,0
1895,Movie 1895 (2024),Adventure,102000000,170,2013,0,5.2,466,2980000,0,0,1,0,0,0,0,0,0,0,0,0,0
1896,Movie 1896 (2024),Animation,166000000,134,2006,0,4.8,386,4580000,1,0,0,1,0,0,0,0,0,0,0,0,0
1897,Movie 1897 (2024),Documentary|Adventure,84000000,161,2022,0,3.4,334,590000,1,0,1,0,0,0,0,1,0,0,0,0,0
1898,Movie 1898 (2024),Sci-Fi,141000000,178,2008,0,7.4,301,1660000,0,0,0,0,0,0,0,0,0,0,0,1,0
1899,Movie 1899 (2024),Thriller|Action|Horror,131000000,178,1997,0,5.3,54,4770000,1,1,0,0,0,0,0,0,0,0,1,0,1
1900,Movie 1900 (2024),Thriller|Animation|Horror,68000000,122,1998,1,2.6,53,4160000,1,0,0,1,0,0,0,0,0,0,1,0,1
1901,Movie 1901 (2024),Animation|Documentary,129000000,95,2015,0,6.5,362,810000,1,0,0,1,0,0,0,1,0,0,0,0,0
1902,Movie 1902 (2024),Action|Fantasy|Animation,11000000,133,2007,0,5.1,157,4550000,1,1,0,1,0,0,0,0,0,1,0,0,0
1903,Movie 1903 (2024),Comedy|Documentary|Animation,175000000,176,2017,0,2.2,108,4630000,0,0,0,1,0,1,0,1,0,0,0,0,0
1904,Movie 1904 (2024),Crime|Children,31000000,109,2001,0,7.6,250,1990000,0,0,0,0,1,0,1,0,0,0,0,0,0
1905,Movie 1905 (2024),Comedy|Adventure,43000000,96,2007,0,8.8,56,3840000,0,0,1,0,0,1,0,0,0,0,0,0,0
1906,Movie 1906 (2024),Fantasy,110000000,127,1996,0,6.8,398,1270000,0,0,0,0,0,0,0,0,0,1,0,0,0
1907,Movie 1907 (2024),Documentary|Thriller|Crime,77000000,179,1994,0,9.3,325,4030000,0,0,0,0,0,0,1,1,0,0,0,0,1
1908,Movie 1908 (2024),Action,121000000,108,2007,0,9.5,187,3330000,0,1,0,0,0,0,0,0,0,0,0,0,0
1909,Movie 1909 (2024),Children|Documentary,18000000,133,1992,0,4.4,482,970000,0,0,0,0,1,0,0,1,0,0,0,0,0
1910,Movie 1910 (2024),Crime|Action,150000000,138,2016,1,8.0,2,1450000,1,1,0,0,0,0,1,0,0,0,0,0,0
1911,Movie 1911 (2024),Sci-Fi|Action,22000000,152,2005,0,7.3,484,3000000,0,1,0,0,0,0,0,0,0,0,0,1,0
1912,Movie 1912 (2024),Adventure|Crime,111000000,143,1990,0,3.9,302,3370000,0,0,1,0,0,0,1,0,0,0,0,0,0
1913,Movie 1913 (2024),Fantasy|Documentary,31000000,109,2003,1,2.5,177,4690000,1,0,0,0,0,0,0,1,0,1,0,0,0
1914,Movie 1914 (2024),Crime|Horror,161000000,89,2015,0,3.6,377,600000,1,0,0,0,0,0,1,0,0,0,1,0,0
1915,Movie 1915 (2024),Documentary|Sci-Fi|Children,156000000,134,1994,0,2.0,338,2450000,1,0,0,0,1,0,0,1,0,0,0,1,0
1916,Movie 1916 (2024),Animation,138000000,172,2015,0,5.2,6,1720000,0,0,0,1,0,0,0,0,0,0,0,0,0
1917,Movie 1917 (2024),Sci-Fi,7000000,140,2014,1,7.1,98,2030000,1,0,0,0,0,0,0,0,0,0,0,1,0
1918,Movie 1918 (2024),Thriller|Action|Crime,2000000,148,2019,0,9.0,441,4260000,1,1,0,0,0,0,1,0,0,0,0,0,1
1919,Movie 1919 (2024),Thriller|Fantasy|Action,76000000,136,2016,0,6.0,58,3790000,1,1,0,0,0,0,0,0,0,1,0,0,1
1920,Movie 1920 (2024),Fantasy|Animation|Thriller,14000000,107,2019,0,9.7,202,2330000,1,0,0,1,0,0,0,0,0,1,0,0,1
1921,Movie 1921 (2024),Animation|Crime|Sci-Fi,54000000,141,1998,0,9.6,66,1490000,1,0,0,1,0,0,1,0,0,0,0,1,0
1922,Movie 1922 (2024),Action|Comedy,21000000,144,1994,1,9.0,242,3550000,0,1,0,0,0,1,0,0,0,0,0,0,0
1923,Movie 1923 (2024),Action|Animation|Thriller,172000000,99,2014,0,6.5,28,3500000,0,1,0,1,0,0,0,0,0,0,0,0,1
1924,Movie 1924 (2024),Crime|Sci-Fi,37000000,159,1996,0,5.2,97,640000,0,0,0,0,0,0,1,0,0,0,0,1,0
1925,Movie 1925 (2024),Fantasy,27000000,152,1998,0,9.5,425,4470000,0,0,0,0,0,0,0,0,0,1,0,0,0
1926,Movie 1926 (2024),Drama|Sci-Fi|Fantasy,137000000,173,2007,0,4.1,129,1050000,1,0,0,0,0,0,0,0,1,1,0,1,0
1927,Movie 1927 (2024),Horror|Documentary|Animation,136000000,142,1993,0,2.9,106,4050000,0,0,0,1,0,0,0,1,0,0,1,0,0
1928,Movie 1928 (2024),Fantasy|Drama|Children,51000000,85,2007,1,7.6,348,2330000,1,0,0,0,1,0,0,0,1,1,0,0,0
1929,Movie 1929 (2024),Crime,155000000,122,2022,0,2.6,140,2600000,0,0,0,0,0,0,1,0,0,0,0,0,0
1930,Movie 1930 (2024),Animation|Children|Documentary,147000000,149,2013,0,6.2,358,1600000,0,0,0,1,1,0,0,1,0,0,0,0,0
1931,Movie 1931 (2024),Children|Drama|Comedy,28000000,95,2013,0,8.8,141,2970000,1,0,0,0,1,1,0,0,1,0,0,0,0
1932,Movie 1932 (2024),Documentary,169000000,100,2006,0,3.0,483,2880000,1,0,0,0,0,0,0,1,0,0,0,0,0
1933,Movie 1933 (2024),Crime,169000000,166,2011,1,9.9,155,3830000,1,0,0,0,0,0,1,0,0,0,0,0,0
1934,Movie 1934 (2024),Children|Documentary,196000000,81,1992,0,8.0,258,1260000,1,0,0,0,1,0,0,1,0,0,0,0,0
1935,Movie 1935 (2024),Fantasy|Documentary|Horror,80000000,132,2017,0,4.0,170,1930000,0,0,0,0,0,0,0,1,0,1,1,0,0
1936,Movie 1936 (2024),Comedy|Animation|Thriller,116000000,109,2002,0,9.7,415,3340000,1,0,0,1,0,1,0,0,0,0,0,0,1
1937,Movie 1937 (2024),Sci-Fi,84000000,146,2024,0,2.4,143,4180000,0,0,0,0,0,0,0,0,0,0,0,1,0
1938,Movie 1938 (2024),Horror,60000000,94,2022,1,2.1,7,3130000,0,0,0,0,0,0,0,0,0,0,1,0,0
1939,Movie 1939 (2024),Fantasy|Animation|Crime,46000000,155,1990,0,7.1,34,4770000,1,0,0,1,0,0,1,0,0,1,0,0,0
1940,Movie 1940 (2024),Adventure|Drama|Documentary,6000000,80,1992,0,9.3,322,4600000,1,0,1,0,0,0,0,1,1,0,0,0,0
1941,Movie 1941 (2024),Fantasy,60000000,132,2022,0,4.5,260,940000,0,0,0,0,0,0,0,0,0,1,0,0,0
1942,Movie 1942 (2024),Comedy|Children,110000000,173,2019,1,2.5,246,2440000,0,0,0,0,1,1,0,0,0,0,0,0,0
1943,Movie 1943 (2024),Animation|Thriller|Drama,166000000,160,1996,0,9.9,379,1710000,1,0,0,1,0,0,0,0,1,0,0,0,1
1944,Movie 1944 (2024),Action|Adventure,195000000,179,2024,0,2.9,49,4640000,1,1,1,0,0,0,0,0,0,0,0,0,0
1945,Movie 1945 (2024),Children|Adventure,89000000,150,2024,1,3.0,16,3690000,1,0,1,0,1,0,0,0,0,0,0,0,0
1946,Movie 1946 (2024),Crime|Comedy|Horror,130000000,156,2009,0,6.4,413,4830000,0,0,0,0,0,1,1,0,0,0,1,0,0
1947,Movie 1947 (2024),Documentary,135000000,133,2013,0,6.8,162,2170000,0,0,0,0,0,0,0,1,0,0,0,0,0
1948,Movie 1948 (2024),Horror|Adventure|Animation,192000000,139,2010,0,5.9,341,1060000,1,0,1,1,0,0,0,0,0,0,1,0,0
1949,Movie 1949 (2024),Comedy|Drama|Crime,45000000,107,1993,0,6.1,420,1650000,1,0,0,0,0,1,1,0,1,0,0,0,0
1950,Movie 1950 (2024),Comedy|Drama|Animation,42000000,174,1996,0,9.2,391,2590000,0,0,0,1,0,1,0,0,1,0,0,0,0
1951,Movie 1951 (2024),Adventure,129000000,160,2011,0,6.5,35,4780000,1,0,1,0,0,0,0,0,0,0,0,0,0
1952,Movie 1952 (2024),Children|Crime|Horror,33000000,84,2024,1,2.4,285,4100000,1,0,0,0,1,0,1,0,0,0,1,0,0
1953,Movie 1953 (2024),Children|Comedy|Sci-Fi,90000000,149,1996,1,9.7,83,1040000,0,0,0,0,1,1,0,0,0,0,0,1,0
1954,Movie 1954 (2024),Action,21000000,83,1998,0,5.6,274,1070000,1,1,0,0,0,0,0,0,0,0,0,0,0
1955,Movie 1955 (2024),Action,23000000,163,2013,0,4.5,186,1290000,1,1,0,0,0,0,0,0,0,0,0,0,0
1956,Movie 1956 (2024),Adventure|Documentary,59000000,105,2020,0,5.9,337,1810000,0,0,1,0,0,0,0,1,0,0,0,0,0
1957,Movie 1957 (2024),Adventure|Children,177000000,164,2012,0,4.9,52,600000,1,0,1,0,1,0,0,0,0,0,0,0,0
1958,Movie 1958 (2024),Animation|Crime,183000000,109,1997,0,9.9,113,2880000,0,0,0,1,0,0,1,0,0,0,0,0,0
1959,Movie 1959 (2024),Sci-Fi,35000000,87,1999,0,2.6,340,1720000,1,0,0,0,0,0,0,0,0,0,0,1,0
1960,Movie 1960 (2024),Crime|Adventure,137000000,152,1993,0,2.9,145,2590000,1,0,1,0,0,0,1,0,0,0,0,0,0
1961,Movie 1961 (2024),Children|Comedy,8000000,119,1995,1,4.2,306,2360000,0,0,0,0,1,1,0,0,0,0,0,0,0
1962,Movie 1962 (2024),Crime|Comedy|Children,78000000,85,2019,0,6.3,129,940000,1,0,0,0,1,1,1,0,0,0,0,0,0
1963,Movie 1963 (2024),Adventure|Crime|Action,76000000,93,1997,0,5.0,434,3270000,1,1,1,0,0,0,1,0,0,0,0,0,0
1964,Movie 1964 (2024),Fantasy|Children|Horror,149000000,115,2013,0,7.1,201,1580000,0,0,0,0,1,0,0,0,0,1,1,0,0
1965,Movie 1965 (2024),Children|Crime,179000000,133,1995,0,7.1,407,1860000,0,0,0,0,1,0,1,0,0,0,0,0,0
1966,Movie 1966 (2024),Children,128000000,106,2002,0,3.6,316,4450000,1,0,0,0,1,0,0,0,0,0,0,0,0
1967,Movie 1967 (2024),Children|Animation,84000000,90,2014,0,8.1,365,780000,1,0,0,1,1,0,0,0,0,0,0,0,0
1968,Movie 1968 (2024),Horror|Adventure,159000000,86,2016,0,6.0,189,3220000,1,0,1,0,0,0,0,0,0,0,1,0,0
1969,Movie 1969 (2024),Drama|Adventure|Sci-Fi,97000000,96,2011,0,4.7,327,1550000,0,0,1,0,0,0,0,0,1,0,0,1,0
1970,Movie 1970 (2024),Children|Crime|Action,190000000,99,2019,1,7.2,127,1960000,0,1,0,0,1,0,1,0,0,0,0,0,0
1971,Movie 1971 (2024),Action|Drama|Horror,52000000,93,2007,0,6.1,25,3590000,1,1,0,0,0,0,0,0,1,0,1,0,0
1972,Movie 1972 (2024),Crime|Documentary|Thriller,199000000,132,1996,0,3.8,180,3660000,1,0,0,0,0,0,1,1,0,0,0,0,1
1973,Movie 1973 (2024),Documentary,10000000,176,2012,0,7.3,313,1110000,0,0,0,0,0,0,0,1,0,0,0,0,0
1974,Movie 1974 (2024),Horror|Action,144000000,83,2022,0,4.9,307,4640000,1,1,0,0,0,0,0,0,0,0,1,0,0
1975,Movie 1975 (2024),Comedy|Horror,57000000,95,2015,0,7.3,51,1820000,0,0,0,0,0,1,0,0,0,0,1,0,0
1976,Movie 1976 (2024),Horror,22000000,152,1996,0,8.7,81,680000,0,0,0,0,0,0,0,0,0,0,1,0,0
1977,Movie 1977 (2024),Horror,172000000,169,2003,1,7.5,448,1710000,0,0,0,0,0,0,0,0,0,0,1,0,0
1978,Movie 1978 (2024),Children|Fantasy|Comedy,124000000,108,2016,0,6.6,394,4300000,1,0,0,0,1,1,0,0,0,1,0,0,0
1979,Movie 1979 (2024),Adventure,123000000,135,2005,0,7.8,95,2610000,0,0,1,0,0,0,0,0,0,0,0,0,0
1980,Movie 1980 (2024),Children,199000000,159,2019,0,7.1,283,1730000,0,0,0,0,1,0,0,0,0,0,0,0,0
1981,Movie 1981 (2024),Documentary|Comedy|Sci-Fi,16000000,84,2001,0,4.8,222,2260000,1,0,0,0,0,1,0,1,0,0,0,1,0
1982,Movie 1982 (2024),Horror|Adventure|Sci-Fi,41000000,179,1996,0,2.4,410,2320000,0,0,1,0,0,0,0,0,0,0,1,1,0
1983,Movie 1983 (2024),Action|Animation,57000000,108,2015,0,9.1,233,1130000,1,1,0,1,0,0,0,0,0,0,0,0,0
1984,Movie 1984 (2024),Animation|Fantasy,20000000,123,2005,0,4.2,114,4880000,0,0,0,1,0,0,0,0,0,1,0,0,0
1985,Movie 1985 (2024),Thriller|Drama,54000000,133,1993,1,7.0,352,4020000,0,0,0,0,0,0,0,0,1,0,0,0,1
1986,Movie 1986 (2024),Crime,11000000,159,1992,0,3.2,127,3680000,1,0,0,0,0,0,1,0,0,0,0,0,0
1987,Movie 1987 (2024),Adventure,190000000,89,1991,0,2.8,318,2070000,1,0,1,0,0,0,0,0,0,0,0,0,0
1988,Movie 1988 (2024),Thriller|Animation|Horror,94000000,138,1998,1,8.7,59,4430000,0,0,0,1,0,0,0,0,0,0,1,0,1
1989,Movie 1989 (2024),Thriller,72000000,119,1999,1,4.9,433,3600000,1,0,0,0,0,0,0,0,0,0,0,0,1
1990,Movie 1990 (2024),Thriller|Children|Action,77000000,145,2009,0,6.2,26,3490000,1,1,0,0,1,0,0,0,0,0,0,0,1
1991,Movie 1991 (2024),Drama,95000000,127,2009,0,10.0,294,4680000,1,0,0,0,0,0,0,0,1,0,0,0,0
1992,Movie 1992 (2024),Action,129000000,172,1996,0,3.2,240,1410000,1,1,0,0,0,0,0,0,0,0,0,0,0
1993,Movie 1993 (2024),Crime|Fantasy,191000000,166,2006,0,5.3,257,4460000,1,0,0,0,0,0,1,0,0,1,0,0,0
1994,Movie 1994 (2024),Thriller|Horror|Fantasy,55000000,171,1996,0,8.5,298,1200000,0,0,0,0,0,0,0,0,0,1,1,0,1
1995,Movie 1995 (2024),Comedy,169000000,131,2024,0,2.4,45,1980000,0,0,0,0,0,1,0,0,0,0,0,0,0
1996,Movie 1996 (2024),Sci-Fi|Crime|Action,31000000,154,2019,0,4.6,472,3580000,0,1,0,0,0,0,1,0,0,0,0,1,0
1997,Movie 1997 (2024),Horror,58000000,86,2003,0,9.0,440,810000,1,0,0,0,0,0,0,0,0,0,1,0,0
1998,Movie 1998 (2024),Children|Action,187000000,114,2003,0,3.8,369,1830000,0,1,0,0,1,0,0,0,0,0,0,0,0
1999,Movie 1999 (2024),Comedy|Documentary|Animation,147000000,123,2012,0,8.3,19,1310000,0,0,0,1,0,1,0,1,0,0,0,0,0
2000,Movie 2000 (2024),Adventure|Drama,21000000,158,2012,0,3.3,233,3510000,0,0,1,0,0,0,0,0,1,0,0,0,0
2001,Movie 2001 (2024),Animation,70000000,82,2011,1,7.2,198,1240000,0,0,0,1,0,0,0,0,0,0,0,0,0
2002,Movie 2002 (2024),Horror|Animation|Sci-Fi,100000000,95,1991,1,7.3,467,1040000,1,0,0,1,0,0,0,0,0,0,1,1,0
2003,Movie 2003 (2024),Drama,159000000,87,2005,0,6.5,480,4500000,1,0,0,0,0,0,0,0,1,0,0,0,0
2004,Movie 2004 (2024),Comedy|Documentary|Thriller,128000000,109,2017,0,8.2,29,2140000,0,0,0,0,0,1,0,1,0,0,0,0,1
2005,Movie 2005 (2024),Sci-Fi|Drama|Comedy,39000000,124,1990,0,8.8,390,2500000,0,0,0,0,0,1,0,0,1,0,0,1,0
2006,Movie 2006 (2024),Comedy,63000000,156,2008,0,5.5,432,4670000,0,0,0,0,0,1,0,0,0,0,0,0,0
2007,Movie 2007 (2024),Action|Drama,42000000,109,2008,0,6.6,173,2440000,0,1,0,0,0,0,0,0,1,0,0,0,0
2008,Movie 2008 (2024),Animation,60000000,160,1994,1,9.8,14,1200000,1,0,0,1,0,0,0,0,0,0,0,0,0
2009,Movie 2009 (2024),Thriller|Animation|Comedy,25000000,159,2019,0,8.2,341,3830000,1,0,0,1,0,1,0,0,0,0,0,0,1
2010,Movie 2010 (2024),Drama,105000000,118,2022,0,2.4,346,2480000,0,0,0,0,0,0,0,0,1,0,0,0,0
2011,Movie 2011 (2024),Comedy,29000000,120,2006,0,5.6,357,4420000,1,0,0,0,0,1,0,0,0,0,0,0,0
2012,Movie 2012 (2024),Fantasy|Horror|Drama,129000000,176,2011,0,8.4,6,1590000,1,0,0,0,0,0,0,0,1,1,1,0,0
2013,Movie 2013 (2024),Sci-Fi|Animation|Thriller,153000000,103,1998,0,2.8,427,3160000,0,0,0,1,0,0,0,0,0,0,0,1,1
2014,Movie 2014 (2024),Documentary|Thriller|Adventure,9000000,98,1999,0,5.4,395,2580000,0,0,1,0,0,0,0,1,0,0,0,0,1
2015,Movie 2015 (2024),Crime|Documentary,158000000,158,2005,0,5.6,363,890000,1,0,0,0,0,0,1,1,0,0,0,0,0
2016,Movie 2016 (2024),Animation|Drama|Horror,107000000,136,1999,0,6.1,389,3810000,1,0,0,1,0,0,0,0,1,0,1,0,0
2017,Movie 2017 (2024),Drama,102000000,179,2003,1,2.3,81,2970000,0,0,0,0,0,0,0,0,1,0,0,0,0
2018,Movie 2018 (2024),Crime|Horror,12000000,129,2022,1,7.0,361,4720000,0,0,0,0,0,0,1,0,0,0,1,0,0
2019,Movie 2019 (2024),Children|Fantasy,176000000,150,1993,1,7.0,463,3050000,0,0,0,0,1,0,0,0,0,1,0,0,0
2020,Movie 2020 (2024),Documentary,79000000,134,2017,0,5.9,247,4250000,0,0,0,0,0,0,0,1,0,0,0,0,0
2021,Movie 2021 (2024),Drama|Crime,20000000,137,2004,0,2.4,148,4420000,1,0,0,0,0,0,1,0,1,0,0,0,0
2022,Movie 2022 (2024),Thriller|Action,101000000,172,2024,0,7.2,290,2930000,0,1,0,0,0,0,0,0,0,0,0,0,1
2023,Movie 2023 (2024),Horror,59000000,104,2016,0,4.3,470,1050000,0,0,0,0,0,0,0,0,0,0,1,0,0
2024,Movie 2024 (2024),Comedy|Drama|Adventure,163000000,115,1993,0,2.3,131,1300000,0,0,1,0,0,1,0,0,1,0,0,0,0
2025,Movie 2025 (2024),Drama,93000000,126,2010,0,7.5,465,630000,1,0,0,0,0,0,0,0,1,0,0,0,0
2026,Movie 2026 (2024),Animation|Comedy|Fantasy,108000000,133,2004,0,9.6,12,870000,1,0,0,1,0,1,0,0,0,1,0,0,0
2027,Movie 2027 (2024),Action,107000000,88,1990,0,6.6,474,4830000,0,1,0,0,0,0,0,0,0,0,0,0,0
2028,Movie 2028 (2024),Fantasy|Crime|Animation,60000000,119,2020,0,5.4,422,1760000,1,0,0,1,0,0,1,0,0,1,0,0,0
2029,Movie 2029 (2024),Children,172000000,141,2024,0,7.0,385,4820000,0,0,0,0,1,0,0,0,0,0,0,0,0
2030,Movie 2030 (2024),Thriller,139000000,125,2005,0,6.4,366,4500000,0,0,0,0,0,0,0,0,0,0,0,0,1
2031,Movie 2031 (2024),Action|Sci-Fi|Thriller,60000000,94,1994,1,5.3,89,4020000,1,1,0,0,0,0,0,0,0,0,0,1,1
2032,Movie 2032 (2024),Comedy|Horror|Documentary,114000000,87,1992,0,9.3,287,4310000,1,0,0,0,0,1,0,1,0,0,1,0,0
2033,Movie 2033 (2024),Action|Thriller|Adventure,23000000,157,2023,0,3.9,232,1980000,0,1,1,0,0,0,0,0,0,0,0,0,1
2034,Movie 2034 (2024),Animation|Crime|Action,75000000,134,2008,0,6.5,230,1810000,0,1,0,1,0,0,1,0,0,0,0,0,0
2035,Movie 2035 (2024),Comedy,92000000,120,1991,0,2.9,382,3520000,1,0,0,0,0,1,0,0,0,0,0,0,0
2036,Movie 2036 (2024),Thriller|Fantasy|Horror,20000000,128,1999,0,5.0,139,1600000,1,0,0,0,0,0,0,0,0,1,1,0,1
2037,Movie 2037 (2024),Crime|Documentary|Drama,8000000,114,1991,1,6.2,50,3790000,1,0,0,0,0,0,1,1,1,0,0,0,0
2038,Movie 2038 (2024),Drama,143000000,161,2019,0,6.8,476,4390000,0,0,0,0,0,0,0,0,1,0,0,0,0
2039,Movie 2039 (2024),Sci-Fi,61000000,120,2020,0,2.6,473,850000,1,0,0,0,0,0,0,0,0,0,0,1,0
2040,Movie 2040 (2024),Drama|Horror,91000000,159,2006,0,5.3,115,2160000,0,0,0,0,0,0,0,0,1,0,1,0,0
2041,Movie 2041 (2024),Drama|Comedy|Horror,82000000,103,2018,1,2.4,60,1520000,0,0,0,0,0,1,0,0,1,0,1,0,0
2042,Movie 2042 (2024),Action|Fantasy,179000000,142,2003,1,7.8,341,970000,1,1,0,0,0,0,0,0,0,1,0,0,0
2043,Movie 2043 (2024),Animation|Action|Drama,109000000,98,2014,0,3.7,253,3400000,1,1,0,1,0,0,0,0,1,0,0,0,0
2044,Movie 2044 (2024),Fantasy|Horror,59000000,171,2021,0,7.3,84,1760000,1,0,0,0,0,0,0,0,0,1,1,0,0
2045,Movie 2045 (2024),Thriller|Animation,127000000,120,1992,1,3.3,166,1550000,0,0,0,1,0,0,0,0,0,0,0,0,1
2046,Movie 2046 (2024),Crime,174000000,120,2007,0,3.3,336,3330000,0,0,0,0,0,0,1,0,0,0,0,0,0
2047,Movie 2047 (2024),Animation|Documentary|Children,138000000,101,2012,1,8.4,252,3030000,0,0,0,1,1,0,0,1,0,0,0,0,0
2048,Movie 2048 (2024),Thriller,31000000,157,2016,0,3.7,206,1630000,1,0,0,0,0,0,0,0,0,0,0,0,1
2049,Movie 2049 (2024),Adventure|Documentary|Children,175000000,102,2006,0,9.0,374,1550000,0,0,1,0,1,0,0,1,0,0,0,0,0
2050,Movie 2050 (2024),Action|Comedy,79000000,81,1993,1,4.4,17,3670000,1,1,0,0,0,1,0,0,0,0,0,0,0
2051,Movie 2051 (2024),Adventure|Documentary|Children,42000000,95,2000,1,3.8,260,2480000,1,0,1,0,1,0,0,1,0,0,0,0,0
2052,Movie 2052 (2024),Fantasy,186000000,160,2001,0,5.3,89,3100000,0,0,0,0,0,0,0,0,0,1,0,0,0
2053,Movie 2053 (2024),Children|Horror,6000000,165,2000,1,5.1,63,4680000,1,0,0,0,1,0,0,0,0,0,1,0,0
2054,Movie 2054 (2024),Sci-Fi|Horror,87000000,176,2016,0,4.1,57,590000,0,0,0,0,0,0,0,0,0,0,1,1,0
2055,Movie 2055 (2024),Sci-Fi|Fantasy|Documentary,119000000,98,2016,0,2.1,467,3620000,0,0,0,0,0,0,0,1,0,1,0,1,0
2056,Movie 2056 (2024),Crime,126000000,136,2006,0,3.2,478,1590000,1,0,0,0,0,0,1,0,0,0,0,0,0
2057,Movie 2057 (2024),Drama|Documentary,178000000,102,2016,0,3.6,27,4310000,1,0,0,0,0,0,0,1,1,0,0,0,0
2058,Movie 2058 (2024),Thriller,13000000,157,2017,1,9.1,336,3940000,1,0,0,0,0,0,0,0,0,0,0,0,1
2059,Movie 2059 (2024),Adventure|Comedy|Fantasy,159000000,108,2018,0,5.5,449,3940000,0,0,1,0,0,1,0,0,0,1,0,0,0
2060,Movie 2060 (2024),Comedy|Fantasy,10000000,96,2011,0,6.0,29,1210000,0,0,0,0,0,1,0,0,0,1,0,0,0
2061,Movie 2061 (2024),Crime|Horror,77000000,138,2011,0,5.6,142,2460000,1,0,0,0,0,0,1,0,0,0,1,0,0
2062,Movie 2062 (2024),Fantasy,144000000,100,2024,0,8.3,336,4490000,0,0,0,0,0,0,0,0,0,1,0,0,0
2063,Movie 2063 (2024),Sci-Fi|Adventure,31000000,173,1995,0,3.8,253,1680000,1,0,1,0,0,0,0,0,0,0,0,1,0
2064,Movie 2064 (2024),Comedy|Adventure|Drama,79000000,99,1998,0,9.9,214,780000,0,0,1,0,0,1,0,0,1,0,0,0,0
2065,Movie 2065 (2024),Drama,147000000,175,1992,1,3.8,310,2100000,0,0,0,0,0,0,0,0,1,0,0,0,0
2066,Movie 2066 (2024),Thriller,23000000,148,2012,1,7.9,99,2730000,1,0,0,0,0,0,0,0,0,0,0,0,1
2067,Movie 2067 (2024),Children|Thriller|Drama,153000000,118,2019,0,9.0,75,920000,0,0,0,0,1,0,0,0,1,0,0,0,1
2068,Movie 2068 (2024),Horror|Children,102000000,106,2001,0,6.5,211,2910000,1,0,0,0,1,0,0,0,0,0,1,0,0
2069,Movie 2069 (2024),Adventure|Action,54000000,171,2007,0,7.0,45,2250000,1,1,1,0,0,0,0,0,0,0,0,0,0
2070,Movie 2070 (2024),Documentary|Drama,59000000,134,1990,0,8.2,385,2930000,0,0,0,0,0,0,0,1,1,0,0,0,0
2071,Movie 2071 (2024),Adventure|Fantasy,140000000,122,2001,0,6.4,114,3470000,0,0,1,0,0,0,0,0,0,1,0,0,0
2072,Movie 2072 (2024),Action|Animation,112000000,87,2002,0,5.7,204,610000,0,1,0,1,0,0,0,0,0,0,0,0,0
2073,Movie 2073 (2024),Drama|Children|Animation,141000000,132,2024,0,7.4,90,3950000,1,0,0,1,1,0,0,0,1,0,0,0,0
2074,Movie 2074 (2024),Fantasy,41000000,115,2007,0,3.0,397,3230000,1,0,0,0,0,0,0,0,0,1,0,0,0
2075,Movie 2075 (2024),Drama|Comedy|Horror,177000000,138,1997,0,3.9,241,3650000,0,0,0,0,0,1,0,0,1,0,1,0,0
2076,Movie 2076 (2024),Drama|Crime|Horror,82000000,89,1993,0,2.7,249,4970000,0,0,0,0,0,0,1,0,1,0,1,0,0
2077,Movie 2077 (2024),Children|Animation,127000000,178,2022,0,8.7,69,1430000,1,0,0,1,1,0,0,0,0,0,0,0,0
2078,Movie 2078 (2024),Fantasy|Sci-Fi,177000000,147,2003,0,7.8,334,3910000,1,0,0,0,0,0,0,0,0,1,0,1,0
2079,Movie 2079 (2024),Horror|Sci-Fi,88000000,154,2006,0,9.2,492,4940000,0,0,0,0,0,0,0,0,0,0,1,1,0
2080,Movie 2080 (2024),Fantasy|Horror|Crime,42000000,162,2017,0,7.2,3,1990000,0,0,0,0,0,0,1,0,0,1,1,0,0
2081,Movie 2081 (2024),Sci-Fi|Crime|Adventure,180000000,140,1993,1,7.8,465,2380000,1,0,1,0,0,0,1,0,0,0,0,1,0
2082,Movie 2082 (2024),Animation,184000000,89,2021,1,4.8,327,4420000,1,0,0,1,0,0,0,0,0,0,0,0,0
2083,Movie 2083 (2024),Crime,120000000,106,2014,0,5.3,293,3980000,1,0,0,0,0,0,1,0,0,0,0,0,0
2084,Movie 2084 (2024),Animation|Horror|Crime,38000000,110,2011,1,5.0,430,3990000,1,0,0,1,0,0,1,0,0,0,1,0,0
2085,Movie 2085 (2024),Thriller,95000000,156,1997,1,7.5,63,4280000,1,0,0,0,0,0,0,0,0,0,0,0,1
2086,Movie 2086 (2024),Animation|Fantasy,138000000,102,2016,0,4.0,381,3520000,0,0,0,1,0,0,0,0,0,1,0,0,0
2087,Movie 2087 (2024),Sci-Fi,30000000,156,2001,0,4.3,315,4330000,1,0,0,0,0,0,0,0,0,0,0,1,0
2088,Movie 2088 (2024),Animation,15000000,133,2000,0,5.2,47,2380000,0,0,0,1,0,0,0,0,0,0,0,0,0
2089,Movie 2089 (2024),Animation|Children,22000000,132,1993,0,9.9,11,1940000,1,0,0,1,1,0,0,0,0,0,0,0,0
2090,Movie 2090 (2024),Comedy|Action,50000000,99,2010,0,4.6,497,3930000,1,1,0,0,0,1,0,0,0,0,0,0,0
2091,Movie 2091 (2024),Horror|Adventure|Animation,171000000,160,1990,0,7.1,78,3190000,0,0,1,1,0,0,0,0,0,0,1,0,0
2092,Movie 2092 (2024),Children|Crime,189000000,144,1995,0,2.3,358,3080000,0,0,0,0,1,0,1,0,0,0,0,0,0
2093,Movie 2093 (2024),Action|Crime,157000000,130,1991,0,2.8,10,4860000,0,1,0,0,0,0,1,0,0,0,0,0,0
2094,Movie 2094 (2024),Sci-Fi,104000000,149,1997,0,6.9,47,4310000,0,0,0,0,0,0,0,0,0,0,0,1,0
2095,Movie 2095 (2024),Comedy,182000000,152,1993,0,3.1,291,820000,1,0,0,0,0,1,0,0,0,0,0,0,0
2096,Movie 2096 (2024),Action|Comedy|Horror,16000000,179,1992,0,4.6,186,2240000,1,1,0,0,0,1,0,0,0,0,1,0,0
2097,Movie 2097 (2024),Documentary,146000000,152,2005,0,6.5,211,4600000,0,0,0,0,0,0,0,1,0,0,0,0,0
2098,Movie 2098 (2024),Crime|Adventure,96000000,160,2023,0,8.2,225,1070000,1,0,1,0,0,0,1,0,0,0,0,0,0
2099,Movie 2099 (2024),Horror|Thriller|Comedy,140000000,144,2004,0,9.5,263,3360000,1,0,0,0,0,1,0,0,0,0,1,0,1
2100,Movie 2100 (2024),Fantasy,114000000,113,2010,1,3.1,83,4670000,0,0,0,0,0,0,0,0,0,1,0,0,0
2101,Movie 2101 (2024),Crime,122000000,103,1993,0,3.9,414,2050000,0,0,0,0,0,0,1,0,0,0,0,0,0
2102,Movie 2102 (2024),Sci-Fi|Animation|Drama,35000000,133,1999,0,4.0,100,3310000,1,0,0,1,0,0,0,0,1,0,0,1,0
2103,Movie 2103 (2024),Adventure|Horror,2000000,161,2005,0,9.4,33,3390000,1,0,1,0,0,0,0,0,0,0,1,0,0
2104,Movie 2104 (2024),Crime,127000000,135,2006,0,9.0,456,1890000,0,0,0,0,0,0,1,0,0,0,0,0,0
2105,Movie 2105 (2024),Crime|Horror|Children,198000000,118,1997,0,8.5,65,4330000,1,0,0,0,1,0,1,0,0,0,1,0,0
2106,Movie 2106 (2024),Children|Documentary|Fantasy,43000000,87,2008,0,7.7,115,4180000,1,0,0,0,1,0,0,1,0,1,0,0,0
2107,Movie 2107 (2024),Sci-Fi,37000000,128,2023,0,9.5,118,3470000,1,0,0,0,0,0,0,0,0,0,0,1,0
2108,Movie 2108 (2024),Adventure|Crime,31000000,123,1995,0,7.1,353,3200000,1,0,1,0,0,0,1,0,0,0,0,0,0
2109,Movie 2109 (2024),Crime,182000000,134,2006,0,9.0,277,4120000,0,0,0,0,0,0,1,0,0,0,0,0,0
2110,Movie 2110 (2024),Children|Adventure,10000000,138,2022,0,6.1,362,3210000,0,0,1,0,1,0,0,0,0,0,0,0,0
2111,Movie 2111 (2024),Drama|Children,170000000,83,1995,0,5.4,197,1970000,1,0,0,0,1,0,0,0,1,0,0,0,0
2112,Movie 2112 (2024),Comedy|Thriller|Crime,137000000,124,2020,0,9.5,277,3200000,1,0,0,0,0,1,1,0,0,0,0,0,1
2113,Movie 2113 (2024),Documentary,151000000,85,2014,0,4.8,372,4810000,0,0,0,0,0,0,0,1,0,0,0,0,0
2114,Movie 2114 (2024),Animation|Crime,174000000,169,2002,1,9.7,279,2720000,0,0,0,1,0,0,1,0,0,0,0,0,0
2115,Movie 2115 (2024),Adventure|Thriller,147000000,118,2019,0,8.9,312,3980000,1,0,1,0,0,0,0,0,0,0,0,0,1
2116,Movie 2116 (2024),Action,24000000,92,2018,0,9.4,243,2850000,0,1,0,0,0,0,0,0,0,0,0,0,0
2117,Movie 2117 (2024),Action|Thriller,17000000,121,2017,1,6.2,229,4660000,0,1,0,0,0,0,0,0,0,0,0,0,1
2118,Movie 2118 (2024),Children,72000000,160,2011,1,3.4,267,2460000,0,0,0,0,1,0,0,0,0,0,0,0,0
2119,Movie 2119 (2024),Adventure|Comedy|Horror,142000000,162,2021,1,5.1,233,3460000,0,0,1,0,0,1,0,0,0,0,1,0,0
2120,Movie 2120 (2024),Thriller|Horror,58000000,168,2014,0,2.6,258,1740000,1,0,0,0,0,0,0,0,0,0,1,0,1
2121,Movie 2121 (2024),Drama|Comedy,69000000,91,1992,0,7.8,147,4800000,0,0,0,0,0,1,0,0,1,0,0,0,0
2122,Movie 2122 (2024),Fantasy,83000000,179,2023,0,2.5,388,3870000,0,0,0,0,0,0,0,0,0,1,0,0,0
2123,Movie 2123 (2024),Action|Fantasy,194000000,171,2008,0,8.2,264,1590000,1,1,0,0,0,0,0,0,0,1,0,0,0
2124,Movie 2124 (2024),Thriller|Sci-Fi,188000000,170,2010,1,8.5,2,4570000,0,0,0,0,0,0,0,0,0,0,0,1,1
2125,Movie 2125 (2024),Fantasy,70000000,134,2012,0,5.6,158,3470000,0,0,0,0,0,0,0,0,0,1,0,0,0
2126,Movie 2126 (2024),Crime|Drama|Documentary,62000000,87,2001,0,7.0,331,2520000,0,0,0,0,0,0,1,1,1,0,0,0,0
2127,Movie 2127 (2024),Action|Sci-Fi|Crime,170000000,129,2018,0,4.0,487,3270000,0,1,0,0,0,0,1,0,0,0,0,1,0
2128,Movie 2128 (2024),Crime|Fantasy|Thriller,109000000,123,2023,0,6.8,302,3240000,1,0,0,0,0,0,1,0,0,1,0,0,1
2129,Movie 2129 (2024),Adventure,109000000,117,2016,0,8.0,424,4080000,0,0,1,0,0,0,0,0,0,0,0,0,0
2130,Movie 2130 (2024),Crime|Fantasy,153000000,178,2022,0,2.9,111,3770000,0,0,0,0,0,0,1,0,0,1,0,0,0
2131,Movie 2131 (2024),Documentary|Action,107000000,148,2007,0,2.9,122,610000,1,1,0,0,0,0,0,1,0,0,0,0,0
2132,Movie 2132 (2024),Drama|Adventure,110000000,171,2017,0,6.2,245,2550000,1,0,1,0,0,0,0,0,1,0,0,0,0
2133,Movie 2133 (2024),Fantasy,127000000,140,2021,1,2.3,89,2920000,0,0,0,0,0,0,0,0,0,1,0,0,0
2134,Movie 2134 (2024),Horror,162000000,143,1998,0,2.6,122,1400000,0,0,0,0,0,0,0,0,0,0,1,0,0
2135,Movie 2135 (2024),Children,168000000,135,1993,0,8.6,350,3620000,1,0,0,0,1,0,0,0,0,0,0,0,0
2136,Movie 2136 (2024),Animation|Sci-Fi|Drama,26000000,150,1992,0,3.0,50,1580000,1,0,0,1,0,0,0,0,1,0,0,1,0
2137,Movie 2137 (2024),Crime,66000000,160,2001,0,9.7,228,4300000,1,0,0,0,0,0,1,0,0,0,0,0,0
2138,Movie 2138 (2024),Documentary|Fantasy|Sci-Fi,147000000,91,1991,1,3.2,78,3340000,1,0,0,0,0,0,0,1,0,1,0,1,0
2139,Movie 2139 (2024),Horror|Comedy,126000000,171,2007,0,8.4,100,4340000,0,0,0,0,0,1,0,0,0,0,1,0,0
2140,Movie 2140 (2024),Adventure,115000000,151,2001,0,8.7,342,680000,1,0,1,0,0,0,0,0,0,0,0,0,0
2141,Movie 2141 (2024),Horror,186000000,176,2007,0,3.4,216,720000,0,0,0,0,0,0,0,0,0,0,1,0,0
2142,Movie 2142 (2024),Crime|Thriller,75000000,102,1998,0,5.1,222,4630000,0,0,0,0,0,0,1,0,0,0,0,0,1
2143,Movie 2143 (2024),Action|Animation|Documentary,58000000,115,2014,1,3.2,2,2980000,1,1,0,1,0,0,0,1,0,0,0,0,0
2144,Movie 2144 (2024),Action|Sci-Fi,20000000,139,1994,1,7.8,389,1430000,0,1,0,0,0,0,0,0,0,0,0,1,0
2145,Movie 2145 (2024),Crime|Animation|Sci-Fi,60000000,91,2000,0,3.5,279,2020000,1,0,0,1,0,0,1,0,0,0,0,1,0
2146,Movie 2146 (2024),Comedy|Documentary|Thriller,5000000,175,2012,0,5.4,472,1870000,1,0,0,0,0,1,0,1,0,0,0,0,1
2147,Movie 2147 (2024),Documentary,131000000,108,2007,0,4.3,306,1550000,0,0,0,0,0,0,0,1,0,0,0,0,0
2148,Movie 2148 (2024),Adventure|Sci-Fi,184000000,91,1997,0,3.3,444,3030000,0,0,1,0,0,0,0,0,0,0,0,1,0
2149,Movie 2149 (2024),Action,117000000,118,2012,0,4.5,260,4440000,0,1,0,0,0,0,0,0,0,0,0,0,0
2150,Movie 2150 (2024),Crime,168000000,174,1991,0,4.6,423,3650000,0,0,0,0,0,0,1,0,0,0,0,0,0
2151,Movie 2151 (2024),Thriller|Fantasy|Adventure,120000000,110,2009,0,9.6,431,1810000,1,0,1,0,0,0,0,0,0,1,0,0,1
2152,Movie 2152 (2024),Thriller|Children,121000000,167,2016,0,4.5,187,2980000,0,0,0,0,1,0,0,0,0,0,0,0,1
2153,Movie 2153 (2024),Animation|Thriller,95000000,116,2013,0,8.6,123,500000,1,0,0,1,0,0,0,0,0,0,0,0,1
2154,Movie 2154 (2024),Action|Sci-Fi|Crime,161000000,164,1997,1,3.5,220,3580000,0,1,0,0,0,0,1,0,0,0,0,1,0
2155,Movie 2155 (2024),Adventure|Sci-Fi|Horror,3000000,172,2010,0,3.1,234,1650000,0,0,1,0,0,0,0,0,0,0,1,1,0
2156,Movie 2156 (2024),Children|Thriller|Adventure,71000000,156,1997,0,6.3,147,1460000,0,0,1,0,1,0,0,0,0,0,0,0,1
2157,Movie 2157 (2024),Adventure|Crime|Action,31000000,87,1991,0,7.3,96,4130000,1,1,1,0,0,0,1,0,0,0,0,0,0
2158,Movie 2158 (2024),Documentary|Horror,38000000,98,2005,0,6.1,365,3140000,0,0,0,0,0,0,0,1,0,0,1,0,0
2159,Movie 2159 (2024),Crime|Action|Horror,2000000,113,1995,0,8.9,240,3500000,0,1,0,0,0,0,1,0,0,0,1,0,0
2160,Movie 2160 (2024),Comedy|Horror|Thriller,100000000,112,1995,0,6.1,270,1340000,1,0,0,0,0,1,0,0,0,0,1,0,1
2161,Movie 2161 (2024),Comedy|Thriller|Documentary,56000000,161,2023,1,5.5,130,1300000,0,0,0,0,0,1,0,1,0,0,0,0,1
2162,Movie 2162 (2024),Horror,144000000,95,2005,0,7.9,79,2760000,0,0,0,0,0,0,0,0,0,0,1,0,0
2163,Movie 2163 (2024),Crime|Action,165000000,176,2004,0,9.1,353,3040000,1,1,0,0,0,0,1,0,0,0,0,0,0
2164,Movie 2164 (2024),Crime,61000000,116,2001,0,7.3,25,1130000,1,0,0,0,0,0,1,0,0,0,0,0,0
2165,Movie 2165 (2024),Action,173000000,99,2010,0,7.2,421,4660000,0,1,0,0,0,0,0,0,0,0,0,0,0
2166,Movie 2166 (2024),Sci-Fi|Documentary,73000000,127,2008,0,3.5,156,2260000,1,0,0,0,0,0,0,1,0,0,0,1,0
2167,Movie 2167 (2024),Animation,191000000,177,2005,0,9.4,178,1420000,0,0,0,1,0,0,0,0,0,0,0,0,0
2168,Movie 2168 (2024),Crime|Children|Sci-Fi,44000000,82,1993,0,9.8,246,4560000,0,0,0,0,1,0,1,0,0,0,0,1,0
2169,Movie 2169 (2024),Animation,183000000,141,1994,0,3.9,237,3020000,0,0,0,1,0,0,0,0,0,0,0,0,0
2170,Movie 2170 (2024),Fantasy,157000000,134,2012,0,9.1,134,4930000,1,0,0,0,0,0,0,0,0,1,0,0,0
2171,Movie 2171 (2024),Action|Thriller|Children,138000000,155,2004,1,5.7,18,4490000,0,1,0,0,1,0,0,0,0,0,0,0,1
2172,Movie 2172 (2024),Fantasy|Documentary|Action,140000000,116,2005,1,8.4,206,1810000,1,1,0,0,0,0,0,1,0,1,0,0,0
2173,Movie 2173 (2024),Fantasy|Horror,98000000,150,2010,0,2.8,343,1490000,0,0,0,0,0,0,0,0,0,1,1,0,0
2174,Movie 2174 (2024),Documentary|Adventure,59000000,173,1990,0,9.6,280,4170000,0,0,1,0,0,0,0,1,0,0,0,0,0
2175,Movie 2175 (2024),Animation|Action,68000000,144,2006,0,5.2,183,2070000,0,1,0,1,0,0,0,0,0,0,0,0,0
2176,Movie 2176 (2024),Fantasy,163000000,111,1990,0,7.7,239,3190000,1,0,0,0,0,0,0,0,0,1,0,0,0
2177,Movie 2177 (2024),Fantasy,195000000,141,2015,0,9.3,164,1480000,1,0,0,0,0,0,0,0,0,1,0,0,0
2178,Movie 2178 (2024),Fantasy,69000000,162,2004,0,7.5,246,2600000,0,0,0,0,0,0,0,0,0,1,0,0,0
2179,Movie 2179 (2024),Adventure,44000000,110,2011,0,7.1,254,1650000,1,0,1,0,0,0,0,0,0,0,0,0,0
2180,Movie 2180 (2024),Horror|Thriller|Animation,23000000,116,1996,0,6.4,126,1540000,1,0,0,1,0,0,0,0,0,0,1,0,1
2181,Movie 2181 (2024),Animation,27000000,168,2020,0,5.2,291,3430000,1,0,0,1,0,0,0,0,0,0,0,0,0
2182,Movie 2182 (2024),Animation|Crime|Comedy,99000000,163,2016,1,6.6,155,1790000,0,0,0,1,0,1,1,0,0,0,0,0,0
2183,Movie 2183 (2024),Animation|Drama,99000000,168,2019,0,3.4,164,3240000,1,0,0,1,0,0,0,0,1,0,0,0,0
2184,Movie 2184 (2024),Drama|Animation,47000000,147,1998,0,2.2,162,3290000,0,0,0,1,0,0,0,0,1,0,0,0,0
2185,Movie 2185 (2024),Drama,98000000,124,1999,0,4.2,469,3120000,0,0,0,0,0,0,0,0,1,0,0,0,0
2186,Movie 2186 (2024),Children|Drama,184000000,167,2003,0,9.0,16,4920000,1,0,0,0,1,0,0,0,1,0,0,0,0
2187,Movie 2187 (2024),Crime|Sci-Fi,184000000,110,2011,0,8.1,477,3240000,1,0,0,0,0,0,1,0,0,0,0,1,0
2188,Movie 2188 (2024),Thriller|Adventure,87000000,164,2023,0,7.2,350,3460000,1,0,1,0,0,0,0,0,0,0,0,0,1
2189,Movie 2189 (2024),Fantasy|Crime,89000000,147,1992,0,8.2,308,870000,0,0,0,0,0,0,1,0,0,1,0,0,0
2190,Movie 2190 (2024),Crime|Horror|Documentary,105000000,95,2022,0,5.4,18,3060000,1,0,0,0,0,0,1,1,0,0,1,0,0
2191,Movie 2191 (2024),Thriller|Sci-Fi|Action,20000000,88,1992,0,6.5,389,3780000,1,1,0,0,0,0,0,0,0,0,0,1,1
2192,Movie 2192 (2024),Children,110000000,165,1991,0,5.0,497,3150000,0,0,0,0,1,0,0,0,0,0,0,0,0
2193,Movie 2193 (2024),Animation|Sci-Fi|Documentary,142000000,110,1998,0,3.4,227,2150000,1,0,0,1,0,0,0,1,0,0,0,1,0
2194,Movie 2194 (2024),Crime,94000000,104,1998,0,4.2,56,2280000,1,0,0,0,0,0,1,0,0,0,0,0,0
2195,Movie 2195 (2024),Adventure,76000000,162,2006,0,3.2,122,4110000,1,0,1,0,0,0,0,0,0,0,0,0,0
2196,Movie 2196 (2024),Fantasy,34000000,148,2002,1,5.8,441,4220000,1,0,0,0,0,0,0,0,0,1,0,0,0
2197,Movie 2197 (2024),Documentary|Thriller|Comedy,171000000,122,1990,0,6.6,420,2310000,0,0,0,0,0,1,0,1,0,0,0,0,1
2198,Movie 2198 (2024),Thriller|Horror|Sci-Fi,171000000,134,2015,0,5.7,278,1470000,0,0,0,0,0,0,0,0,0,0,1,1,1
2199,Movie 2199 (2024),Thriller,113000000,101,2007,0,7.1,280,3070000,0,0,0,0,0,0,0,0,0,0,0,0,1
2200,Movie 2200 (2024),Documentary,149000000,92,2000,1,9.2,68,3740000,1,0,0,0,0,0,0,1,0,0,0,0,0
2201,Movie 2201 (2024),Sci-Fi,75000000,127,2022,0,9.0,356,3580000,0,0,0,0,0,0,0,0,0,0,0,1,0
2202,Movie 2202 (2024),Fantasy|Adventure,166000000,154,2002,0,5.1,6,1020000,1,0,1,0,0,0,0,0,0,1,0,0,0
2203,Movie 2203 (2024),Crime,56000000,138,2010,1,4.3,392,1890000,0,0,0,0,0,0,1,0,0,0,0,0,0
2204,Movie 2204 (2024),Horror|Children|Adventure,18000000,123,2012,0,5.9,231,870000,0,0,1,0,1,0,0,0,0,0,1,0,0
2205,Movie 2205 (2024),Fantasy|Thriller|Drama,10000000,112,2023,1,2.9,263,4040000,1,0,0,0,0,0,0,0,1,1,0,0,1
2206,Movie 2206 (2024),Comedy|Children,159000000,89,2010,1,8.0,290,3620000,1,0,0,0,1,1,0,0,0,0,0,0,0
2207,Movie 2207 (2024),Fantasy|Drama,96000000,95,2024,0,3.0,495,540000,0,0,0,0,0,0,0,0,1,1,0,0,0
2208,Movie 2208 (2024),Horror,195000000,171,2000,0,2.9,186,4760000,1,0,0,0,0,0,0,0,0,0,1,0,0
2209,Movie 2209 (2024),Animation,180000000,109,1999,0,8.7,178,3400000,0,0,0,1,0,0,0,0,0,0,0,0,0
2210,Movie 2210 (2024),Drama|Horror,50000000,85,2010,1,2.4,191,3820000,1,0,0,0,0,0,0,0,1,0,1,0,0
2211,Movie 2211 (2024),Comedy|Documentary,192000000,115,2007,0,7.8,2,1070000,0,0,0,0,0,1,0,1,0,0,0,0,0
2212,Movie 2212 (2024),Comedy|Sci-Fi|Horror,110000000,116,2010,0,7.8,248,2190000,0,0,0,0,0,1,0,0,0,0,1,1,0
2213,Movie 2213 (2024),Fantasy|Sci-Fi,100000000,161,1990,1,4.0,497,3700000,1,0,0,0,0,0,0,0,0,1,0,1,0
2214,Movie 2214 (2024),Action|Adventure|Children,59000000,169,2006,0,3.1,177,4270000,0,1,1,0,1,0,0,0,0,0,0,0,0
2215,Movie 2215 (2024),Horror,177000000,86,2013,0,3.4,89,4890000,1,0,0,0,0,0,0,0,0,0,1,0,0
2216,Movie 2216 (2024),Adventure|Comedy|Action,134000000,92,2023,0,4.0,89,4590000,1,1,1,0,0,1,0,0,0,0,0,0,0
2217,Movie 2217 (2024),Drama,119000000,99,2022,0,8.7,237,1970000,0,0,0,0,0,0,0,0,1,0,0,0,0
2218,Movie 2218 (2024),Thriller|Adventure,165000000,167,2019,0,4.9,33,1350000,0,0,1,0,0,0,0,0,0,0,0,0,1
2219,Movie 2219 (2024),Fantasy|Horror,73000000,109,1995,0,4.6,1,920000,1,0,0,0,0,0,0,0,0,1,1,0,0
2220,Movie 2220 (2024),Sci-Fi|Animation,105000000,92,1991,1,9.8,397,2400000,1,0,0,1,0,0,0,0,0,0,0,1,0
2221,Movie 2221 (2024),Animation|Horror|Adventure,74000000,98,1996,0,7.1,161,4650000,1,0,1,1,0,0,0,0,0,0,1,0,0
2222,Movie 2222 (2024),Drama|Action|Horror,147000000,177,2018,1,2.4,347,3660000,0,1,0,0,0,0,0,0,1,0,1,0,0
2223,Movie 2223 (2024),Horror,42000000,117,2006,0,9.4,377,3080000,1,0,0,0,0,0,0,0,0,0,1,0,0
2224,Movie 2224 (2024),Crime|Horror,163000000,137,1996,0,4.8,422,2780000,0,0,0,0,0,0,1,0,0,0,1,0,0
2225,Movie 2225 (2024),Action,17000000,144,2023,1,7.3,332,4530000,1,1,0,0,0,0,0,0,0,0,0,0,0
2226,Movie 2226 (2024),Animation|Drama|Documentary,113000000,127,2022,0,2.9,487,860000,0,0,0,1,0,0,0,1,1,0,0,0,0
2227,Movie 2227 (2024),Adventure,113000000,121,2012,0,9.3,76,2510000,0,0,1,0,0,0,0,0,0,0,0,0,0
2228,Movie 2228 (2024),Adventure|Action,100000000,156,2017,0,4.6,419,2700000,1,1,1,0,0,0,0,0,0,0,0,0,0
2229,Movie 2229 (2024),Fantasy|Drama,134000000,177,2019,0,7.4,376,2060000,0,0,0,0,0,0,0,0,1,1,0,0,0
2230,Movie 2230 (2024),Children|Comedy|Animation,199000000,84,1999,0,2.3,368,1420000,1,0,0,1,1,1,0,0,0,0,0,0,0
2231,Movie 2231 (2024),Fantasy,10000000,127,2017,0,3.8,446,2960000,1,0,0,0,0,0,0,0,0,1,0,0,0
2232,Movie 2232 (2024),Adventure|Sci-Fi|Drama,187000000,94,2009,1,9.9,327,2200000,0,0,1,0,0,0,0,0,1,0,0,1,0
2233,Movie 2233 (2024),Comedy,95000000,166,2003,0,7.2,299,2610000,0,0,0,0,0,1,0,0,0,0,0,0,0
2234,Movie 2234 (2024),Adventure|Crime|Horror,145000000,155,2000,0,6.7,137,630000,1,0,1,0,0,0,1,0,0,0,1,0,0
2235,Movie 2235 (2024),Animation,118000000,86,2021,0,3.7,252,4390000,1,0,0,1,0,0,0,0,0,0,0,0,0
2236,Movie 2236 (2024),Action|Documentary|Drama,137000000,108,2017,0,5.8,390,2710000,0,1,0,0,0,0,0,1,1,0,0,0,0
2237,Movie 2237 (2024),Crime|Horror,65000000,132,1995,1,7.1,244,3400000,0,0,0,0,0,0,1,0,0,0,1,0,0
2238,Movie 2238 (2024),Fantasy|Documentary,152000000,167,2011,0,8.5,495,1940000,1,0,0,0,0,0,0,1,0,1,0,0,0
2239,Movie 2239 (2024),Horror|Animation|Drama,72000000,143,2004,0,4.7,272,3410000,1,0,0,1,0,0,0,0,1,0,1,0,0
2240,Movie 2240 (2024),Children,124000000,93,1995,1,6.4,467,2850000,0,0,0,0,1,0,0,0,0,0,0,0,0
2241,Movie 2241 (2024),Documentary|Animation,185000000,101,2001,0,6.4,125,970000,1,0,0,1,0,0,0,1,0,0,0,0,0
2242,Movie 2242 (2024),Thriller|Fantasy|Documentary,31000000,104,2022,0,9.9,435,4780000,1,0,0,0,0,0,0,1,0,1,0,0,1
2243,Movie 2243 (2024),Drama|Comedy,3000000,146,1998,0,8.1,445,2160000,0,0,0,0,0,1,0,0,1,0,0,0,0
2244,Movie 2244 (2024),Horror|Sci-Fi|Animation,117000000,102,2021,0,2.9,401,1200000,0,0,0,1,0,0,0,0,0,0,1,1,0
2245,Movie 2245 (2024),Adventure|Documentary,131000000,147,2006,0,2.1,155,1640000,0,0,1,0,0,0,0,1,0,0,0,0,0
2246,Movie 2246 (2024),Action|Animation|Drama,106000000,159,2001,0,5.2,441,940000,1,1,0,1,0,0,0,0,1,0,0,0,0
2247,Movie 2247 (2024),Fantasy,118000000,99,2024,0,3.1,201,1710000,0,0,0,0,0,0,0,0,0,1,0,0,0
2248,Movie 2248 (2024),Sci-Fi,101000000,148,2021,0,9.7,355,2170000,0,0,0,0,0,0,0,0,0,0,0,1,0
2249,Movie 2249 (2024),Drama|Adventure|Documentary,124000000,142,1991,0,5.4,158,760000,0,0,1,0,0,0,0,1,1,0,0,0,0
2250,Movie 2250 (2024),Documentary,75000000,115,2022,0,6.2,344,3870000,1,0,0,0,0,0,0,1,0,0,0,0,0
2251,Movie 2251 (2024),Documentary|Fantasy|Horror,147000000,157,2006,0,5.9,390,4710000,1,0,0,0,0,0,0,1,0,1,1,0,0
2252,Movie 2252 (2024),Animation|Documentary,59000000,173,2021,1,6.8,258,3150000,1,0,0,1,0,0,0,1,0,0,0,0,0
2253,Movie 2253 (2024),Crime|Comedy,76000000,85,2002,0,5.0,110,4320000,1,0,0,0,0,1,1,0,0,0,0,0,0
2254,Movie 2254 (2024),Children|Comedy|Action,22000000,174,1994,0,7.6,223,4440000,0,1,0,0,1,1,0,0,0,0,0,0,0
2255,Movie 2255 (2024),Documentary|Fantasy,114000000,152,1997,0,9.9,19,3360000,1,0,0,0,0,0,0,1,0,1,0,0,0
2256,Movie 2256 (2024),Action|Documentary,85000000,104,2007,0,6.4,469,2640000,0,1,0,0,0,0,0,1,0,0,0,0,0
2257,Movie 2257 (2024),Animation|Comedy|Thriller,99000000,81,2010,0,5.3,201,4700000,0,0,0,1,0,1,0,0,0,0,0,0,1
2258,Movie 2258 (2024),Sci-Fi|Children,83000000,80,1992,0,2.0,315,3520000,0,0,0,0,1,0,0,0,0,0,0,1,0
2259,Movie 2259 (2024),Adventure|Comedy|Crime,47000000,177,2015,0,7.2,287,3730000,0,0,1,0,0,1,1,0,0,0,0,0,0
2260,Movie 2260 (2024),Animation|Fantasy,61000000,174,2020,1,8.8,409,1300000,0,0,0,1,0,0,0,0,0,1,0,0,0
2261,Movie 2261 (2024),Documentary|Animation|Drama,186000000,121,2006,1,3.1,191,3160000,1,0,0,1,0,0,0,1,1,0,0,0,0
2262,Movie 2262 (2024),Documentary|Comedy,109000000,123,1994,0,2.9,499,1290000,0,0,0,0,0,1,0,1,0,0,0,0,0
2263,Movie 2263 (2024),Action|Comedy|Adventure,28000000,87,1992,0,7.7,390,2830000,1,1,1,0,0,1,0,0,0,0,0,0,0
2264,Movie 2264 (2024),Comedy|Drama|Thriller,18000000,136,2015,1,10.0,304,2200000,1,0,0,0,0,1,0,0,1,0,0,0,1
2265,Movie 2265 (2024),Horror|Crime|Documentary,42000000,176,1991,0,6.4,395,1100000,0,0,0,0,0,0,1,1,0,0,1,0,0
2266,Movie 2266 (2024),Children,174000000,165,2010,0,8.9,59,3790000,0,0,0,0,1,0,0,0,0,0,0,0,0
2267,Movie 2267 (2024),Documentary|Comedy|Drama,31000000,133,1997,1,8.7,417,2200000,0,0,0,0,0,1,0,1,1,0,0,0,0
2268,Movie 2268 (2024),Thriller|Drama,121000000,176,2024,0,3.2,169,1580000,0,0,0,0,0,0,0,0,1,0,0,0,1
2269,Movie 2269 (2024),Crime|Animation|Documentary,131000000,144,1992,0,4.1,392,2350000,0,0,0,1,0,0,1,1,0,0,0,0,0
2270,Movie 2270 (2024),Adventure|Documentary,112000000,107,2004,1,7.8,155,4730000,1,0,1,0,0,0,0,1,0,0,0,0,0
2271,Movie 2271 (2024),Horror|Children,88000000,130,2000,0,4.2,100,670000,0,0,0,0,1,0,0,0,0,0,1,0,0
2272,Movie 2272 (2024),Documentary,136000000,151,2006,0,4.9,51,2360000,1,0,0,0,0,0,0,1,0,0,0,0,0
2273,Movie 2273 (2024),Adventure|Children|Sci-Fi,123000000,135,2017,1,7.8,353,4900000,0,0,1,0,1,0,0,0,0,0,0,1,0
2274,Movie 2274 (2024),Documentary|Drama|Crime,178000000,102,2020,0,2.7,364,3050000,1,0,0,0,0,0,1,1,1,0,0,0,0
2275,Movie 2275 (2024),Horror,144000000,147,1995,0,2.7,256,4160000,1,0,0,0,0,0,0,0,0,0,1,0,0
2276,Movie 2276 (2024),Drama|Comedy,122000000,169,2019,0,8.4,8,2340000,0,0,0,0,0,1,0,0,1,0,0,0,0
2277,Movie 2277 (2024),Thriller|Drama,123000000,91,1998,0,5.9,220,3110000,1,0,0,0,0,0,0,0,1,0,0,0,1
2278,Movie 2278 (2024),Comedy|Action,3000000,176,2012,1,4.0,496,2370000,0,1,0,0,0,1,0,0,0,0,0,0,0
2279,Movie 2279 (2024),Thriller|Crime,95000000,155,2023,0,5.9,41,3650000,0,0,0,0,0,0,1,0,0,0,0,0,1
2280,Movie 2280 (2024),Horror|Fantasy,164000000,91,2007,0,8.1,93,3030000,0,0,0,0,0,0,0,0,0,1,1,0,0
2281,Movie 2281 (2024),Comedy|Thriller,31000000,127,2000,0,6.1,432,3980000,1,0,0,0,0,1,0,0,0,0,0,0,1
2282,Movie 2282 (2024),Horror|Thriller|Drama,23000000,156,2008,0,6.1,171,3070000,0,0,0,0,0,0,0,0,1,0,1,0,1
2283,Movie 2283 (2024),Documentary,128000000,85,2019,0,6.9,395,1440000,1,0,0,0,0,0,0,1,0,0,0,0,0
2284,Movie 2284 (2024),Children|Action|Drama,189000000,170,1999,0,2.5,96,1560000,1,1,0,0,1,0,0,0,1,0,0,0,0
2285,Movie 2285 (2024),Animation|Sci-Fi|Fantasy,13000000,172,2019,0,6.1,70,3660000,1,0,0,1,0,0,0,0,0,1,0,1,0
2286,Movie 2286 (2024),Drama|Animation|Fantasy,141000000,117,2014,0,4.8,384,1020000,0,0,0,1,0,0,0,0,1,1,0,0,0
2287,Movie 2287 (2024),Crime,56000000,87,2018,0,5.6,381,2270000,0,0,0,0,0,0,1,0,0,0,0,0,0
2288,Movie 2288 (2024),Action|Adventure,194000000,171,2013,0,4.5,96,2960000,1,1,1,0,0,0,0,0,0,0,0,0,0
2289,Movie 2289 (2024),Comedy,9000000,108,1999,0,7.2,479,4470000,0,0,0,0,0,1,0,0,0,0,0,0,0
2290,Movie 2290 (2024),Documentary|Action|Crime,106000000,104,2019,0,8.8,329,3270000,1,1,0,0,0,0,1,1,0,0,0,0,0
2291,Movie 2291 (2024),Comedy|Adventure|Crime,12000000,97,2008,0,7.7,485,2610000,0,0,1,0,0,1,1,0,0,0,0,0,0
2292,Movie 2292 (2024),Action|Drama|Sci-Fi,54000000,94,2012,0,3.9,449,3820000,1,1,0,0,0,0,0,0,1,0,0,1,0
2293,Movie 2293 (2024),Action,171000000,159,1997,0,9.8,270,3040000,0,1,0,0,0,0,0,0,0,0,0,0,0
2294,Movie 2294 (2024),Action|Horror,197000000,98,2022,1,9.6,114,710000,0,1,0,0,0,0,0,0,0,0,1,0,0
2295,Movie 2295 (2024),Drama,121000000,149,1996,0,2.1,290,4860000,1,0,0,0,0,0,0,0,1,0,0,0,0
2296,Movie 2296 (2024),Horror|Crime,163000000,112,2012,0,8.1,469,3290000,1,0,0,0,0,0,1,0,0,0,1,0,0
2297,Movie 2297 (2024),Fantasy,129000000,137,2005,0,8.5,448,1260000,1,0,0,0,0,0,0,0,0,1,0,0,0
2298,Movie 2298 (2024),Adventure,73000000,179,2006,0,9.4,295,4020000,1,0,1,0,0,0,0,0,0,0,0,0,0
2299,Movie 2299 (2024),Animation|Fantasy,89000000,158,2019,1,5.1,289,4580000,1,0,0,1,0,0,0,0,0,1,0,0,0
2300,Movie 2300 (2024),Adventure,155000000,160,2008,0,7.3,353,3250000,0,0,1,0,0,0,0,0,0,0,0,0,0
2301,Movie 2301 (2024),Adventure,160000000,171,2022,1,4.6,168,2140000,0,0,1,0,0,0,0,0,0,0,0,0,0
2302,Movie 2302 (2024),Animation|Fantasy|Sci-Fi,121000000,122,1996,1,9.3,26,3310000,0,0,0,1,0,0,0,0,0,1,0,1,0
2303,Movie 2303 (2024),Documentary|Thriller,155000000,108,2022,0,8.3,184,4420000,0,0,0,0,0,0,0,1,0,0,0,0,1
2304,Movie 2304 (2024),Comedy|Children|Crime,162000000,127,2013,0,6.4,258,4010000,0,0,0,0,1,1,1,0,0,0,0,0,0
2305,Movie 2305 (2024),Animation|Thriller|Fantasy,129000000,113,2002,0,7.0,334,3880000,0,0,0,1,0,0,0,0,0,1,0,0,1
2306,Movie 2306 (2024),Thriller|Fantasy,120000000,176,2008,1,5.9,156,3360000,0,0,0,0,0,0,0,0,0,1,0,0,1
2307,Movie 2307 (2024),Drama|Fantasy|Action,34000000,140,2000,1,2.7,281,4960000,1,1,0,0,0,0,0,0,1,1,0,0,0
2308,Movie 2308 (2024),Children,70000000,82,2013,0,6.8,311,2520000,0,0,0,0,1,0,0,0,0,0,0,0,0
2309,Movie 2309 (2024),Drama|Fantasy|Thriller,116000000,144,1996,0,7.9,292,2980000,1,0,0,0,0,0,0,0,1,1,0,0,1
2310,Movie 2310 (2024),Horror|Comedy|Thriller,100000000,115,1997,0,3.3,441,2790000,0,0,0,0,0,1,0,0,0,0,1,0,1
2311,Movie 2311 (2024),Horror,99000000,130,2011,0,5.1,482,4160000,0,0,0,0,0,0,0,0,0,0,1,0,0
2312,Movie 2312 (2024),Animation|Fantasy,176000000,98,1991,1,7.9,451,2620000,1,0,0,1,0,0,0,0,0,1,0,0,0
2313,Movie 2313 (2024),Comedy|Horror,56000000,107,2006,1,7.2,484,1050000,1,0,0,0,0,1,0,0,0,0,1,0,0
2314,Movie 2314 (2024),Drama|Comedy|Animation,11000000,171,2003,0,4.8,452,2740000,1,0,0,1,0,1,0,0,1,0,0,0,0
2315,Movie 2315 (2024),Children|Action|Horror,65000000,159,2001,0,3.7,133,2520000,1,1,0,0,1,0,0,0,0,0,1,0,0
2316,Movie 2316 (2024),Fantasy|Drama|Thriller,18000000,96,2012,0,8.8,144,1460000,1,0,0,0,0,0,0,0,1,1,0,0,1
2317,Movie 2317 (2024),Fantasy|Comedy|Children,156000000,119,1999,0,2.0,15,980000,0,0,0,0,1,1,0,0,0,1,0,0,0
2318,Movie 2318 (2024),Drama|Adventure|Crime,86000000,113,2015,0,3.2,356,730000,0,0,1,0,0,0,1,0,1,0,0,0,0
2319,Movie 2319 (2024),Fantasy,160000000,102,2016,0,5.8,457,4860000,1,0,0,0,0,0,0,0,0,1,0,0,0
2320,Movie 2320 (2024),Fantasy|Animation,164000000,176,1995,0,8.6,358,4440000,0,0,0,1,0,0,0,0,0,1,0,0,0
2321,Movie 2321 (2024),Thriller|Horror|Action,8000000,118,2013,0,4.9,298,2960000,1,1,0,0,0,0,0,0,0,0,1,0,1
2322,Movie 2322 (2024),Thriller|Sci-Fi,85000000,126,2023,0,2.7,21,1730000,0,0,0,0,0,0,0,0,0,0,0,1,1
2323,Movie 2323 (2024),Fantasy|Adventure|Crime,72000000,102,2010,0,7.4,406,1030000,1,0,1,0,0,0,1,0,0,1,0,0,0
2324,Movie 2324 (2024),Crime|Fantasy|Adventure,56000000,117,2011,0,3.2,52,3760000,1,0,1,0,0,0,1,0,0,1,0,0,0
2325,Movie 2325 (2024),Drama|Sci-Fi,31000000,144,1990,0,7.3,80,3030000,1,0,0,0,0,0,0,0,1,0,0,1,0
2326,Movie 2326 (2024),Adventure|Comedy|Drama,168000000,155,2017,0,7.2,314,2320000,1,0,1,0,0,1,0,0,1,0,0,0,0
2327,Movie 2327 (2024),Children|Sci-Fi,47000000,91,2023,0,5.0,220,1530000,1,0,0,0,1,0,0,0,0,0,0,1,0
2328,Movie 2328 (2024),Drama|Adventure,73000000,84,1995,1,5.5,494,4330000,1,0,1,0,0,0,0,0,1,0,0,0,0
2329,Movie 2329 (2024),Comedy|Action,132000000,121,2017,0,5.8,317,3200000,0,1,0,0,0,1,0,0,0,0,0,0,0
2330,Movie 2330 (2024),Action|Adventure|Fantasy,66000000,118,1990,1,3.1,406,1800000,1,1,1,0,0,0,0,0,0,1,0,0,0
2331,Movie 2331 (2024),Crime|Action,160000000,126,2009,0,5.3,497,3800000,0,1,0,0,0,0,1,0,0,0,0,0,0
2332,Movie 2332 (2024),Sci-Fi|Fantasy,166000000,175,2016,0,7.3,419,1150000,1,0,0,0,0,0,0,0,0,1,0,1,0
2333,Movie 2333 (2024),Fantasy,20000000,109,2017,0,8.5,297,4790000,0,0,0,0,0,0,0,0,0,1,0,0,0
2334,Movie 2334 (2024),Action|Horror|Comedy,17000000,142,1995,1,2.5,154,2650000,0,1,0,0,0,1,0,0,0,0,1,0,0
2335,Movie 2335 (2024),Documentary|Fantasy|Adventure,44000000,130,2023,0,6.9,458,2740000,1,0,1,0,0,0,0,1,0,1,0,0,0
2336,Movie 2336 (2024),Animation|Children,77000000,158,2008,0,2.4,231,1670000,0,0,0,1,1,0,0,0,0,0,0,0,0
2337,Movie 2337 (2024),Adventure,145000000,164,2006,0,6.7,355,720000,0,0,1,0,0,0,0,0,0,0,0,0,0
2338,Movie 2338 (2024),Adventure|Horror|Drama,18000000,170,2001,0,9.7,346,4950000,0,0,1,0,0,0,0,0,1,0,1,0,0
2339,Movie 2339 (2024),Action,56000000,168,2011,0,6.9,343,4950000,0,1,0,0,0,0,0,0,0,0,0,0,0
2340,Movie 2340 (2024),Fantasy|Children,4000000,163,2020,0,7.1,2,3140000,1,0,0,0,1,0,0,0,0,1,0,0,0
2341,Movie 2341 (2024),Fantasy,37000000,146,2020,1,9.6,292,3740000,1,0,0,0,0,0,0,0,0,1,0,0,0
2342,Movie 2342 (2024),Animation|Horror|Crime,75000000,158,2009,0,5.5,287,1080000,0,0,0,1,0,0,1,0,0,0,1,0,0
2343,Movie 2343 (2024),Documentary|Drama,109000000,143,2008,0,6.0,277,1740000,0,0,0,0,0,0,0,1,1,0,0,0,0
2344,Movie 2344 (2024),Documentary|Thriller|Fantasy,9000000,126,1995,0,8.0,40,3240000,1,0,0,0,0,0,0,1,0,1,0,0,1
2345,Movie 2345 (2024),Adventure,15000000,138,1996,0,8.8,70,1220000,1,0,1,0,0,0,0,0,0,0,0,0,0
2346,Movie 2346 (2024),Sci-Fi|Comedy|Animation,14000000,166,2019,0,7.9,90,530000,1,0,0,1,0,1,0,0,0,0,0,1,0
2347,Movie 2347 (2024),Action|Animation|Sci-Fi,169000000,176,2009,1,8.4,296,4300000,0,1,0,1,0,0,0,0,0,0,0,1,0
2348,Movie 2348 (2024),Drama|Crime|Animation,85000000,177,2012,0,3.8,40,2680000,1,0,0,1,0,0,1,0,1,0,0,0,0
2349,Movie 2349 (2024),Comedy|Crime|Horror,110000000,174,2008,0,2.5,21,2350000,0,0,0,0,0,1,1,0,0,0,1,0,0
2350,Movie 2350 (2024),Fantasy|Crime|Children,37000000,159,2011,1,5.7,139,4710000,1,0,0,0,1,0,1,0,0,1,0,0,0
2351,Movie 2351 (2024),Children|Crime|Horror,197000000,142,2020,0,2.7,99,4650000,0,0,0,0,1,0,1,0,0,0,1,0,0
2352,Movie 2352 (2024),Children,99000000,178,2008,0,5.3,107,1500000,0,0,0,0,1,0,0,0,0,0,0,0,0
2353,Movie 2353 (2024),Adventure,56000000,96,2023,0,6.7,387,1580000,1,0,1,0,0,0,0,0,0,0,0,0,0
2354,Movie 2354 (2024),Children|Horror|Documentary,56000000,155,1995,0,4.0,122,4420000,1,0,0,0,1,0,0,1,0,0,1,0,0
2355,Movie 2355 (2024),Adventure|Animation|Sci-Fi,146000000,135,1993,0,6.1,360,4660000,0,0,1,1,0,0,0,0,0,0,0,1,0
2356,Movie 2356 (2024),Action|Documentary|Crime,109000000,142,1993,0,5.7,462,4580000,0,1,0,0,0,0,1,1,0,0,0,0,0
2357,Movie 2357 (2024),Comedy|Thriller|Crime,82000000,132,2002,0,2.7,11,4970000,1,0,0,0,0,1,1,0,0,0,0,0,1
2358,Movie 2358 (2024),Thriller|Horror|Fantasy,6000000,90,2024,0,4.2,304,1490000,1,0,0,0,0,0,0,0,0,1,1,0,1
2359,Movie 2359 (2024),Horror|Crime|Thriller,48000000,139,1991,1,9.0,449,3440000,1,0,0,0,0,0,1,0,0,0,1,0,1
2360,Movie 2360 (2024),Fantasy,6000000,177,2015,0,2.5,364,4230000,0,0,0,0,0,0,0,0,0,1,0,0,0
2361,Movie 2361 (2024),Thriller|Adventure|Fantasy,132000000,124,2004,0,6.8,228,2440000,1,0,1,0,0,0,0,0,0,1,0,0,1
2362,Movie 2362 (2024),Comedy|Crime|Drama,46000000,144,2009,1,5.3,142,540000,0,0,0,0,0,1,1,0,1,0,0,0,0
2363,Movie 2363 (2024),Sci-Fi,114000000,80,2020,0,3.7,127,3530000,0,0,0,0,0,0,0,0,0,0,0,1,0
2364,Movie 2364 (2024),Documentary|Crime|Horror,1000000,144,2023,0,4.3,222,1710000,0,0,0,0,0,0,1,1,0,0,1,0,0
2365,Movie 2365 (2024),Fantasy|Sci-Fi|Children,55000000,136,2017,0,9.3,140,3150000,1,0,0,0,1,0,0,0,0,1,0,1,0
2366,Movie 2366 (2024),Crime,20000000,122,1997,0,5.6,40,2950000,0,0,0,0,0,0,1,0,0,0,0,0,0
2367,Movie 2367 (2024),Crime|Drama|Children,70000000,93,2019,0,3.1,480,1290000,0,0,0,0,1,0,1,0,1,0,0,0,0
2368,Movie 2368 (2024),Fantasy|Sci-Fi,47000000,152,2013,0,4.1,176,3770000,0,0,0,0,0,0,0,0,0,1,0,1,0
2369,Movie 2369 (2024),Action|Sci-Fi,132000000,101,2009,1,5.0,251,3170000,0,1,0,0,0,0,0,0,0,0,0,1,0
2370,Movie 2370 (2024),Sci-Fi|Documentary|Crime,176000000,157,2014,0,7.6,335,2150000,0,0,0,0,0,0,1,1,0,0,0,1,0
2371,Movie 2371 (2024),Children,6000000,123,1992,0,8.6,132,2900000,1,0,0,0,1,0,0,0,0,0,0,0,0
2372,Movie 2372 (2024),Adventure,10000000,120,2022,0,9.0,169,2520000,0,0,1,0,0,0,0,0,0,0,0,0,0
2373,Movie 2373 (2024),Drama,39000000,172,2014,0,5.8,80,1690000,0,0,0,0,0,0,0,0,1,0,0,0,0
2374,Movie 2374 (2024),Thriller|Documentary|Comedy,145000000,141,1996,0,2.3,33,4130000,0,0,0,0,0,1,0,1,0,0,0,0,1
2375,Movie 2375 (2024),Drama,7000000,85,1996,1,4.4,320,4250000,0,0,0,0,0,0,0,0,1,0,0,0,0
2376,Movie 2376 (2024),Crime|Animation,49000000,89,1992,0,4.4,90,4020000,1,0,0,1,0,0,1,0,0,0,0,0,0
2377,Movie 2377 (2024),Children,197000000,106,2021,0,6.0,199,3610000,0,0,0,0,1,0,0,0,0,0,0,0,0
2378,Movie 2378 (2024),Comedy|Sci-Fi,62000000,119,1999,0,7.7,321,4510000,0,0,0,0,0,1,0,0,0,0,0,1,0
2379,Movie 2379 (2024),Fantasy|Crime,4000000,172,2024,0,4.2,61,2820000,1,0,0,0,0,0,1,0,0,1,0,0,0
2380,Movie 2380 (2024),Crime|Documentary|Fantasy,120000000,160,2023,0,4.0,97,1390000,1,0,0,0,0,0,1,1,0,1,0,0,0
2381,Movie 2381 (2024),Crime|Fantasy,49000000,115,2018,0,7.1,316,2120000,1,0,0,0,0,0,1,0,0,1,0,0,0
2382,Movie 2382 (2024),Crime|Documentary|Fantasy,137000000,92,2003,0,9.3,280,740000,0,0,0,0,0,0,1,1,0,1,0,0,0
2383,Movie 2383 (2024),Animation|Horror|Adventure,152000000,166,2019,1,8.3,427,1140000,0,0,1,1,0,0,0,0,0,0,1,0,0
2384,Movie 2384 (2024),Drama,3000000,116,2024,0,8.3,342,3340000,1,0,0,0,0,0,0,0,1,0,0,0,0
2385,Movie 2385 (2024),Drama|Horror|Sci-Fi,40000000,156,1995,1,4.6,301,3790000,0,0,0,0,0,0,0,0,1,0,1,1,0
2386,Movie 2386 (2024),Animation|Horror|Drama,67000000,99,2004,0,8.6,455,2650000,0,0,0,1,0,0,0,0,1,0,1,0,0
2387,Movie 2387 (2024),Documentary|Thriller|Action,27000000,101,2009,0,3.3,91,1960000,1,1,0,0,0,0,0,1,0,0,0,0,1
2388,Movie 2388 (2024),Documentary|Adventure|Horror,20000000,172,2019,0,8.8,107,4120000,0,0,1,0,0,0,0,1,0,0,1,0,0
2389,Movie 2389 (2024),Fantasy,88000000,170,2013,0,9.6,10,2250000,0,0,0,0,0,0,0,0,0,1,0,0,0
2390,Movie 2390 (2024),Drama,109000000,156,2006,0,9.0,492,2050000,0,0,0,0,0,0,0,0,1,0,0,0,0
2391,Movie 2391 (2024),Documentary,136000000,174,2000,0,2.4,287,1800000,1,0,0,0,0,0,0,1,0,0,0,0,0
2392,Movie 2392 (2024),Horror|Sci-Fi,67000000,148,2015,0,7.6,303,660000,0,0,0,0,0,0,0,0,0,0,1,1,0
2393,Movie 2393 (2024),Children,137000000,102,2002,0,4.3,148,2420000,1,0,0,0,1,0,0,0,0,0,0,0,0
2394,Movie 2394 (2024),Sci-Fi,108000000,94,2015,0,2.9,294,2360000,0,0,0,0,0,0,0,0,0,0,0,1,0
2395,Movie 2395 (2024),Fantasy|Crime,55000000,106,1996,0,7.9,90,2680000,1,0,0,0,0,0,1,0,0,1,0,0,0
2396,Movie 2396 (2024),Crime|Thriller|Action,2000000,142,2010,0,7.6,441,1390000,0,1,0,0,0,0,1,0,0,0,0,0,1
2397,Movie 2397 (2024),Adventure|Sci-Fi|Documentary,50000000,162,2002,0,5.5,276,3590000,0,0,1,0,0,0,0,1,0,0,0,1,0
2398,Movie 2398 (2024),Sci-Fi|Adventure|Children,192000000,118,2009,0,5.4,390,2780000,1,0,1,0,1,0,0,0,0,0,0,1,0
2399,Movie 2399 (2024),Adventure|Drama,29000000,178,2000,0,9.9,397,3160000,0,0,1,0,0,0,0,0,1,0,0,0,0
2400,Movie 2400 (2024),Thriller|Drama,134000000,136,2020,0,6.2,98,1600000,1,0,0,0,0,0,0,0,1,0,0,0,1
2401,Movie 2401 (2024),Crime|Documentary,138000000,146,2022,0,6.5,192,3230000,0,0,0,0,0,0,1,1,0,0,0,0,0
2402,Movie 2402 (2024),Animation|Documentary,124000000,148,2020,0,6.2,368,4340000,0,0,0,1,0,0,0,1,0,0,0,0,0
2403,Movie 2403 (2024),Fantasy|Children|Sci-Fi,49000000,168,1991,0,6.2,373,1040000,1,0,0,0,1,0,0,0,0,1,0,1,0
2404,Movie 2404 (2024),Animation|Fantasy,130000000,131,2023,1,5.6,200,1140000,1,0,0,1,0,0,0,0,0,1,0,0,0
2405,Movie 2405 (2024),Adventure|Documentary,148000000,92,1993,0,6.5,343,3990000,1,0,1,0,0,0,0,1,0,0,0,0,0
2406,Movie 2406 (2024),Animation|Children|Adventure,135000000,147,2014,1,6.8,483,4940000,1,0,1,1,1,0,0,0,0,0,0,0,0
2407,Movie 2407 (2024),Children,81000000,137,2012,0,7.3,351,2650000,0,0,0,0,1,0,0,0,0,0,0,0,0
2408,Movie 2408 (2024),Animation|Sci-Fi|Thriller,167000000,112,2004,0,8.3,294,1730000,1,0,0,1,0,0,0,0,0,0,0,1,1
2409,Movie 2409 (2024),Horror,97000000,146,1994,0,5.1,166,980000,1,0,0,0,0,0,0,0,0,0,1,0,0
2410,Movie 2410 (2024),Crime|Horror|Children,3000000,141,1990,0,6.9,430,2730000,0,0,0,0,1,0,1,0,0,0,1,0,0
2411,Movie 2411 (2024),Thriller,120000000,95,1992,0,4.5,393,1930000,1,0,0,0,0,0,0,0,0,0,0,0,1
2412,Movie 2412 (2024),Comedy,105000000,167,1992,1,4.2,49,1890000,0,0,0,0,0,1,0,0,0,0,0,0,0
2413,Movie 2413 (2024),Crime|Horror,17000000,174,2007,0,2.8,117,3460000,0,0,0,0,0,0,1,0,0,0,1,0,0
2414,Movie 2414 (2024),Horror|Adventure,192000000,115,1995,0,3.9,100,1680000,0,0,1,0,0,0,0,0,0,0,1,0,0
2415,Movie 2415 (2024),Sci-Fi|Comedy|Fantasy,129000000,119,2009,0,3.0,64,1740000,0,0,0,0,0,1,0,0,0,1,0,1,0
2416,Movie 2416 (2024),Comedy,130000000,168,2015,0,9.2,416,3780000,0,0,0,0,0,1,0,0,0,0,0,0,0
2417,Movie 2417 (2024),Sci-Fi|Comedy|Crime,58000000,147,2023,1,4.8,16,3770000,1,0,0,0,0,1,1,0,0,0,0,1,0
2418,Movie 2418 (2024),Children|Adventure|Fantasy,55000000,95,1991,1,9.0,432,1470000,0,0,1,0,1,0,0,0,0,1,0,0,0
2419,Movie 2419 (2024),Drama|Children|Fantasy,96000000,137,2003,0,2.6,485,4860000,1,0,0,0,1,0,0,0,1,1,0,0,0
2420,Movie 2420 (2024),Documentary|Children,163000000,147,2016,0,8.2,408,790000,0,0,0,0,1,0,0,1,0,0,0,0,0
2421,Movie 2421 (2024),Sci-Fi|Fantasy,163000000,155,1997,0,7.6,477,3060000,0,0,0,0,0,0,0,0,0,1,0,1,0
2422,Movie 2422 (2024),Documentary|Comedy,164000000,87,2003,1,8.7,457,2530000,0,0,0,0,0,1,0,1,0,0,0,0,0
2423,Movie 2423 (2024),Animation|Crime,10000000,158,2024,0,6.8,136,3630000,0,0,0,1,0,0,1,0,0,0,0,0,0
2424,Movie 2424 (2024),Action|Crime,68000000,171,2012,0,2.8,470,4890000,1,1,0,0,0,0,1,0,0,0,0,0,0
2425,Movie 2425 (2024),Drama,7000000,138,2023,0,7.5,464,2080000,0,0,0,0,0,0,0,0,1,0,0,0,0
2426,Movie 2426 (2024),Crime|Fantasy|Sci-Fi,74000000,90,2017,0,9.4,420,2700000,0,0,0,0,0,0,1,0,0,1,0,1,0
2427,Movie 2427 (2024),Sci-Fi|Thriller,74000000,82,2017,0,7.0,114,2050000,1,0,0,0,0,0,0,0,0,0,0,1,1
2428,Movie 2428 (2024),Adventure|Children,2000000,135,1990,0,7.9,142,1660000,0,0,1,0,1,0,0,0,0,0,0,0,0
2429,Movie 2429 (2024),Sci-Fi,78000000,129,1992,0,2.4,200,640000,0,0,0,0,0,0,0,0,0,0,0,1,0
2430,Movie 2430 (2024),Documentary|Children|Animation,103000000,150,1990,0,3.6,33,870000,0,0,0,1,1,0,0,1,0,0,0,0,0
2431,Movie 2431 (2024),Action|Horror,60000000,152,2023,0,9.5,24,4440000,1,1,0,0,0,0,0,0,0,0,1,0,0
2432,Movie 2432 (2024),Adventure,113000000,141,2000,0,9.9,18,3360000,1,0,1,0,0,0,0,0,0,0,0,0,0
2433,Movie 2433 (2024),Fantasy|Crime,81000000,151,1995,0,6.1,246,3980000,1,0,0,0,0,0,1,0,0,1,0,0,0
2434,Movie 2434 (2024),Crime|Animation|Drama,20000000,168,2013,0,4.2,386,2520000,0,0,0,1,0,0,1,0,1,0,0,0,0
2435,Movie 2435 (2024),Sci-Fi|Action,160000000,106,2018,0,6.1,364,630000,1,1,0,0,0,0,0,0,0,0,0,1,0
2436,Movie 2436 (2024),Documentary|Adventure|Drama,133000000,106,2020,0,4.5,95,4600000,0,0,1,0,0,0,0,1,1,0,0,0,0
2437,Movie 2437 (2024),Fantasy|Comedy|Adventure,100000000,174,1999,0,2.4,17,1690000,0,0,1,0,0,1,0,0,0,1,0,0,0
2438,Movie 2438 (2024),Fantasy|Thriller,68000000,89,1997,1,9.1,495,2360000,1,0,0,0,0,0,0,0,0,1,0,0,1
2439,Movie 2439 (2024),Animation,128000000,157,1991,0,8.7,255,4740000,1,0,0,1,0,0,0,0,0,0,0,0,0
2440,Movie 2440 (2024),Animation|Fantasy|Documentary,173000000,179,2016,1,7.0,331,2660000,0,0,0,1,0,0,0,1,0,1,0,0,0
2441,Movie 2441 (2024),Crime,74000000,99,1999,0,8.0,399,860000,0,0,0,0,0,0,1,0,0,0,0,0,0
2442,Movie 2442 (2024),Drama|Children,71000000,118,2001,0,7.1,349,4380000,1,0,0,0,1,0,0,0,1,0,0,0,0
2443,Movie 2443 (2024),Crime|Sci-Fi|Action,168000000,159,2014,1,8.7,491,610000,1,1,0,0,0,0,1,0,0,0,0,1,0
2444,Movie 2444 (2024),Sci-Fi|Animation,10000000,110,2018,0,6.9,49,1330000,1,0,0,1,0,0,0,0,0,0,0,1,0
2445,Movie 2445 (2024),Adventure|Action|Comedy,30000000,139,2011,0,4.7,196,2750000,1,1,1,0,0,1,0,0,0,0,0,0,0
2446,Movie 2446 (2024),Action|Comedy,4000000,134,2022,0,6.1,137,4750000,0,1,0,0,0,1,0,0,0,0,0,0,0
2447,Movie 2447 (2024),Animation,190000000,148,1996,0,7.4,379,1860000,0,0,0,1,0,0,0,0,0,0,0,0,0
2448,Movie 2448 (2024),Thriller,170000000,100,2006,0,6.1,452,3960000,1,0,0,0,0,0,0,0,0,0,0,0,1
2449,Movie 2449 (2024),Animation|Fantasy,193000000,161,2013,1,4.1,308,2810000,0,0,0,1,0,0,0,0,0,1,0,0,0
2450,Movie 2450 (2024),Horror|Thriller|Adventure,16000000,176,2007,0,2.3,3,2310000,1,0,1,0,0,0,0,0,0,0,1,0,1
2451,Movie 2451 (2024),Crime|Horror,148000000,155,1999,0,7.0,69,2030000,1,0,0,0,0,0,1,0,0,0,1,0,0
2452,Movie 2452 (2024),Drama|Fantasy|Adventure,185000000,171,2021,0,8.5,339,3140000,1,0,1,0,0,0,0,0,1,1,0,0,0
2453,Movie 2453 (2024),Animation|Crime,130000000,119,1993,0,8.1,59,690000,1,0,0,1,0,0,1,0,0,0,0,0,0
2454,Movie 2454 (2024),Horror|Drama,188000000,156,1992,0,3.8,284,3590000,0,0,0,0,0,0,0,0,1,0,1,0,0
2455,Movie 2455 (2024),Documentary|Thriller|Drama,17000000,87,2003,1,8.8,75,3070000,1,0,0,0,0,0,0,1,1,0,0,0,1
2456,Movie 2456 (2024),Sci-Fi|Children,155000000,159,2019,0,9.9,398,970000,0,0,0,0,1,0,0,0,0,0,0,1,0
2457,Movie 2457 (2024),Action,47000000,118,2007,0,3.9,398,2150000,1,1,0,0,0,0,0,0,0,0,0,0,0
2458,Movie 2458 (2024),Sci-Fi|Thriller,60000000,141,2022,0,6.2,271,1920000,1,0,0,0,0,0,0,0,0,0,0,1,1
2459,Movie 2459 (2024),Adventure|Crime|Comedy,98000000,158,2003,0,4.6,95,3790000,1,0,1,0,0,1,1,0,0,0,0,0,0
2460,Movie 2460 (2024),Children|Horror|Animation,60000000,98,2007,1,8.8,398,1630000,0,0,0,1,1,0,0,0,0,0,1,0,0
2461,Movie 2461 (2024),Crime,103000000,121,2010,0,9.3,391,2580000,0,0,0,0,0,0,1,0,0,0,0,0,0
2462,Movie 2462 (2024),Horror|Action|Fantasy,137000000,89,2017,0,8.9,439,3620000,0,1,0,0,0,0,0,0,0,1,1,0,0
2463,Movie 2463 (2024),Horror|Sci-Fi|Comedy,65000000,104,2005,1,9.6,24,3700000,0,0,0,0,0,1,0,0,0,0,1,1,0
2464,Movie 2464 (2024),Action,183000000,113,1993,1,4.1,379,3680000,1,1,0,0,0,0,0,0,0,0,0,0,0
2465,Movie 2465 (2024),Animation|Children,142000000,167,2023,0,5.4,77,1400000,1,0,0,1,1,0,0,0,0,0,0,0,0
2466,Movie 2466 (2024),Fantasy|Drama|Adventure,87000000,120,2007,0,7.4,51,2580000,1,0,1,0,0,0,0,0,1,1,0,0,0
2467,Movie 2467 (2024),Thriller|Adventure,45000000,116,1990,0,5.3,470,2440000,0,0,1,0,0,0,0,0,0,0,0,0,1
2468,Movie 2468 (2024),Sci-Fi|Horror,24000000,171,1997,0,8.1,114,2300000,0,0,0,0,0,0,0,0,0,0,1,1,0
2469,Movie 2469 (2024),Thriller|Sci-Fi|Animation,22000000,173,2012,0,7.1,379,3580000,0,0,0,1,0,0,0,0,0,0,0,1,1
2470,Movie 2470 (2024),Comedy,141000000,98,2008,0,5.9,383,2730000,0,0,0,0,0,1,0,0,0,0,0,0,0
2471,Movie 2471 (2024),Documentary|Sci-Fi,179000000,118,1993,0,9.5,278,2970000,0,0,0,0,0,0,0,1,0,0,0,1,0
2472,Movie 2472 (2024),Sci-Fi,8000000,167,1991,0,7.5,450,1410000,0,0,0,0,0,0,0,0,0,0,0,1,0
2473,Movie 2473 (2024),Sci-Fi|Adventure,41000000,177,2018,0,5.8,180,3350000,1,0,1,0,0,0,0,0,0,0,0,1,0
2474,Movie 2474 (2024),Children,164000000,118,2001,0,7.1,405,4770000,1,0,0,0,1,0,0,0,0,0,0,0,0
2475,Movie 2475 (2024),Fantasy,28000000,116,2003,1,5.6,257,4510000,0,0,0,0,0,0,0,0,0,1,0,0,0
2476,Movie 2476 (2024),Documentary|Sci-Fi,185000000,149,1998,0,4.0,228,4850000,0,0,0,0,0,0,0,1,0,0,0,1,0
2477,Movie 2477 (2024),Comedy,19000000,124,1999,0,6.4,386,1530000,1,0,0,0,0,1,0,0,0,0,0,0,0
2478,Movie 2478 (2024),Crime,140000000,109,2015,0,3.6,173,4430000,1,0,0,0,0,0,1,0,0,0,0,0,0
2479,Movie 2479 (2024),Action|Documentary|Comedy,16000000,128,2018,0,8.1,210,1750000,0,1,0,0,0,1,0,1,0,0,0,0,0
2480,Movie 2480 (2024),Sci-Fi|Comedy|Fantasy,151000000,82,2008,0,8.8,148,2160000,0,0,0,0,0,1,0,0,0,1,0,1,0
2481,Movie 2481 (2024),Documentary,138000000,175,2009,0,9.3,258,4210000,0,0,0,0,0,0,0,1,0,0,0,0,0
2482,Movie 2482 (2024),Crime|Fantasy|Sci-Fi,93000000,94,2000,0,6.9,423,580000,1,0,0,0,0,0,1,0,0,1,0,1,0
2483,Movie 2483 (2024),Action|Fantasy,28000000,105,1999,0,6.0,479,2170000,0,1,0,0,0,0,0,0,0,1,0,0,0
2484,Movie 2484 (2024),Sci-Fi,15000000,164,2009,0,8.7,57,2000000,1,0,0,0,0,0,0,0,0,0,0,1,0
2485,Movie 2485 (2024),Adventure|Documentary,45000000,83,2009,0,5.6,417,1070000,1,0,1,0,0,0,0,1,0,0,0,0,0
2486,Movie 2486 (2024),Sci-Fi|Documentary|Animation,22000000,97,2019,1,2.8,55,1540000,0,0,0,1,0,0,0,1,0,0,0,1,0
2487,Movie 2487 (2024),Crime|Animation|Documentary,124000000,144,2022,0,9.8,331,4330000,1,0,0,1,0,0,1,1,0,0,0,0,0
2488,Movie 2488 (2024),Crime,143000000,112,1999,0,5.4,202,4440000,0,0,0,0,0,0,1,0,0,0,0,0,0
2489,Movie 2489 (2024),Thriller,186000000,85,2014,0,8.5,100,1960000,1,0,0,0,0,0,0,0,0,0,0,0,1
2490,Movie 2490 (2024),Documentary,64000000,149,2023,1,9.3,265,3490000,0,0,0,0,0,0,0,1,0,0,0,0,0
2491,Movie 2491 (2024),Drama,182000000,117,2024,0,9.8,277,4680000,1,0,0,0,0,0,0,0,1,0,0,0,0
2492,Movie 2492 (2024),Comedy|Drama,153000000,91,2003,0,6.7,335,2460000,1,0,0,0,0,1,0,0,1,0,0,0,0
2493,Movie 2493 (2024),Horror,181000000,102,2016,0,7.7,48,3260000,1,0,0,0,0,0,0,0,0,0,1,0,0
2494,Movie 2494 (2024),Horror,47000000,117,2017,0,2.7,232,2120000,1,0,0,0,0,0,0,0,0,0,1,0,0
2495,Movie 2495 (2024),Fantasy|Sci-Fi,14000000,173,1994,0,6.4,227,2820000,1,0,0,0,0,0,0,0,0,1,0,1,0
2496,Movie 2496 (2024),Crime|Sci-Fi,78000000,168,2015,0,6.7,233,2460000,1,0,0,0,0,0,1,0,0,0,0,1,0
2497,Movie 2497 (2024),Children|Animation|Action,186000000,111,2007,0,7.6,452,2840000,0,1,0,1,1,0,0,0,0,0,0,0,0
2498,Movie 2498 (2024),Thriller|Horror|Drama,36000000,85,2019,0,7.6,394,3120000,1,0,0,0,0,0,0,0,1,0,1,0,1
2499,Movie 2499 (2024),Documentary|Thriller,28000000,138,1990,0,8.2,167,1920000,0,0,0,0,0,0,0,1,0,0,0,0,1
2500,Movie 2500 (2024),Crime|Adventure,129000000,141,2012,0,6.2,438,3970000,1,0,1,0,0,0,1,0,0,0,0,0,0
2501,Movie 2501 (2024),Animation|Fantasy|Action,92000000,112,2008,0,9.9,258,4160000,0,1,0,1,0,0,0,0,0,1,0,0,0
2502,Movie 2502 (2024),Sci-Fi,163000000,168,1990,0,5.6,409,1610000,0,0,0,0,0,0,0,0,0,0,0,1,0
2503,Movie 2503 (2024),Children|Crime|Comedy,159000000,99,2010,0,3.1,357,540000,1,0,0,0,1,1,1,0,0,0,0,0,0
2504,Movie 2504 (2024),Adventure|Crime,199000000,144,2014,0,3.8,473,4820000,0,0,1,0,0,0,1,0,0,0,0,0,0
2505,Movie 2505 (2024),Comedy|Adventure|Documentary,54000000,173,2004,0,2.3,90,3060000,0,0,1,0,0,1,0,1,0,0,0,0,0
2506,Movie 2506 (2024),Children,96000000,157,2017,0,5.5,138,2870000,0,0,0,0,1,0,0,0,0,0,0,0,0
2507,Movie 2507 (2024),Fantasy,34000000,121,2003,0,9.2,18,1890000,0,0,0,0,0,0,0,0,0,1,0,0,0
2508,Movie 2508 (2024),Animation|Sci-Fi|Drama,58000000,117,2018,0,8.9,338,4660000,0,0,0,1,0,0,0,0,1,0,0,1,0
2509,Movie 2509 (2024),Crime|Drama|Adventure,34000000,83,2019,0,6.8,396,3910000,1,0,1,0,0,0,1,0,1,0,0,0,0
2510,Movie 2510 (2024),Fantasy|Crime,25000000,109,2012,0,3.0,262,1000000,0,0,0,0,0,0,1,0,0,1,0,0,0
2511,Movie 2511 (2024),Children,100000000,139,2018,1,5.4,189,4600000,0,0,0,0,1,0,0,0,0,0,0,0,0
2512,Movie 2512 (2024),Animation,8000000,128,1997,0,6.4,415,4190000,1,0,0,1,0,0,0,0,0,0,0,0,0
2513,Movie 2513 (2024),Action|Fantasy,43000000,172,2010,1,6.1,171,2480000,1,1,0,0,0,0,0,0,0,1,0,0,0
2514,Movie 2514 (2024),Crime|Horror|Fantasy,16000000,166,1997,0,9.8,141,2160000,0,0,0,0,0,0,1,0,0,1,1,0,0
2515,Movie 2515 (2024),Documentary|Sci-Fi|Horror,3000000,113,1993,0,5.6,194,4150000,1,0,0,0,0,0,0,1,0,0,1,1,0
2516,Movie 2516 (2024),Sci-Fi|Thriller|Horror,82000000,172,1991,1,6.0,264,1320000,0,0,0,0,0,0,0,0,0,0,1,1,1
2517,Movie 2517 (2024),Comedy,198000000,132,2014,0,6.4,467,1900000,1,0,0,0,0,1,0,0,0,0,0,0,0
2518,Movie 2518 (2024),Documentary|Comedy,195000000,161,1998,0,8.3,296,2540000,0,0,0,0,0,1,0,1,0,0,0,0,0
2519,Movie 2519 (2024),Documentary,11000000,119,2024,0,3.3,142,4730000,0,0,0,0,0,0,0,1,0,0,0,0,0
2520,Movie 2520 (2024),Comedy|Documentary,40000000,95,2019,0,9.8,9,3680000,0,0,0,0,0,1,0,1,0,0,0,0,0
2521,Movie 2521 (2024),Action|Animation,74000000,126,2021,0,7.4,352,1990000,1,1,0,1,0,0,0,0,0,0,0,0,0
2522,Movie 2522 (2024),Drama,89000000,143,2015,0,3.8,265,3470000,1,0,0,0,0,0,0,0,1,0,0,0,0
2523,Movie 2523 (2024),Crime|Comedy|Horror,53000000,129,2023,0,10.0,494,3670000,1,0,0,0,0,1,1,0,0,0,1,0,0
2524,Movie 2524 (2024),Drama,149000000,138,2019,0,8.6,360,2000000,0,0,0,0,0,0,0,0,1,0,0,0,0
2525,Movie 2525 (2024),Children|Fantasy|Crime,148000000,93,2008,0,7.3,4,3880000,1,0,0,0,1,0,1,0,0,1,0,0,0
2526,Movie 2526 (2024),Drama,143000000,142,2017,0,3.4,204,3980000,1,0,0,0,0,0,0,0,1,0,0,0,0
2527,Movie 2527 (2024),Drama|Documentary,66000000,124,2013,0,8.2,401,2320000,1,0,0,0,0,0,0,1,1,0,0,0,0
2528,Movie 2528 (2024),Comedy|Sci-Fi,20000000,95,2001,0,6.0,286,1230000,0,0,0,0,0,1,0,0,0,0,0,1,0
2529,Movie 2529 (2024),Horror|Children,74000000,104,2004,0,5.6,288,2050000,1,0,0,0,1,0,0,0,0,0,1,0,0
2530,Movie 2530 (2024),Horror|Animation|Comedy,155000000,134,2006,0,2.3,369,4150000,0,0,0,1,0,1,0,0,0,0,1,0,0
2531,Movie 2531 (2024),Drama,124000000,123,1994,0,3.1,30,580000,0,0,0,0,0,0,0,0,1,0,0,0,0
2532,Movie 2532 (2024),Drama,15000000,146,1993,1,2.4,118,1370000,1,0,0,0,0,0,0,0,1,0,0,0,0
2533,Movie 2533 (2024),Action,107000000,112,2004,0,2.1,378,600000,0,1,0,0,0,0,0,0,0,0,0,0,0
2534,Movie 2534 (2024),Thriller,1000000,170,1992,0,8.5,349,1430000,0,0,0,0,0,0,0,0,0,0,0,0,1
2535,Movie 2535 (2024),Animation|Action|Documentary,161000000,113,1997,0,6.7,310,3820000,1,1,0,1,0,0,0,1,0,0,0,0,0
2536,Movie 2536 (2024),Crime|Drama|Action,140000000,172,1995,0,9.4,476,3230000,0,1,0,0,0,0,1,0,1,0,0,0,0
2537,Movie 2537 (2024),Fantasy,92000000,94,2015,0,7.5,233,1860000,0,0,0,0,0,0,0,0,0,1,0,0,0
2538,Movie 2538 (2024),Action,115000000,112,1994,1,3.5,299,1570000,0,1,0,0,0,0,0,0,0,0,0,0,0
2539,Movie 2539 (2024),Sci-Fi|Comedy|Adventure,186000000,114,2001,0,7.4,478,1080000,0,0,1,0,0,1,0,0,0,0,0,1,0
2540,Movie 2540 (2024),Children,88000000,85,1991,1,6.4,476,1100000,1,0,0,0,1,0,0,0,0,0,0,0,0
2541,Movie 2541 (2024),Comedy|Children,186000000,155,2012,0,5.3,179,2200000,0,0,0,0,1,1,0,0,0,0,0,0,0
2542,Movie 2542 (2024),Horror,176000000,144,2013,1,8.7,450,890000,0,0,0,0,0,0,0,0,0,0,1,0,0
2543,Movie 2543 (2024),Action,145000000,110,2003,0,6.2,311,3790000,0,1,0,0,0,0,0,0,0,0,0,0,0
2544,Movie 2544 (2024),Sci-Fi,128000000,121,2017,0,7.2,204,2360000,0,0,0,0,0,0,0,0,0,0,0,1,0
2545,Movie 2545 (2024),Crime|Horror,5000000,133,2004,0,3.1,112,2870000,0,0,0,0,0,0,1,0,0,0,1,0,0
2546,Movie 2546 (2024),Children|Fantasy,109000000,155,1995,0,2.5,382,2550000,0,0,0,0,1,0,0,0,0,1,0,0,0
2547,Movie 2547 (2024),Adventure,190000000,175,1995,0,6.6,33,4590000,1,0,1,0,0,0,0,0,0,0,0,0,0
2548,Movie 2548 (2024),Adventure,129000000,105,1999,0,9.8,28,3520000,0,0,1,0,0,0,0,0,0,0,0,0,0
2549,Movie 2549 (2024),Comedy,110000000,119,1997,0,7.1,358,4200000,1,0,0,0,0,1,0,0,0,0,0,0,0
2550,Movie 2550 (2024),Drama|Thriller,20000000,101,1998,0,9.8,11,4430000,1,0,0,0,0,0,0,0,1,0,0,0,1
2551,Movie 2551 (2024),Thriller|Fantasy|Horror,165000000,152,2016,0,7.1,178,1900000,0,0,0,0,0,0,0,0,0,1,1,0,1
2552,Movie 2552 (2024),Horror|Thriller,12000000,137,2011,0,7.6,353,2970000,1,0,0,0,0,0,0,0,0,0,1,0,1
2553,Movie 2553 (2024),Horror|Crime|Adventure,64000000,129,2000,1,3.6,266,1420000,0,0,1,0,0,0,1,0,0,0,1,0,0
2554,Movie 2554 (2024),Fantasy|Action,32000000,175,2000,0,6.3,27,2380000,0,1,0,0,0,0,0,0,0,1,0,0,0
2555,Movie 2555 (2024),Comedy|Crime|Fantasy,30000000,122,2003,0,9.7,384,4910000,0,0,0,0,0,1,1,0,0,1,0,0,0
2556,Movie 2556 (2024),Thriller|Action|Animation,152000000,132,2013,1,5.5,249,4990000,0,1,0,1,0,0,0,0,0,0,0,0,1
2557,Movie 2557 (2024),Adventure,177000000,93,2013,0,6.9,141,3220000,1,0,1,0,0,0,0,0,0,0,0,0,0
2558,Movie 2558 (2024),Thriller|Horror|Crime,113000000,110,1991,0,8.1,447,3800000,0,0,0,0,0,0,1,0,0,0,1,0,1
2559,Movie 2559 (2024),Animation,40000000,178,2020,0,3.3,149,2650000,1,0,0,1,0,0,0,0,0,0,0,0,0
2560,Movie 2560 (2024),Animation,138000000,174,1999,0,2.8,142,1040000,1,0,0,1,0,0,0,0,0,0,0,0,0
2561,Movie 2561 (2024),Fantasy,7000000,120,2008,0,9.2,136,2230000,1,0,0,0,0,0,0,0,0,1,0,0,0
2562,Movie 2562 (2024),Thriller|Action|Crime,178000000,155,1992,0,3.2,42,1290000,1,1,0,0,0,0,1,0,0,0,0,0,1
2563,Movie 2563 (2024),Horror|Comedy,195000000,101,1997,0,5.0,460,2380000,0,0,0,0,0,1,0,0,0,0,1,0,0
2564,Movie 2564 (2024),Fantasy,168000000,151,2012,0,5.5,202,1330000,0,0,0,0,0,0,0,0,0,1,0,0,0
2565,Movie 2565 (2024),Sci-Fi|Animation,181000000,160,2013,1,8.7,205,1440000,0,0,0,1,0,0,0,0,0,0,0,1,0
2566,Movie 2566 (2024),Thriller|Action|Children,177000000,170,1999,1,5.3,483,3770000,1,1,0,0,1,0,0,0,0,0,0,0,1
2567,Movie 2567 (2024),Comedy,96000000,121,1996,0,6.5,33,3070000,1,0,0,0,0,1,0,0,0,0,0,0,0
2568,Movie 2568 (2024),Horror|Children|Documentary,67000000,167,2009,0,4.4,459,4450000,0,0,0,0,1,0,0,1,0,0,1,0,0
2569,Movie 2569 (2024),Drama|Adventure|Thriller,52000000,161,2001,0,3.8,383,4810000,0,0,1,0,0,0,0,0,1,0,0,0,1
2570,Movie 2570 (2024),Fantasy|Documentary,181000000,171,2001,0,7.6,385,4750000,1,0,0,0,0,0,0,1,0,1,0,0,0
2571,Movie 2571 (2024),Drama|Adventure|Documentary,57000000,137,1997,1,6.2,304,2860000,0,0,1,0,0,0,0,1,1,0,0,0,0
2572,Movie 2572 (2024),Thriller,54000000,169,1994,0,2.2,255,3880000,1,0,0,0,0,0,0,0,0,0,0,0,1
2573,Movie 2573 (2024),Comedy|Animation,35000000,129,2002,1,3.8,357,1380000,0,0,0,1,0,1,0,0,0,0,0,0,0
2574,Movie 2574 (2024),Action,109000000,173,2001,0,5.8,453,900000,1,1,0,0,0,0,0,0,0,0,0,0,0
2575,Movie 2575 (2024),Drama|Action,24000000,138,1991,0,9.9,354,3900000,0,1,0,0,0,0,0,0,1,0,0,0,0
2576,Movie 2576 (2024),Fantasy,160000000,129,2014,1,9.5,458,750000,1,0,0,0,0,0,0,0,0,1,0,0,0
2577,Movie 2577 (2024),Drama,67000000,116,2001,0,3.2,41,1910000,0,0,0,0,0,0,0,0,1,0,0,0,0
2578,Movie 2578 (2024),Action|Sci-Fi|Horror,4000000,133,1999,0,2.2,182,1050000,0,1,0,0,0,0,0,0,0,0,1,1,0
2579,Movie 2579 (2024),Action|Animation,171000000,108,2017,0,3.9,361,3650000,1,1,0,1,0,0,0,0,0,0,0,0,0
2580,Movie 2580 (2024),Sci-Fi|Animation|Documentary,155000000,120,1992,0,9.3,155,1450000,1,0,0,1,0,0,0,1,0,0,0,1,0
2581,Movie 2581 (2024),Animation|Drama|Thriller,2000000,166,2013,0,6.8,454,3540000,1,0,0,1,0,0,0,0,1,0,0,0,1
2582,Movie 2582 (2024),Crime|Children,20000000,179,2002,0,7.7,230,1030000,1,0,0,0,1,0,1,0,0,0,0,0,0
2583,Movie 2583 (2024),Documentary,99000000,149,1991,0,7.5,420,4780000,0,0,0,0,0,0,0,1,0,0,0,0,0
2584,Movie 2584 (2024),Documentary,197000000,152,1991,0,6.3,297,4680000,0,0,0,0,0,0,0,1,0,0,0,0,0
2585,Movie 2585 (2024),Adventure,158000000,134,2016,1,8.6,323,3230000,0,0,1,0,0,0,0,0,0,0,0,0,0
2586,Movie 2586 (2024),Thriller,29000000,129,1995,0,9.0,488,4970000,1,0,0,0,0,0,0,0,0,0,0,0,1
2587,Movie 2587 (2024),Action|Fantasy,102000000,169,2019,1,6.2,121,530000,1,1,0,0,0,0,0,0,0,1,0,0,0
2588,Movie 2588 (2024),Children,60000000,163,1997,1,6.0,199,1920000,1,0,0,0,1,0,0,0,0,0,0,0,0
2589,Movie 2589 (2024),Horror|Action,28000000,156,2001,0,6.5,470,4080000,1,1,0,0,0,0,0,0,0,0,1,0,0
2590,Movie 2590 (2024),Comedy|Sci-Fi,41000000,147,2010,0,3.0,454,1100000,1,0,0,0,0,1,0,0,0,0,0,1,0
2591,Movie 2591 (2024),Children,35000000,82,2003,0,5.5,61,4940000,1,0,0,0,1,0,0,0,0,0,0,0,0
2592,Movie 2592 (2024),Comedy|Children,158000000,89,2008,0,9.8,378,4520000,1,0,0,0,1,1,0,0,0,0,0,0,0
2593,Movie 2593 (2024),Action|Horror|Thriller,71000000,95,2000,0,2.9,83,4380000,1,1,0,0,0,0,0,0,0,0,1,0,1
2594,Movie 2594 (2024),Drama,139000000,101,2004,0,5.1,465,1320000,1,0,0,0,0,0,0,0,1,0,0,0,0
2595,Movie 2595 (2024),Fantasy|Drama|Children,122000000,161,2009,0,7.3,336,1930000,1,0,0,0,1,0,0,0,1,1,0,0,0
2596,Movie 2596 (2024),Horror|Adventure,128000000,85,2003,0,3.3,37,690000,0,0,1,0,0,0,0,0,0,0,1,0,0
2597,Movie 2597 (2024),Crime|Drama,48000000,109,2007,0,4.6,247,4530000,0,0,0,0,0,0,1,0,1,0,0,0,0
2598,Movie 2598 (2024),Sci-Fi,20000000,132,2024,0,2.8,453,2250000,0,0,0,0,0,0,0,0,0,0,0,1,0
2599,Movie 2599 (2024),Crime|Horror,22000000,112,2016,0,9.6,472,2110000,0,0,0,0,0,0,1,0,0,0,1,0,0
2600,Movie 2600 (2024),Fantasy|Drama,184000000,168,1998,0,7.5,472,1460000,1,0,0,0,0,0,0,0,1,1,0,0,0
2601,Movie 2601 (2024),Drama|Thriller|Documentary,132000000,129,2006,0,7.4,64,3630000,0,0,0,0,0,0,0,1,1,0,0,0,1
2602,Movie 2602 (2024),Comedy|Adventure,125000000,170,2021,0,3.3,41,690000,1,0,1,0,0,1,0,0,0,0,0,0,0
2603,Movie 2603 (2024),Horror|Action,162000000,112,1995,0,3.7,32,2960000,0,1,0,0,0,0,0,0,0,0,1,0,0
2604,Movie 2604 (2024),Sci-Fi|Crime|Animation,43000000,158,2016,0,3.1,243,4620000,0,0,0,1,0,0,1,0,0,0,0,1,0
2605,Movie 2605 (2024),Children|Comedy,108000000,164,2023,1,9.9,155,4030000,1,0,0,0,1,1,0,0,0,0,0,0,0
2606,Movie 2606 (2024),Sci-Fi,26000000,158,2023,0,8.3,210,2380000,0,0,0,0,0,0,0,0,0,0,0,1,0
2607,Movie 2607 (2024),Documentary,81000000,151,2012,0,2.6,102,1260000,1,0,0,0,0,0,0,1,0,0,0,0,0
2608,Movie 2608 (2024),Action|Documentary,63000000,122,2001,0,8.1,36,3660000,0,1,0,0,0,0,0,1,0,0,0,0,0
2609,Movie 2609 (2024),Thriller|Documentary,151000000,153,2016,0,6.7,132,690000,0,0,0,0,0,0,0,1,0,0,0,0,1
2610,Movie 2610 (2024),Documentary,34000000,164,2003,0,9.0,294,4860000,1,0,0,0,0,0,0,1,0,0,0,0,0
2611,Movie 2611 (2024),Documentary,22000000,171,2015,0,8.6,477,2100000,1,0,0,0,0,0,0,1,0,0,0,0,0
2612,Movie 2612 (2024),Children|Action,115000000,103,2024,0,9.8,93,1950000,0,1,0,0,1,0,0,0,0,0,0,0,0
2613,Movie 2613 (2024),Horror|Animation,23000000,122,2011,0,6.6,78,4920000,1,0,0,1,0,0,0,0,0,0,1,0,0
2614,Movie 2614 (2024),Drama|Fantasy,180000000,140,1992,0,6.0,265,3890000,0,0,0,0,0,0,0,0,1,1,0,0,0
2615,Movie 2615 (2024),Children|Adventure,17000000,155,2024,1,9.8,182,530000,0,0,1,0,1,0,0,0,0,0,0,0,0
2616,Movie 2616 (2024),Thriller|Comedy|Children,168000000,96,2004,0,4.6,448,4460000,0,0,0,0,1,1,0,0,0,0,0,0,1
2617,Movie 2617 (2024),Animation,16000000,145,2024,0,5.8,280,1250000,0,0,0,1,0,0,0,0,0,0,0,0,0
2618,Movie 2618 (2024),Drama|Children,118000000,118,1994,0,8.4,488,4560000,1,0,0,0,1,0,0,0,1,0,0,0,0
2619,Movie 2619 (2024),Horror|Action|Sci-Fi,83000000,93,2012,0,3.0,221,640000,1,1,0,0,0,0,0,0,0,0,1,1,0
2620,Movie 2620 (2024),Fantasy,129000000,159,1990,1,8.3,375,3470000,0,0,0,0,0,0,0,0,0,1,0,0,0
2621,Movie 2621 (2024),Documentary|Fantasy,10000000,172,2001,0,9.8,41,4260000,1,0,0,0,0,0,0,1,0,1,0,0,0
2622,Movie 2622 (2024),Adventure,74000000,130,2004,0,4.8,59,960000,1,0,1,0,0,0,0,0,0,0,0,0,0
2623,Movie 2623 (2024),Adventure|Sci-Fi|Drama,73000000,95,2005,0,3.5,398,3620000,1,0,1,0,0,0,0,0,1,0,0,1,0
2624,Movie 2624 (2024),Thriller|Children|Adventure,111000000,163,2001,0,6.7,337,2470000,1,0,1,0,1,0,0,0,0,0,0,0,1
2625,Movie 2625 (2024),Action|Thriller,146000000,153,2000,1,7.3,329,2800000,1,1,0,0,0,0,0,0,0,0,0,0,1
2626,Movie 2626 (2024),Fantasy,158000000,175,2019,0,6.1,177,3450000,0,0,0,0,0,0,0,0,0,1,0,0,0
2627,Movie 2627 (2024),Crime|Action,114000000,162,2012,0,4.7,494,1740000,0,1,0,0,0,0,1,0,0,0,0,0,0
2628,Movie 2628 (2024),Horror|Sci-Fi,112000000,104,2002,0,3.3,488,1510000,0,0,0,0,0,0,0,0,0,0,1,1,0
2629,Movie 2629 (2024),Animation,91000000,134,2011,0,2.3,362,2720000,1,0,0,1,0,0,0,0,0,0,0,0,0
2630,Movie 2630 (2024),Documentary|Adventure|Children,122000000,117,1997,1,5.8,237,2090000,1,0,1,0,1,0,0,1,0,0,0,0,0
2631,Movie 2631 (2024),Sci-Fi,86000000,148,2020,0,6.3,121,2890000,0,0,0,0,0,0,0,0,0,0,0,1,0
2632,Movie 2632 (2024),Animation|Drama|Horror,118000000,104,2022,0,8.1,51,3120000,0,0,0,1,0,0,0,0,1,0,1,0,0
2633,Movie 2633 (2024),Children|Drama,16000000,85,1991,0,7.3,272,2330000,0,0,0,0,1,0,0,0,1,0,0,0,0
2634,Movie 2634 (2024),Drama|Comedy,20000000,151,1992,1,2.6,184,4540000,1,0,0,0,0,1,0,0,1,0,0,0,0
2635,Movie 2635 (2024),Crime,37000000,129,2013,1,7.4,304,3640000,0,0,0,0,0,0,1,0,0,0,0,0,0
2636,Movie 2636 (2024),Horror|Drama,2000000,113,2014,0,7.8,56,1050000,1,0,0,0,0,0,0,0,1,0,1,0,0
2637,Movie 2637 (2024),Thriller|Comedy|Children,71000000,87,2010,0,7.2,84,2690000,0,0,0,0,1,1,0,0,0,0,0,0,1
2638,Movie 2638 (2024),Adventure|Children|Sci-Fi,188000000,166,2004,0,8.8,411,4890000,0,0,1,0,1,0,0,0,0,0,0,1,0
2639,Movie 2639 (2024),Documentary|Crime,62000000,121,2021,0,9.2,25,3970000,1,0,0,0,0,0,1,1,0,0,0,0,0
2640,Movie 2640 (2024),Fantasy|Children|Thriller,176000000,122,2008,0,2.4,486,2860000,0,0,0,0,1,0,0,0,0,1,0,0,1
2641,Movie 2641 (2024),Comedy|Drama|Action,162000000,117,2001,0,7.2,321,680000,1,1,0,0,0,1,0,0,1,0,0,0,0
2642,Movie 2642 (2024),Documentary,193000000,169,2020,0,3.0,411,4300000,0,0,0,0,0,0,0,1,0,0,0,0,0
2643,Movie 2643 (2024),Action|Drama|Animation,122000000,96,1997,0,8.2,295,1860000,0,1,0,1,0,0,0,0,1,0,0,0,0
2644,Movie 2644 (2024),Crime|Animation|Sci-Fi,26000000,101,2006,1,4.2,11,2440000,0,0,0,1,0,0,1,0,0,0,0,1,0
2645,Movie 2645 (2024),Comedy|Horror|Crime,17000000,114,2011,0,3.8,191,2410000,1,0,0,0,0,1,1,0,0,0,1,0,0
2646,Movie 2646 (2024),Documentary|Animation,50000000,124,2002,1,5.0,41,3330000,1,0,0,1,0,0,0,1,0,0,0,0,0
2647,Movie 2647 (2024),Adventure|Animation,45000000,83,2006,1,9.0,316,2620000,1,0,1,1,0,0,0,0,0,0,0,0,0
2648,Movie 2648 (2024),Crime|Adventure|Thriller,166000000,142,2014,0,7.6,248,3590000,0,0,1,0,0,0,1,0,0,0,0,0,1
2649,Movie 2649 (2024),Comedy,158000000,155,1991,1,8.5,7,4450000,0,0,0,0,0,1,0,0,0,0,0,0,0
2650,Movie 2650 (2024),Drama,115000000,158,2022,0,7.0,269,1720000,0,0,0,0,0,0,0,0,1,0,0,0,0
2651,Movie 2651 (2024),Children|Sci-Fi,96000000,168,2010,1,5.7,125,1730000,0,0,0,0,1,0,0,0,0,0,0,1,0
2652,Movie 2652 (2024),Fantasy|Sci-Fi,11000000,94,2015,0,5.2,220,3580000,0,0,0,0,0,0,0,0,0,1,0,1,0
2653,Movie 2653 (2024),Thriller|Drama|Animation,83000000,86,1995,0,6.4,169,950000,1,0,0,1,0,0,0,0,1,0,0,0,1
2654,Movie 2654 (2024),Action|Crime,28000000,94,1995,0,6.6,468,3830000,1,1,0,0,0,0,1,0,0,0,0,0,0
2655,Movie 2655 (2024),Comedy,191000000,123,2007,1,7.8,469,570000,0,0,0,0,0,1,0,0,0,0,0,0,0
2656,Movie 2656 (2024),Crime|Action|Fantasy,41000000,129,1997,0,8.8,492,2200000,0,1,0,0,0,0,1,0,0,1,0,0,0
2657,Movie 2657 (2024),Comedy,18000000,138,2013,0,4.6,23,3930000,1,0,0,0,0,1,0,0,0,0,0,0,0
2658,Movie 2658 (2024),Horror|Crime|Sci-Fi,87000000,85,2003,0,3.1,411,2380000,1,0,0,0,0,0,1,0,0,0,1,1,0
2659,Movie 2659 (2024),Crime|Horror|Comedy,121000000,164,2006,1,7.3,56,1720000,0,0,0,0,0,1,1,0,0,0,1,0,0
2660,Movie 2660 (2024),Fantasy|Adventure,35000000,178,2003,0,9.4,78,4690000,0,0,1,0,0,0,0,0,0,1,0,0,0
2661,Movie 2661 (2024),Children,12000000,107,2011,0,3.6,23,760000,0,0,0,0,1,0,0,0,0,0,0,0,0
2662,Movie 2662 (2024),Crime|Animation,17000000,148,2016,0,2.9,398,1390000,1,0,0,1,0,0,1,0,0,0,0,0,0
2663,Movie 2663 (2024),Documentary,54000000,134,1995,1,3.0,204,1590000,0,0,0,0,0,0,0,1,0,0,0,0,0
2664,Movie 2664 (2024),Adventure|Thriller,24000000,137,2023,0,5.7,58,1880000,0,0,1,0,0,0,0,0,0,0,0,0,1
2665,Movie 2665 (2024),Horror|Crime|Thriller,54000000,135,1993,0,5.1,461,3880000,0,0,0,0,0,0,1,0,0,0,1,0,1
2666,Movie 2666 (2024),Thriller,38000000,121,2006,0,2.9,58,3080000,0,0,0,0,0,0,0,0,0,0,0,0,1
2667,Movie 2667 (2024),Fantasy,22000000,96,1991,0,9.7,241,870000,1,0,0,0,0,0,0,0,0,1,0,0,0
2668,Movie 2668 (2024),Thriller|Horror|Crime,156000000,168,2020,0,2.8,45,4720000,0,0,0,0,0,0,1,0,0,0,1,0,1
2669,Movie 2669 (2024),Drama|Action,74000000,91,1994,0,9.6,448,4140000,0,1,0,0,0,0,0,0,1,0,0,0,0
2670,Movie 2670 (2024),Sci-Fi,103000000,139,1991,0,6.6,401,1860000,0,0,0,0,0,0,0,0,0,0,0,1,0
2671,Movie 2671 (2024),Thriller|Action,34000000,104,2005,1,7.8,369,3930000,1,1,0,0,0,0,0,0,0,0,0,0,1
2672,Movie 2672 (2024),Horror|Animation,92000000,150,2012,0,6.1,478,2860000,0,0,0,1,0,0,0,0,0,0,1,0,0
2673,Movie 2673 (2024),Comedy|Documentary|Horror,127000000,132,2013,0,5.9,486,2140000,1,0,0,0,0,1,0,1,0,0,1,0,0
2674,Movie 2674 (2024),Drama|Adventure,4000000,168,1993,0,6.0,151,760000,0,0,1,0,0,0,0,0,1,0,0,0,0
2675,Movie 2675 (2024),Children,169000000,94,2001,0,2.0,427,2840000,1,0,0,0,1,0,0,0,0,0,0,0,0
2676,Movie 2676 (2024),Comedy,28000000,108,2002,1,3.7,208,4020000,0,0,0,0,0,1,0,0,0,0,0,0,0
2677,Movie 2677 (2024),Documentary|Comedy|Horror,71000000,113,2013,0,5.6,16,4260000,0,0,0,0,0,1,0,1,0,0,1,0,0
2678,Movie 2678 (2024),Adventure|Horror,94000000,175,2015,0,5.7,229,640000,0,0,1,0,0,0,0,0,0,0,1,0,0
2679,Movie 2679 (2024),Adventure|Crime,18000000,177,2013,0,5.2,237,4350000,1,0,1,0,0,0,1,0,0,0,0,0,0
2680,Movie 2680 (2024),Action|Fantasy|Crime,188000000,116,2008,0,5.6,154,4800000,0,1,0,0,0,0,1,0,0,1,0,0,0
2681,Movie 2681 (2024),Drama,107000000,107,2005,0,9.8,330,1760000,1,0,0,0,0,0,0,0,1,0,0,0,0
2682,Movie 2682 (2024),Adventure|Thriller|Sci-Fi,135000000,170,2003,0,3.9,348,3660000,1,0,1,0,0,0,0,0,0,0,0,1,1
2683,Movie 2683 (2024),Comedy|Children,87000000,147,2015,0,9.5,259,3350000,1,0,0,0,1,1,0,0,0,0,0,0,0
2684,Movie 2684 (2024),Documentary,58000000,91,2022,0,3.8,184,1960000,0,0,0,0,0,0,0,1,0,0,0,0,0
2685,Movie 2685 (2024),Crime,146000000,117,1996,0,9.2,91,4500000,1,0,0,0,0,0,1,0,0,0,0,0,0
2686,Movie 2686 (2024),Fantasy|Action,133000000,105,2016,0,5.8,481,3630000,1,1,0,0,0,0,0,0,0,1,0,0,0
2687,Movie 2687 (2024),Animation|Documentary|Fantasy,76000000,144,1994,0,6.8,97,4470000,1,0,0,1,0,0,0,1,0,1,0,0,0
2688,Movie 2688 (2024),Comedy|Documentary,109000000,91,1999,0,7.8,266,4100000,1,0,0,0,0,1,0,1,0,0,0,0,0
2689,Movie 2689 (2024),Fantasy,68000000,83,1993,0,4.7,311,1610000,0,0,0,0,0,0,0,0,0,1,0,0,0
2690,Movie 2690 (2024),Drama|Fantasy,145000000,106,2000,0,6.0,175,4660000,0,0,0,0,0,0,0,0,1,1,0,0,0
2691,Movie 2691 (2024),Thriller|Action,20000000,111,2020,0,9.5,361,3100000,1,1,0,0,0,0,0,0,0,0,0,0,1
2692,Movie 2692 (2024),Horror|Sci-Fi,130000000,111,1990,0,7.1,419,3940000,1,0,0,0,0,0,0,0,0,0,1,1,0
2693,Movie 2693 (2024),Crime|Adventure|Drama,138000000,174,1990,0,5.4,348,3600000,0,0,1,0,0,0,1,0,1,0,0,0,0
2694,Movie 2694 (2024),Adventure,144000000,166,1990,0,7.0,282,4130000,1,0,1,0,0,0,0,0,0,0,0,0,0
2695,Movie 2695 (2024),Comedy|Sci-Fi|Drama,154000000,119,2018,0,5.1,405,2020000,0,0,0,0,0,1,0,0,1,0,0,1,0
2696,Movie 2696 (2024),Action|Comedy|Adventure,12000000,174,2004,0,3.2,114,3440000,1,1,1,0,0,1,0,0,0,0,0,0,0
2697,Movie 2697 (2024),Documentary|Thriller,123000000,147,2007,1,7.7,454,4740000,0,0,0,0,0,0,0,1,0,0,0,0,1
2698,Movie 2698 (2024),Thriller,41000000,99,2003,0,5.9,200,2900000,1,0,0,0,0,0,0,0,0,0,0,0,1
2699,Movie 2699 (2024),Action|Adventure,8000000,123,2015,0,7.2,43,2890000,0,1,1,0,0,0,0,0,0,0,0,0,0
2700,Movie 2700 (2024),Documentary,86000000,102,1992,0,6.5,312,3530000,0,0,0,0,0,0,0,1,0,0,0,0,0
2701,Movie 2701 (2024),Thriller|Animation,11000000,121,2019,1,7.8,387,4330000,1,0,0,1,0,0,0,0,0,0,0,0,1
2702,Movie 2702 (2024),Children|Documentary|Comedy,172000000,80,2014,0,9.8,65,4300000,1,0,0,0,1,1,0,1,0,0,0,0,0
2703,Movie 2703 (2024),Drama,174000000,128,2003,0,8.0,366,4200000,0,0,0,0,0,0,0,0,1,0,0,0,0
2704,Movie 2704 (2024),Comedy|Thriller|Crime,142000000,143,2006,0,8.5,53,4710000,1,0,0,0,0,1,1,0,0,0,0,0,1
2705,Movie 2705 (2024),Drama|Thriller|Crime,88000000,104,2011,0,5.7,407,2620000,1,0,0,0,0,0,1,0,1,0,0,0,1
2706,Movie 2706 (2024),Crime,123000000,99,1990,0,2.6,165,2180000,1,0,0,0,0,0,1,0,0,0,0,0,0
2707,Movie 2707 (2024),Action|Adventure,128000000,125,2010,0,6.8,16,2640000,0,1,1,0,0,0,0,0,0,0,0,0,0
2708,Movie 2708 (2024),Adventure|Drama|Thriller,96000000,136,1992,1,5.9,383,2130000,0,0,1,0,0,0,0,0,1,0,0,0,1
2709,Movie 2709 (2024),Action,24000000,101,1996,1,7.6,16,2040000,1,1,0,0,0,0,0,0,0,0,0,0,0
2710,Movie 2710 (2024),Animation|Children|Horror,46000000,148,2003,0,9.1,92,4330000,1,0,0,1,1,0,0,0,0,0,1,0,0
2711,Movie 2711 (2024),Animation,64000000,132,2023,0,9.1,171,3320000,1,0,0,1,0,0,0,0,0,0,0,0,0
2712,Movie 2712 (2024),Comedy|Animation|Fantasy,168000000,87,2023,1,8.2,295,760000,0,0,0,1,0,1,0,0,0,1,0,0,0
2713,Movie 2713 (2024),Drama,34000000,165,1992,0,8.5,149,3320000,0,0,0,0,0,0,0,0,1,0,0,0,0
2714,Movie 2714 (2024),Animation,174000000,115,2003,0,9.8,431,1320000,0,0,0,1,0,0,0,0,0,0,0,0,0
2715,Movie 2715 (2024),Horror|Thriller|Comedy,105000000,133,2005,0,5.0,66,1750000,1,0,0,0,0,1,0,0,0,0,1,0,1
2716,Movie 2716 (2024),Documentary|Adventure,114000000,146,2007,1,7.9,445,1680000,1,0,1,0,0,0,0,1,0,0,0,0,0
2717,Movie 2717 (2024),Animation|Fantasy|Horror,24000000,143,2022,0,2.7,184,1840000,1,0,0,1,0,0,0,0,0,1,1,0,0
2718,Movie 2718 (2024),Thriller|Fantasy|Action,186000000,114,1994,0,8.9,405,1080000,1,1,0,0,0,0,0,0,0,1,0,0,1
2719,Movie 2719 (2024),Crime|Children,8000000,82,1998,0,2.1,373,3760000,0,0,0,0,1,0,1,0,0,0,0,0,0
2720,Movie 2720 (2024),Action,87000000,149,1992,0,4.7,359,610000,1,1,0,0,0,0,0,0,0,0,0,0,0
2721,Movie 2721 (2024),Documentary,122000000,136,2005,0,5.0,50,2490000,1,0,0,0,0,0,0,1,0,0,0,0,0
2722,Movie 2722 (2024),Documentary,92000000,108,2006,0,3.2,156,2120000,0,0,0,0,0,0,0,1,0,0,0,0,0
2723,Movie 2723 (2024),Adventure,172000000,84,1990,0,6.5,43,650000,0,0,1,0,0,0,0,0,0,0,0,0,0
2724,Movie 2724 (2024),Sci-Fi|Horror,129000000,85,1995,0,6.5,36,3940000,1,0,0,0,0,0,0,0,0,0,1,1,0
2725,Movie 2725 (2024),Children|Horror|Documentary,50000000,86,2012,0,5.9,70,750000,1,0,0,0,1,0,0,1,0,0,1,0,0
2726,Movie 2726 (2024),Adventure|Drama|Animation,152000000,173,2013,0,3.6,51,1500000,0,0,1,1,0,0,0,0,1,0,0,0,0
2727,Movie 2727 (2024),Documentary,93000000,164,1997,0,8.5,381,1120000,0,0,0,0,0,0,0,1,0,0,0,0,0
2728,Movie 2728 (2024),Sci-Fi|Crime,35000000,135,2009,0,9.0,138,2290000,1,0,0,0,0,0,1,0,0,0,0,1,0
2729,Movie 2729 (2024),Documentary|Animation|Action,156000000,140,2002,0,7.2,498,1150000,1,1,0,1,0,0,0,1,0,0,0,0,0
2730,Movie 2730 (2024),Fantasy,140000000,87,2008,0,6.9,306,3300000,1,0,0,0,0,0,0,0,0,1,0,0,0
2731,Movie 2731 (2024),Crime,125000000,178,2010,1,2.6,310,1100000,1,0,0,0,0,0,1,0,0,0,0,0,0
2732,Movie 2732 (2024),Animation,169000000,119,2011,0,5.0,123,2180000,1,0,0,1,0,0,0,0,0,0,0,0,0
2733,Movie 2733 (2024),Children|Thriller,97000000,126,2018,0,5.9,162,4190000,1,0,0,0,1,0,0,0,0,0,0,0,1
2734,Movie 2734 (2024),Fantasy,62000000,126,1993,1,3.5,63,4250000,1,0,0,0,0,0,0,0,0,1,0,0,0
2735,Movie 2735 (2024),Adventure|Documentary,22000000,157,1997,1,8.7,242,4130000,1,0,1,0,0,0,0,1,0,0,0,0,0
2736,Movie 2736 (2024),Documentary|Horror|Thriller,13000000,115,1991,0,5.0,113,3680000,1,0,0,0,0,0,0,1,0,0,1,0,1
2737,Movie 2737 (2024),Adventure|Thriller|Documentary,157000000,103,1996,0,5.8,258,4130000,1,0,1,0,0,0,0,1,0,0,0,0,1
2738,Movie 2738 (2024),Animation|Horror,93000000,110,2022,0,7.5,331,3720000,0,0,0,1,0,0,0,0,0,0,1,0,0
2739,Movie 2739 (2024),Adventure,34000000,140,2022,0,9.3,291,1830000,1,0,1,0,0,0,0,0,0,0,0,0,0
2740,Movie 2740 (2024),Comedy|Documentary|Animation,125000000,126,2007,0,3.4,467,4200000,0,0,0,1,0,1,0,1,0,0,0,0,0
2741,Movie 2741 (2024),Documentary|Sci-Fi|Fantasy,149000000,153,2017,0,5.1,367,640000,0,0,0,0,0,0,0,1,0,1,0,1,0
2742,Movie 2742 (2024),Drama,5000000,140,2019,0,5.4,106,4110000,1,0,0,0,0,0,0,0,1,0,0,0,0
2743,Movie 2743 (2024),Children|Horror,161000000,133,2020,0,5.8,366,4130000,0,0,0,0,1,0,0,0,0,0,1,0,0
2744,Movie 2744 (2024),Crime|Thriller,158000000,90,2024,0,10.0,394,880000,0,0,0,0,0,0,1,0,0,0,0,0,1
2745,Movie 2745 (2024),Action|Comedy,84000000,122,2016,0,3.7,476,3350000,0,1,0,0,0,1,0,0,0,0,0,0,0
2746,Movie 2746 (2024),Comedy,18000000,96,2011,0,7.0,305,3680000,1,0,0,0,0,1,0,0,0,0,0,0,0
2747,Movie 2747 (2024),Drama|Action|Fantasy,4000000,167,1997,0,2.0,121,4780000,1,1,0,0,0,0,0,0,1,1,0,0,0
2748,Movie 2748 (2024),Drama|Adventure,120000000,151,2021,0,5.4,352,3340000,0,0,1,0,0,0,0,0,1,0,0,0,0
2749,Movie 2749 (2024),Thriller|Drama|Animation,184000000,156,1998,0,7.9,330,1610000,1,0,0,1,0,0,0,0,1,0,0,0,1
2750,Movie 2750 (2024),Crime|Adventure|Animation,165000000,136,2003,0,4.2,66,1730000,1,0,1,1,0,0,1,0,0,0,0,0,0
2751,Movie 2751 (2024),Documentary|Comedy,24000000,103,2012,0,6.4,456,800000,1,0,0,0,0,1,0,1,0,0,0,0,0
2752,Movie 2752 (2024),Crime|Action|Sci-Fi,106000000,179,2023,0,6.3,42,2850000,0,1,0,0,0,0,1,0,0,0,0,1,0
2753,Movie 2753 (2024),Children|Crime,179000000,170,2010,0,9.7,372,4190000,0,0,0,0,1,0,1,0,0,0,0,0,0
2754,Movie 2754 (2024),Comedy,44000000,157,2004,0,7.8,366,4270000,1,0,0,0,0,1,0,0,0,0,0,0,0
2755,Movie 2755 (2024),Comedy,197000000,100,2020,0,3.0,435,2620000,1,0,0,0,0,1,0,0,0,0,0,0,0
2756,Movie 2756 (2024),Documentary|Thriller,190000000,140,2008,1,3.1,468,3480000,0,0,0,0,0,0,0,1,0,0,0,0,1
2757,Movie 2757 (2024),Documentary|Crime,22000000,99,2014,0,7.6,61,900000,1,0,0,0,0,0,1,1,0,0,0,0,0
2758,Movie 2758 (2024),Horror|Drama|Action,76000000,129,1992,0,10.0,407,2290000,0,1,0,0,0,0,0,0,1,0,1,0,0
2759,Movie 2759 (2024),Action,91000000,176,2001,0,7.4,293,3150000,1,1,0,0,0,0,0,0,0,0,0,0,0
2760,Movie 2760 (2024),Sci-Fi|Comedy,150000000,100,1993,1,3.4,165,4080000,1,0,0,0,0,1,0,0,0,0,0,1,0
2761,Movie 2761 (2024),Drama,124000000,153,2014,0,5.6,476,2860000,1,0,0,0,0,0,0,0,1,0,0,0,0
2762,Movie 2762 (2024),Drama,139000000,171,2019,0,8.3,336,1090000,0,0,0,0,0,0,0,0,1,0,0,0,0
2763,Movie 2763 (2024),Comedy,102000000,130,2024,1,8.9,102,1210000,1,0,0,0,0,1,0,0,0,0,0,0,0
2764,Movie 2764 (2024),Drama|Fantasy|Horror,114000000,102,2016,0,5.3,60,1130000,1,0,0,0,0,0,0,0,1,1,1,0,0
2765,Movie 2765 (2024),Crime|Adventure|Documentary,43000000,144,2012,0,4.1,230,2050000,1,0,1,0,0,0,1,1,0,0,0,0,0
2766,Movie 2766 (2024),Horror|Animation,74000000,95,1997,1,6.8,301,4580000,0,0,0,1,0,0,0,0,0,0,1,0,0
2767,Movie 2767 (2024),Adventure|Comedy|Thriller,131000000,131,2013,0,4.7,122,550000,0,0,1,0,0,1,0,0,0,0,0,0,1
2768,Movie 2768 (2024),Drama|Adventure|Fantasy,80000000,163,2003,0,4.5,290,4400000,1,0,1,0,0,0,0,0,1,1,0,0,0
2769,Movie 2769 (2024),Fantasy,161000000,142,2024,1,6.9,266,2040000,0,0,0,0,0,0,0,0,0,1,0,0,0
2770,Movie 2770 (2024),Action|Comedy|Fantasy,53000000,94,2001,0,2.4,312,4910000,0,1,0,0,0,1,0,0,0,1,0,0,0
2771,Movie 2771 (2024),Drama|Thriller|Crime,135000000,123,2012,1,7.3,197,4520000,1,0,0,0,0,0,1,0,1,0,0,0,1
2772,Movie 2772 (2024),Documentary|Horror,148000000,85,2019,0,4.2,242,2410000,0,0,0,0,0,0,0,1,0,0,1,0,0
2773,Movie 2773 (2024),Fantasy|Thriller|Drama,104000000,142,2004,0,8.7,103,2010000,0,0,0,0,0,0,0,0,1,1,0,0,1
2774,Movie 2774 (2024),Comedy,180000000,109,2003,0,7.1,152,2810000,0,0,0,0,0,1,0,0,0,0,0,0,0
2775,Movie 2775 (2024),Documentary,48000000,135,2016,0,4.5,78,3190000,0,0,0,0,0,0,0,1,0,0,0,0,0
2776,Movie 2776 (2024),Documentary,141000000,114,1992,0,7.8,46,4550000,0,0,0,0,0,0,0,1,0,0,0,0,0
2777,Movie 2777 (2024),Fantasy|Thriller|Children,103000000,86,1998,0,2.1,442,1940000,0,0,0,0,1,0,0,0,0,1,0,0,1
2778,Movie 2778 (2024),Sci-Fi,137000000,92,1995,1,8.9,265,4420000,1,0,0,0,0,0,0,0,0,0,0,1,0
2779,Movie 2779 (2024),Horror|Drama|Animation,13000000,124,2020,0,9.4,242,1870000,1,0,0,1,0,0,0,0,1,0,1,0,0
2780,Movie 2780 (2024),Comedy,48000000,92,1998,0,6.9,20,3580000,0,0,0,0,0,1,0,0,0,0,0,0,0
2781,Movie 2781 (2024),Sci-Fi,59000000,110,1998,0,5.5,239,2160000,1,0,0,0,0,0,0,0,0,0,0,1,0
2782,Movie 2782 (2024),Fantasy|Thriller,158000000,85,2020,0,7.4,196,1100000,0,0,0,0,0,0,0,0,0,1,0,0,1
2783,Movie 2783 (2024),Drama|Sci-Fi,83000000,99,2010,0,7.0,124,2630000,0,0,0,0,0,0,0,0,1,0,0,1,0
2784,Movie 2784 (2024),Adventure|Action,90000000,164,2006,0,2.3,413,4070000,1,1,1,0,0,0,0,0,0,0,0,0,0
2785,Movie 2785 (2024),Animation|Adventure,122000000,154,1992,1,9.1,124,1570000,0,0,1,1,0,0,0,0,0,0,0,0,0
2786,Movie 2786 (2024),Sci-Fi|Fantasy|Thriller,23000000,86,1990,0,6.1,28,3670000,0,0,0,0,0,0,0,0,0,1,0,1,1
2787,Movie 2787 (2024),Action|Sci-Fi|Documentary,178000000,147,2019,0,2.7,469,2420000,0,1,0,0,0,0,0,1,0,0,0,1,0
2788,Movie 2788 (2024),Crime|Animation|Drama,26000000,84,2006,0,4.8,134,3540000,0,0,0,1,0,0,1,0,1,0,0,0,0
2789,Movie 2789 (2024),Crime|Fantasy|Drama,191000000,102,2019,1,5.6,243,3310000,0,0,0,0,0,0,1,0,1,1,0,0,0
2790,Movie 2790 (2024),Sci-Fi|Thriller,118000000,97,2001,1,9.8,185,4450000,0,0,0,0,0,0,0,0,0,0,0,1,1
2791,Movie 2791 (2024),Drama,179000000,113,2015,0,9.3,419,2110000,1,0,0,0,0,0,0,0,1,0,0,0,0
2792,Movie 2792 (2024),Adventure|Drama|Animation,121000000,111,2008,0,3.6,61,1140000,1,0,1,1,0,0,0,0,1,0,0,0,0
2793,Movie 2793 (2024),Sci-Fi|Children|Adventure,83000000,102,1992,0,4.6,261,1380000,0,0,1,0,1,0,0,0,0,0,0,1,0
2794,Movie 2794 (2024),Crime|Sci-Fi,34000000,131,2007,0,9.7,288,2610000,1,0,0,0,0,0,1,0,0,0,0,1,0
2795,Movie 2795 (2024),Children|Documentary,114000000,103,1996,0,8.9,394,3140000,0,0,0,0,1,0,0,1,0,0,0,0,0
2796,Movie 2796 (2024),Drama,60000000,144,2015,0,7.9,243,4330000,0,0,0,0,0,0,0,0,1,0,0,0,0
2797,Movie 2797 (2024),Adventure|Comedy,90000000,175,2010,0,8.2,332,1180000,1,0,1,0,0,1,0,0,0,0,0,0,0
2798,Movie 2798 (2024),Action|Drama,16000000,138,2009,0,2.6,65,2030000,1,1,0,0,0,0,0,0,1,0,0,0,0
2799,Movie 2799 (2024),Comedy,179000000,159,2013,0,3.7,235,1860000,1,0,0,0,0,1,0,0,0,0,0,0,0
2800,Movie 2800 (2024),Fantasy|Children,63000000,178,2010,0,8.1,32,3000000,1,0,0,0,1,0,0,0,0,1,0,0,0
2801,Movie 2801 (2024),Documentary|Sci-Fi,78000000,101,2000,0,6.2,346,1670000,1,0,0,0,0,0,0,1,0,0,0,1,0
2802,Movie 2802 (2024),Fantasy|Documentary|Children,194000000,172,1998,0,7.8,305,2440000,0,0,0,0,1,0,0,1,0,1,0,0,0
2803,Movie 2803 (2024),Sci-Fi|Animation|Action,165000000,90,1998,0,9.8,274,580000,0,1,0,1,0,0,0,0,0,0,0,1,0
2804,Movie 2804 (2024),Thriller|Adventure|Sci-Fi,86000000,123,2002,0,9.8,449,2640000,1,0,1,0,0,0,0,0,0,0,0,1,1
2805,Movie 2805 (2024),Adventure|Fantasy|Action,163000000,156,2020,0,3.2,397,1120000,0,1,1,0,0,0,0,0,0,1,0,0,0
2806,Movie 2806 (2024),Children|Drama|Fantasy,196000000,130,2001,0,7.3,355,1010000,1,0,0,0,1,0,0,0,1,1,0,0,0
2807,Movie 2807 (2024),Documentary|Children|Drama,45000000,100,2023,0,6.2,60,4690000,0,0,0,0,1,0,0,1,1,0,0,0,0
2808,Movie 2808 (2024),Drama|Comedy,151000000,122,1998,0,2.7,282,1360000,0,0,0,0,0,1,0,0,1,0,0,0,0
2809,Movie 2809 (2024),Documentary|Adventure,89000000,100,2017,0,8.1,434,850000,1,0,1,0,0,0,0,1,0,0,0,0,0
2810,Movie 2810 (2024),Crime|Thriller|Action,187000000,141,2014,0,2.3,368,4490000,0,1,0,0,0,0,1,0,0,0,0,0,1
2811,Movie 2811 (2024),Horror|Sci-Fi|Adventure,199000000,132,1999,0,8.2,270,570000,1,0,1,0,0,0,0,0,0,0,1,1,0
2812,Movie 2812 (2024),Animation|Children|Crime,88000000,167,1999,1,5.8,239,1020000,1,0,0,1,1,0,1,0,0,0,0,0,0
2813,Movie 2813 (2024),Documentary|Sci-Fi,40000000,98,1995,1,7.5,177,2520000,1,0,0,0,0,0,0,1,0,0,0,1,0
2814,Movie 2814 (2024),Animation|Fantasy,44000000,162,2001,0,3.4,8,4100000,1,0,0,1,0,0,0,0,0,1,0,0,0
2815,Movie 2815 (2024),Action|Animation,19000000,167,2008,1,2.5,321,1900000,0,1,0,1,0,0,0,0,0,0,0,0,0
2816,Movie 2816 (2024),Documentary|Fantasy,187000000,93,2021,0,4.0,455,2260000,0,0,0,0,0,0,0,1,0,1,0,0,0
2817,Movie 2817 (2024),Action|Horror,186000000,114,2004,0,2.5,352,2570000,0,1,0,0,0,0,0,0,0,0,1,0,0
2818,Movie 2818 (2024),Sci-Fi|Documentary,81000000,133,2005,1,5.1,314,3070000,1,0,0,0,0,0,0,1,0,0,0,1,0
2819,Movie 2819 (2024),Thriller,162000000,128,2010,0,5.4,120,2660000,1,0,0,0,0,0,0,0,0,0,0,0,1
2820,Movie 2820 (2024),Crime,143000000,166,2021,0,8.8,54,1130000,0,0,0,0,0,0,1,0,0,0,0,0,0
2821,Movie 2821 (2024),Thriller|Action,4000000,174,2020,1,3.4,454,4260000,1,1,0,0,0,0,0,0,0,0,0,0,1
2822,Movie 2822 (2024),Children|Drama|Documentary,32000000,107,2021,0,6.3,162,2290000,1,0,0,0,1,0,0,1,1,0,0,0,0
2823,Movie 2823 (2024),Children|Action|Documentary,62000000,84,2023,0,2.8,411,3310000,0,1,0,0,1,0,0,1,0,0,0,0,0
2824,Movie 2824 (2024),Crime|Children|Fantasy,172000000,105,2024,1,5.5,110,1700000,0,0,0,0,1,0,1,0,0,1,0,0,0
2825,Movie 2825 (2024),Children|Crime,169000000,91,2008,0,4.9,256,2220000,1,0,0,0,1,0,1,0,0,0,0,0,0
2826,Movie 2826 (2024),Crime|Documentary|Fantasy,29000000,163,1999,0,8.2,463,1550000,1,0,0,0,0,0,1,1,0,1,0,0,0
2827,Movie 2827 (2024),Adventure|Thriller,140000000,132,2023,0,5.2,246,900000,0,0,1,0,0,0,0,0,0,0,0,0,1
2828,Movie 2828 (2024),Action,161000000,80,2022,0,6.5,229,2300000,0,1,0,0,0,0,0,0,0,0,0,0,0
2829,Movie 2829 (2024),Thriller|Documentary,143000000,150,2010,0,7.0,320,1770000,0,0,0,0,0,0,0,1,0,0,0,0,1
2830,Movie 2830 (2024),Documentary,198000000,119,1990,0,3.5,384,3250000,0,0,0,0,0,0,0,1,0,0,0,0,0
2831,Movie 2831 (2024),Adventure|Action,132000000,92,2021,0,7.8,299,1350000,1,1,1,0,0,0,0,0,0,0,0,0,0
2832,Movie 2832 (2024),Thriller|Fantasy|Action,101000000,170,2008,0,7.2,407,3860000,0,1,0,0,0,0,0,0,0,1,0,0,1
2833,Movie 2833 (2024),Animation|Sci-Fi,100000000,173,2015,1,6.5,347,1530000,0,0,0,1,0,0,0,0,0,0,0,1,0
2834,Movie 2834 (2024),Adventure,188000000,150,2001,0,10.0,122,3290000,1,0,1,0,0,0,0,0,0,0,0,0,0
2835,Movie 2835 (2024),Documentary|Animation|Horror,64000000,148,1996,0,8.9,459,1490000,0,0,0,1,0,0,0,1,0,0,1,0,0
2836,Movie 2836 (2024),Action|Children,26000000,123,2016,0,3.2,370,2180000,0,1,0,0,1,0,0,0,0,0,0,0,0
2837,Movie 2837 (2024),Thriller|Crime,149000000,141,2008,0,9.8,321,3210000,1,0,0,0,0,0,1,0,0,0,0,0,1
2838,Movie 2838 (2024),Drama,140000000,87,1998,1,7.5,410,3560000,1,0,0,0,0,0,0,0,1,0,0,0,0
2839,Movie 2839 (2024),Horror,182000000,128,1998,1,5.0,258,2990000,0,0,0,0,0,0,0,0,0,0,1,0,0
2840,Movie 2840 (2024),Action|Animation,50000000,158,2023,1,4.6,143,3500000,0,1,0,1,0,0,0,0,0,0,0,0,0
2841,Movie 2841 (2024),Comedy|Drama|Action,137000000,148,1991,0,2.9,289,1050000,1,1,0,0,0,1,0,0,1,0,0,0,0
2842,Movie 2842 (2024),Sci-Fi,125000000,93,2020,0,9.3,277,3960000,0,0,0,0,0,0,0,0,0,0,0,1,0
2843,Movie 2843 (2024),Adventure|Drama,159000000,137,2018,1,8.1,431,1890000,0,0,1,0,0,0,0,0,1,0,0,0,0
2844,Movie 2844 (2024),Animation|Action,152000000,83,1992,0,8.7,372,1360000,1,1,0,1,0,0,0,0,0,0,0,0,0
2845,Movie 2845 (2024),Animation|Sci-Fi,175000000,110,2005,0,7.7,204,3000000,1,0,0,1,0,0,0,0,0,0,0,1,0
2846,Movie 2846 (2024),Children|Fantasy|Animation,21000000,135,2013,1,6.0,252,3710000,1,0,0,1,1,0,0,0,0,1,0,0,0
2847,Movie 2847 (2024),Action|Children,8000000,138,2000,0,2.4,496,4750000,1,1,0,0,1,0,0,0,0,0,0,0,0
2848,Movie 2848 (2024),Action,103000000,141,2003,0,8.0,220,4060000,1,1,0,0,0,0,0,0,0,0,0,0,0
2849,Movie 2849 (2024),Drama|Adventure|Animation,42000000,176,1999,0,6.6,97,3770000,1,0,1,1,0,0,0,0,1,0,0,0,0
2850,Movie 2850 (2024),Adventure|Children,159000000,94,2002,1,3.4,408,4880000,0,0,1,0,1,0,0,0,0,0,0,0,0
2851,Movie 2851 (2024),Horror|Documentary|Crime,4000000,101,2024,0,9.1,43,1430000,1,0,0,0,0,0,1,1,0,0,1,0,0
2852,Movie 2852 (2024),Documentary|Fantasy,68000000,159,2001,0,4.1,104,3160000,0,0,0,0,0,0,0,1,0,1,0,0,0
2853,Movie 2853 (2024),Action|Comedy,71000000,170,2012,0,2.7,432,4860000,0,1,0,0,0,1,0,0,0,0,0,0,0
2854,Movie 2854 (2024),Comedy|Fantasy|Drama,131000000,100,2013,1,8.7,227,2630000,0,0,0,0,0,1,0,0,1,1,0,0,0
2855,Movie 2855 (2024),Adventure|Sci-Fi,183000000,128,2019,0,3.7,370,4300000,1,0,1,0,0,0,0,0,0,0,0,1,0
2856,Movie 2856 (2024),Thriller|Adventure|Horror,65000000,140,1990,0,5.0,402,2390000,1,0,1,0,0,0,0,0,0,0,1,0,1
2857,Movie 2857 (2024),Animation,113000000,103,2021,1,8.0,97,1620000,1,0,0,1,0,0,0,0,0,0,0,0,0
2858,Movie 2858 (2024),Comedy|Animation,29000000,117,1991,0,2.4,424,1610000,0,0,0,1,0,1,0,0,0,0,0,0,0
2859,Movie 2859 (2024),Fantasy,119000000,161,2024,0,7.4,201,4930000,1,0,0,0,0,0,0,0,0,1,0,0,0
2860,Movie 2860 (2024),Horror,156000000,168,2019,0,6.7,430,3970000,1,0,0,0,0,0,0,0,0,0,1,0,0
2861,Movie 2861 (2024),Action,87000000,87,1998,0,9.1,85,4050000,1,1,0,0,0,0,0,0,0,0,0,0,0
2862,Movie 2862 (2024),Drama|Crime,57000000,140,1997,0,4.8,26,3900000,1,0,0,0,0,0,1,0,1,0,0,0,0
2863,Movie 2863 (2024),Horror|Thriller|Sci-Fi,23000000,120,2017,0,3.4,166,3490000,1,0,0,0,0,0,0,0,0,0,1,1,1
2864,Movie 2864 (2024),Fantasy|Drama|Action,121000000,169,1992,0,3.9,302,3290000,1,1,0,0,0,0,0,0,1,1,0,0,0
2865,Movie 2865 (2024),Action|Sci-Fi|Children,77000000,109,2006,0,9.3,111,1320000,0,1,0,0,1,0,0,0,0,0,0,1,0
2866,Movie 2866 (2024),Horror|Action|Sci-Fi,142000000,120,2012,0,3.6,290,1280000,1,1,0,0,0,0,0,0,0,0,1,1,0
2867,Movie 2867 (2024),Thriller|Children|Crime,190000000,99,2006,1,4.0,114,600000,1,0,0,0,1,0,1,0,0,0,0,0,1
2868,Movie 2868 (2024),Horror|Action,188000000,96,2017,0,8.6,190,1990000,1,1,0,0,0,0,0,0,0,0,1,0,0
2869,Movie 2869 (2024),Documentary|Children|Comedy,71000000,126,1994,0,5.1,281,920000,1,0,0,0,1,1,0,1,0,0,0,0,0
2870,Movie 2870 (2024),Crime,105000000,164,2012,0,6.6,281,900000,1,0,0,0,0,0,1,0,0,0,0,0,0
2871,Movie 2871 (2024),Drama|Crime,174000000,153,2021,1,6.1,108,1340000,0,0,0,0,0,0,1,0,1,0,0,0,0
2872,Movie 2872 (2024),Sci-Fi,62000000,151,1995,0,7.9,152,1040000,0,0,0,0,0,0,0,0,0,0,0,1,0
2873,Movie 2873 (2024),Animation|Children|Comedy,123000000,157,2015,0,2.9,473,2500000,1,0,0,1,1,1,0,0,0,0,0,0,0
2874,Movie 2874 (2024),Children|Sci-Fi|Documentary,179000000,89,2021,0,2.1,119,4460000,0,0,0,0,1,0,0,1,0,0,0,1,0
2875,Movie 2875 (2024),Horror,110000000,83,2023,0,7.8,191,2920000,0,0,0,0,0,0,0,0,0,0,1,0,0
2876,Movie 2876 (2024),Documentary|Animation|Sci-Fi,72000000,114,2000,0,4.3,241,2140000,1,0,0,1,0,0,0,1,0,0,0,1,0
2877,Movie 2877 (2024),Documentary|Comedy,28000000,117,1992,0,6.7,432,2830000,1,0,0,0,0,1,0,1,0,0,0,0,0
2878,Movie 2878 (2024),Drama|Animation|Comedy,169000000,141,1993,0,5.0,299,3380000,0,0,0,1,0,1,0,0,1,0,0,0,0
2879,Movie 2879 (2024),Drama|Sci-Fi,69000000,82,1994,0,8.3,415,4660000,1,0,0,0,0,0,0,0,1,0,0,1,0
2880,Movie 2880 (2024),Fantasy,65000000,164,2020,0,4.5,352,4200000,0,0,0,0,0,0,0,0,0,1,0,0,0
2881,Movie 2881 (2024),Children|Fantasy|Thriller,129000000,106,2007,0,4.4,410,3950000,0,0,0,0,1,0,0,0,0,1,0,0,1
2882,Movie 2882 (2024),Fantasy|Thriller|Sci-Fi,139000000,101,2024,0,9.4,435,4220000,0,0,0,0,0,0,0,0,0,1,0,1,1
2883,Movie 2883 (2024),Drama,66000000,85,1992,0,3.7,41,750000,0,0,0,0,0,0,0,0,1,0,0,0,0
2884,Movie 2884 (2024),Drama|Thriller,88000000,101,1999,0,3.6,250,2250000,1,0,0,0,0,0,0,0,1,0,0,0,1
2885,Movie 2885 (2024),Documentary|Children,75000000,158,1993,0,3.9,430,2410000,0,0,0,0,1,0,0,1,0,0,0,0,0
2886,Movie 2886 (2024),Documentary|Fantasy|Adventure,164000000,88,1992,0,5.3,379,1420000,1,0,1,0,0,0,0,1,0,1,0,0,0
2887,Movie 2887 (2024),Drama,3000000,173,2022,0,6.3,102,690000,0,0,0,0,0,0,0,0,1,0,0,0,0
2888,Movie 2888 (2024),Documentary,91000000,115,2002,0,3.6,31,4670000,1,0,0,0,0,0,0,1,0,0,0,0,0
2889,Movie 2889 (2024),Action,166000000,154,1993,0,7.0,250,2610000,1,1,0,0,0,0,0,0,0,0,0,0,0
2890,Movie 2890 (2024),Drama|Adventure|Crime,26000000,104,2019,0,6.4,152,2930000,0,0,1,0,0,0,1,0,1,0,0,0,0
2891,Movie 2891 (2024),Thriller,148000000,150,2007,0,4.1,163,1190000,0,0,0,0,0,0,0,0,0,0,0,0,1
2892,Movie 2892 (2024),Children|Action|Thriller,101000000,148,2000,0,3.0,160,510000,1,1,0,0,1,0,0,0,0,0,0,0,1
2893,Movie 2893 (2024),Comedy,2000000,139,2022,0,4.5,148,4830000,1,0,0,0,0,1,0,0,0,0,0,0,0
2894,Movie 2894 (2024),Adventure|Drama,69000000,165,2002,1,6.9,71,4570000,1,0,1,0,0,0,0,0,1,0,0,0,0
2895,Movie 2895 (2024),Horror,68000000,123,2016,0,10.0,166,4380000,0,0,0,0,0,0,0,0,0,0,1,0,0
2896,Movie 2896 (2024),Drama|Action|Sci-Fi,156000000,120,2018,0,9.3,358,4610000,1,1,0,0,0,0,0,0,1,0,0,1,0
2897,Movie 2897 (2024),Fantasy|Children|Drama,87000000,96,2001,0,4.8,195,1820000,1,0,0,0,1,0,0,0,1,1,0,0,0
2898,Movie 2898 (2024),Documentary|Thriller,150000000,83,1999,0,8.8,142,4510000,0,0,0,0,0,0,0,1,0,0,0,0,1
2899,Movie 2899 (2024),Action,142000000,157,1993,0,8.5,426,720000,1,1,0,0,0,0,0,0,0,0,0,0,0
2900,Movie 2900 (2024),Animation|Adventure,75000000,139,1990,0,3.3,456,3990000,0,0,1,1,0,0,0,0,0,0,0,0,0
2901,Movie 2901 (2024),Animation|Documentary|Crime,13000000,141,2020,0,4.5,140,3610000,1,0,0,1,0,0,1,1,0,0,0,0,0
2902,Movie 2902 (2024),Documentary,105000000,105,2023,1,10.0,470,4170000,0,0,0,0,0,0,0,1,0,0,0,0,0
2903,Movie 2903 (2024),Thriller|Sci-Fi|Animation,2000000,100,2021,0,2.3,346,4850000,0,0,0,1,0,0,0,0,0,0,0,1,1
2904,Movie 2904 (2024),Animation,85000000,98,2014,1,3.1,336,4940000,0,0,0,1,0,0,0,0,0,0,0,0,0
2905,Movie 2905 (2024),Comedy|Action|Sci-Fi,82000000,108,2004,0,4.2,413,3820000,0,1,0,0,0,1,0,0,0,0,0,1,0
2906,Movie 2906 (2024),Comedy|Children,102000000,121,1996,0,9.0,366,4160000,1,0,0,0,1,1,0,0,0,0,0,0,0
2907,Movie 2907 (2024),Comedy|Drama|Action,13000000,176,1996,1,4.8,331,4780000,0,1,0,0,0,1,0,0,1,0,0,0,0
2908,Movie 2908 (2024),Action,110000000,152,2014,1,9.4,234,3640000,1,1,0,0,0,0,0,0,0,0,0,0,0
2909,Movie 2909 (2024),Crime|Children|Action,191000000,131,2021,0,8.6,129,2370000,1,1,0,0,1,0,1,0,0,0,0,0,0
2910,Movie 2910 (2024),Adventure|Crime,18000000,114,2002,0,7.2,173,2040000,0,0,1,0,0,0,1,0,0,0,0,0,0
2911,Movie 2911 (2024),Sci-Fi,102000000,91,2014,0,8.1,43,3140000,1,0,0,0,0,0,0,0,0,0,0,1,0
2912,Movie 2912 (2024),Documentary,138000000,136,2004,0,3.7,459,2540000,1,0,0,0,0,0,0,1,0,0,0,0,0
2913,Movie 2913 (2024),Horror|Animation|Thriller,54000000,127,2015,1,5.2,94,2630000,1,0,0,1,0,0,0,0,0,0,1,0,1
2914,Movie 2914 (2024),Sci-Fi|Comedy,166000000,149,2021,0,3.5,222,3640000,1,0,0,0,0,1,0,0,0,0,0,1,0
2915,Movie 2915 (2024),Drama|Adventure,186000000,170,2017,1,3.9,306,1930000,0,0,1,0,0,0,0,0,1,0,0,0,0
2916,Movie 2916 (2024),Children|Fantasy,10000000,105,1996,0,8.4,420,3350000,0,0,0,0,1,0,0,0,0,1,0,0,0
2917,Movie 2917 (2024),Action,55000000,90,2008,0,9.6,402,2330000,1,1,0,0,0,0,0,0,0,0,0,0,0
2918,Movie 2918 (2024),Comedy|Adventure|Fantasy,167000000,161,2020,1,2.2,113,4820000,0,0,1,0,0,1,0,0,0,1,0,0,0
2919,Movie 2919 (2024),Drama,41000000,131,2010,0,7.7,386,2330000,0,0,0,0,0,0,0,0,1,0,0,0,0
2920,Movie 2920 (2024),Action,184000000,137,2006,0,2.8,70,3090000,0,1,0,0,0,0,0,0,0,0,0,0,0
2921,Movie 2921 (2024),Sci-Fi,15000000,99,2005,0,2.9,76,3040000,1,0,0,0,0,0,0,0,0,0,0,1,0
2922,Movie 2922 (2024),Documentary|Adventure,195000000,94,2024,0,3.1,228,2660000,0,0,1,0,0,0,0,1,0,0,0,0,0
2923,Movie 2923 (2024),Adventure,131000000,175,2008,0,4.4,70,3340000,1,0,1,0,0,0,0,0,0,0,0,0,0
2924,Movie 2924 (2024),Horror|Thriller|Sci-Fi,96000000,155,1997,1,7.3,443,690000,0,0,0,0,0,0,0,0,0,0,1,1,1
2925,Movie 2925 (2024),Animation|Horror,44000000,156,1994,0,2.7,469,1130000,1,0,0,1,0,0,0,0,0,0,1,0,0
2926,Movie 2926 (2024),Sci-Fi|Action|Animation,137000000,159,2000,1,3.5,257,890000,0,1,0,1,0,0,0,0,0,0,0,1,0
2927,Movie 2927 (2024),Fantasy|Drama|Thriller,102000000,165,1996,0,8.4,228,2160000,0,0,0,0,0,0,0,0,1,1,0,0,1
2928,Movie 2928 (2024),Horror|Adventure|Action,74000000,83,2020,0,7.1,1,840000,1,1,1,0,0,0,0,0,0,0,1,0,0
2929,Movie 2929 (2024),Horror,92000000,172,1997,1,6.3,101,510000,0,0,0,0,0,0,0,0,0,0,1,0,0
2930,Movie 2930 (2024),Sci-Fi,195000000,133,1994,1,6.6,238,2970000,0,0,0,0,0,0,0,0,0,0,0,1,0
2931,Movie 2931 (2024),Fantasy,48000000,129,2005,0,2.6,417,780000,1,0,0,0,0,0,0,0,0,1,0,0,0
2932,Movie 2932 (2024),Fantasy,113000000,86,2008,0,7.9,82,4360000,1,0,0,0,0,0,0,0,0,1,0,0,0
2933,Movie 2933 (2024),Children|Thriller,175000000,80,2004,0,8.2,421,4300000,0,0,0,0,1,0,0,0,0,0,0,0,1
2934,Movie 2934 (2024),Documentary|Children,26000000,129,2007,0,2.5,250,4830000,0,0,0,0,1,0,0,1,0,0,0,0,0
2935,Movie 2935 (2024),Thriller|Action,50000000,132,2020,0,9.2,490,1430000,0,1,0,0,0,0,0,0,0,0,0,0,1
2936,Movie 2936 (2024),Comedy|Sci-Fi|Animation,27000000,162,2019,0,3.8,251,1280000,1,0,0,1,0,1,0,0,0,0,0,1,0
2937,Movie 2937 (2024),Comedy|Fantasy|Children,179000000,100,1998,1,3.6,83,2730000,0,0,0,0,1,1,0,0,0,1,0,0,0
2938,Movie 2938 (2024),Comedy|Horror,183000000,167,2016,0,5.4,238,3470000,0,0,0,0,0,1,0,0,0,0,1,0,0
2939,Movie 2939 (2024),Adventure|Crime|Documentary,120000000,122,1995,0,3.9,229,760000,0,0,1,0,0,0,1,1,0,0,0,0,0
2940,Movie 2940 (2024),Horror|Comedy|Sci-Fi,61000000,140,2015,0,2.9,29,760000,0,0,0,0,0,1,0,0,0,0,1,1,0
2941,Movie 2941 (2024),Drama|Thriller|Documentary,28000000,110,2005,0,6.4,51,3180000,0,0,0,0,0,0,0,1,1,0,0,0,1
2942,Movie 2942 (2024),Sci-Fi|Thriller,5000000,156,2024,0,2.1,490,2700000,0,0,0,0,0,0,0,0,0,0,0,1,1
2943,Movie 2943 (2024),Adventure,17000000,161,2023,0,2.2,405,2800000,0,0,1,0,0,0,0,0,0,0,0,0,0
2944,Movie 2944 (2024),Drama,60000000,110,2011,0,5.1,109,2580000,1,0,0,0,0,0,0,0,1,0,0,0,0
2945,Movie 2945 (2024),Drama|Fantasy,59000000,104,2004,1,9.7,151,1920000,0,0,0,0,0,0,0,0,1,1,0,0,0
2946,Movie 2946 (2024),Crime|Horror,85000000,142,1992,1,2.2,81,740000,1,0,0,0,0,0,1,0,0,0,1,0,0
2947,Movie 2947 (2024),Drama|Thriller|Adventure,63000000,173,1999,0,5.8,335,4910000,0,0,1,0,0,0,0,0,1,0,0,0,1
2948,Movie 2948 (2024),Fantasy,163000000,144,1994,0,7.7,270,910000,0,0,0,0,0,0,0,0,0,1,0,0,0
2949,Movie 2949 (2024),Comedy|Horror,32000000,175,2001,0,4.0,260,1750000,1,0,0,0,0,1,0,0,0,0,1,0,0
2950,Movie 2950 (2024),Comedy|Action,178000000,89,2019,0,4.8,332,2000000,1,1,0,0,0,1,0,0,0,0,0,0,0
2951,Movie 2951 (2024),Comedy|Documentary,30000000,140,2014,0,6.2,438,2510000,1,0,0,0,0,1,0,1,0,0,0,0,0
2952,Movie 2952 (2024),Fantasy,112000000,112,2003,1,5.2,403,4200000,0,0,0,0,0,0,0,0,0,1,0,0,0
2953,Movie 2953 (2024),Adventure|Drama,143000000,88,2009,0,6.9,408,1970000,1,0,1,0,0,0,0,0,1,0,0,0,0
2954,Movie 2954 (2024),Thriller|Comedy|Action,1000000,167,2019,1,4.9,474,4670000,1,1,0,0,0,1,0,0,0,0,0,0,1
2955,Movie 2955 (2024),Sci-Fi,13000000,175,2005,0,4.0,126,2280000,0,0,0,0,0,0,0,0,0,0,0,1,0
2956,Movie 2956 (2024),Thriller|Fantasy|Sci-Fi,22000000,85,2006,0,9.8,40,1690000,1,0,0,0,0,0,0,0,0,1,0,1,1
2957,Movie 2957 (2024),Drama,59000000,166,2011,0,9.5,132,1870000,1,0,0,0,0,0,0,0,1,0,0,0,0
2958,Movie 2958 (2024),Action|Drama,160000000,144,2017,0,7.6,111,3730000,1,1,0,0,0,0,0,0,1,0,0,0,0
2959,Movie 2959 (2024),Drama|Sci-Fi,122000000,173,2014,0,6.3,105,740000,1,0,0,0,0,0,0,0,1,0,0,1,0
2960,Movie 2960 (2024),Thriller,19000000,98,2018,0,9.3,234,3380000,1,0,0,0,0,0,0,0,0,0,0,0,1
2961,Movie 2961 (2024),Horror|Comedy|Crime,132000000,153,1994,0,8.1,371,1260000,0,0,0,0,0,1,1,0,0,0,1,0,0
2962,Movie 2962 (2024),Action|Crime,62000000,179,1998,0,9.5,180,4090000,0,1,0,0,0,0,1,0,0,0,0,0,0
2963,Movie 2963 (2024),Adventure,89000000,159,2021,0,8.8,399,1250000,0,0,1,0,0,0,0,0,0,0,0,0,0
2964,Movie 2964 (2024),Adventure|Action,36000000,106,2000,0,2.8,341,810000,1,1,1,0,0,0,0,0,0,0,0,0,0
2965,Movie 2965 (2024),Horror,115000000,168,2021,1,4.9,75,4370000,0,0,0,0,0,0,0,0,0,0,1,0,0
2966,Movie 2966 (2024),Thriller|Children|Adventure,29000000,110,2006,0,8.1,164,930000,1,0,1,0,1,0,0,0,0,0,0,0,1
2967,Movie 2967 (2024),Animation,150000000,151,1998,1,5.2,301,2670000,0,0,0,1,0,0,0,0,0,0,0,0,0
2968,Movie 2968 (2024),Animation,167000000,159,1997,0,2.9,61,890000,0,0,0,1,0,0,0,0,0,0,0,0,0
2969,Movie 2969 (2024),Sci-Fi,40000000,152,2013,1,9.4,466,3470000,0,0,0,0,0,0,0,0,0,0,0,1,0
2970,Movie 2970 (2024),Adventure|Horror,186000000,171,2007,0,7.4,73,1540000,0,0,1,0,0,0,0,0,0,0,1,0,0
2971,Movie 2971 (2024),Sci-Fi|Adventure|Drama,77000000,171,1996,0,5.5,153,500000,1,0,1,0,0,0,0,0,1,0,0,1,0
2972,Movie 2972 (2024),Documentary|Children|Thriller,161000000,128,1992,0,6.6,295,3110000,1,0,0,0,1,0,0,1,0,0,0,0,1
2973,Movie 2973 (2024),Comedy|Sci-Fi,191000000,172,2009,0,9.2,452,3560000,0,0,0,0,0,1,0,0,0,0,0,1,0
2974,Movie 2974 (2024),Drama|Action,63000000,146,1990,1,7.3,238,4390000,0,1,0,0,0,0,0,0,1,0,0,0,0
2975,Movie 2975 (2024),Action|Animation|Sci-Fi,103000000,139,1999,0,6.9,144,4490000,1,1,0,1,0,0,0,0,0,0,0,1,0
2976,Movie 2976 (2024),Action|Documentary,127000000,130,2012,0,3.1,88,790000,0,1,0,0,0,0,0,1,0,0,0,0,0
2977,Movie 2977 (2024),Children,26000000,108,1992,1,3.5,93,3260000,0,0,0,0,1,0,0,0,0,0,0,0,0
2978,Movie 2978 (2024),Adventure|Sci-Fi,68000000,119,2001,1,3.2,435,4750000,1,0,1,0,0,0,0,0,0,0,0,1,0
2979,Movie 2979 (2024),Children|Documentary|Adventure,135000000,153,2009,0,5.4,2,1970000,1,0,1,0,1,0,0,1,0,0,0,0,0
2980,Movie 2980 (2024),Action,44000000,177,2022,0,4.6,201,1270000,1,1,0,0,0,0,0,0,0,0,0,0,0
2981,Movie 2981 (2024),Adventure,94000000,101,2013,0,7.9,427,3920000,0,0,1,0,0,0,0,0,0,0,0,0,0
2982,Movie 2982 (2024),Comedy,5000000,110,2012,0,9.1,403,2090000,1,0,0,0,0,1,0,0,0,0,0,0,0
2983,Movie 2983 (2024),Action|Crime|Adventure,124000000,179,2024,0,6.1,130,2500000,1,1,1,0,0,0,1,0,0,0,0,0,0
2984,Movie 2984 (2024),Documentary,3000000,143,2017,0,5.9,340,3400000,1,0,0,0,0,0,0,1,0,0,0,0,0
2985,Movie 2985 (2024),Adventure|Action|Sci-Fi,83000000,166,2005,1,9.5,104,3240000,0,1,1,0,0,0,0,0,0,0,0,1,0
2986,Movie 2986 (2024),Animation,4000000,89,1993,1,7.0,338,4490000,1,0,0,1,0,0,0,0,0,0,0,0,0
2987,Movie 2987 (2024),Animation|Action|Documentary,185000000,122,1992,0,6.8,493,2650000,1,1,0,1,0,0,0,1,0,0,0,0,0
2988,Movie 2988 (2024),Documentary|Action|Animation,129000000,150,2000,0,9.1,417,640000,0,1,0,1,0,0,0,1,0,0,0,0,0
2989,Movie 2989 (2024),Crime|Thriller|Children,35000000,119,1992,0,8.6,48,1460000,0,0,0,0,1,0,1,0,0,0,0,0,1
2990,Movie 2990 (2024),Animation|Crime|Sci-Fi,38000000,101,2018,0,5.9,50,2020000,1,0,0,1,0,0,1,0,0,0,0,1,0
2991,Movie 2991 (2024),Comedy|Documentary|Horror,197000000,164,2010,0,4.0,223,2380000,0,0,0,0,0,1,0,1,0,0,1,0,0
2992,Movie 2992 (2024),Action|Drama,53000000,163,2015,0,5.6,14,4620000,1,1,0,0,0,0,0,0,1,0,0,0,0
2993,Movie 2993 (2024),Adventure|Sci-Fi,145000000,158,1992,0,5.5,143,2490000,1,0,1,0,0,0,0,0,0,0,0,1,0
2994,Movie 2994 (2024),Horror|Comedy,98000000,83,2015,0,4.0,357,4870000,1,0,0,0,0,1,0,0,0,0,1,0,0
2995,Movie 2995 (2024),Crime,10000000,101,2017,0,7.5,9,4790000,1,0,0,0,0,0,1,0,0,0,0,0,0
2996,Movie 2996 (2024),Action|Animation|Children,51000000,150,2019,0,8.3,469,4400000,0,1,0,1,1,0,0,0,0,0,0,0,0
2997,Movie 2997 (2024),Drama|Children,167000000,179,2004,0,9.0,76,1810000,0,0,0,0,1,0,0,0,1,0,0,0,0
2998,Movie 2998 (2024),Action|Sci-Fi,47000000,81,1995,0,7.3,221,1470000,1,1,0,0,0,0,0,0,0,0,0,1,0
2999,Movie 2999 (2024),Comedy,12000000,90,2011,0,7.4,196,4990000,1,0,0,0,0,1,0,0,0,0,0,0,0
3000,Movie 3000 (2024),Sci-Fi|Action|Animation,69000000,178,1996,0,2.7,417,1850000,1,1,0,1,0,0,0,0,0,0,0,1,0
3001,Movie 3001 (2024),Sci-Fi|Comedy,120000000,109,2023,0,7.1,159,1040000,0,0,0,0,0,1,0,0,0,0,0,1,0
3002,Movie 3002 (2024),Comedy|Horror,60000000,169,1995,0,5.9,367,1280000,0,0,0,0,0,1,0,0,0,0,1,0,0
3003,Movie 3003 (2024),Children,122000000,124,2011,0,8.9,103,620000,1,0,0,0,1,0,0,0,0,0,0,0,0
3004,Movie 3004 (2024),Thriller|Horror,18000000,135,1991,0,6.3,334,3140000,0,0,0,0,0,0,0,0,0,0,1,0,1
3005,Movie 3005 (2024),Sci-Fi,193000000,165,2022,0,2.8,180,2460000,1,0,0,0,0,0,0,0,0,0,0,1,0
3006,Movie 3006 (2024),Animation,52000000,127,1995,1,3.9,295,2270000,1,0,0,1,0,0,0,0,0,0,0,0,0
3007,Movie 3007 (2024),Thriller,185000000,158,2016,0,4.9,287,2210000,0,0,0,0,0,0,0,0,0,0,0,0,1
3008,Movie 3008 (2024),Thriller,49000000,171,2015,0,7.8,208,2250000,0,0,0,0,0,0,0,0,0,0,0,0,1
3009,Movie 3009 (2024),Adventure|Children,174000000,144,1996,0,8.9,119,4490000,1,0,1,0,1,0,0,0,0,0,0,0,0
3010,Movie 3010 (2024),Animation|Comedy,98000000,130,2014,1,9.6,84,2840000,0,0,0,1,0,1,0,0,0,0,0,0,0
3011,Movie 3011 (2024),Horror,184000000,132,1994,1,9.4,126,4090000,0,0,0,0,0,0,0,0,0,0,1,0,0
3012,Movie 3012 (2024),Horror|Fantasy,51000000,147,2021,0,6.2,441,4890000,1,0,0,0,0,0,0,0,0,1,1,0,0
3013,Movie 3013 (2024),Horror|Fantasy,80000000,138,1991,0,4.3,75,2740000,1,0,0,0,0,0,0,0,0,1,1,0,0
3014,Movie 3014 (2024),Thriller|Crime,91000000,140,2002,0,8.3,145,1260000,1,0,0,0,0,0,1,0,0,0,0,0,1
3015,Movie 3015 (2024),Fantasy|Action|Animation,115000000,179,2002,1,6.6,76,3040000,0,1,0,1,0,0,0,0,0,1,0,0,0
3016,Movie 3016 (2024),Documentary|Children|Comedy,56000000,89,2016,0,3.6,387,1990000,1,0,0,0,1,1,0,1,0,0,0,0,0
3017,Movie 3017 (2024),Fantasy|Documentary|Adventure,170000000,144,2019,0,3.3,352,1080000,0,0,1,0,0,0,0,1,0,1,0,0,0
3018,Movie 3018 (2024),Documentary|Thriller|Sci-Fi,70000000,107,2000,0,5.8,278,800000,0,0,0,0,0,0,0,1,0,0,0,1,1
3019,Movie 3019 (2024),Documentary|Drama,18000000,81,1996,1,8.3,64,3670000,1,0,0,0,0,0,0,1,1,0,0,0,0
3020,Movie 3020 (2024),Action|Animation,102000000,95,2002,0,9.0,348,2040000,1,1,0,1,0,0,0,0,0,0,0,0,0
3021,Movie 3021 (2024),Children,174000000,171,2010,0,7.2,388,2750000,1,0,0,0,1,0,0,0,0,0,0,0,0
3022,Movie 3022 (2024),Documentary,80000000,81,1993,1,4.3,304,1930000,1,0,0,0,0,0,0,1,0,0,0,0,0
3023,Movie 3023 (2024),Crime,22000000,88,2006,0,2.8,151,1770000,1,0,0,0,0,0,1,0,0,0,0,0,0
3024,Movie 3024 (2024),Adventure|Sci-Fi,135000000,86,2019,0,8.4,408,3290000,0,0,1,0,0,0,0,0,0,0,0,1,0
3025,Movie 3025 (2024),Sci-Fi|Adventure|Comedy,33000000,160,1993,0,2.2,401,2220000,1,0,1,0,0,1,0,0,0,0,0,1,0
3026,Movie 3026 (2024),Children|Crime|Sci-Fi,85000000,157,2006,0,6.9,93,1630000,0,0,0,0,1,0,1,0,0,0,0,1,0
3027,Movie 3027 (2024),Action|Fantasy|Children,139000000,127,2010,0,9.7,19,3970000,0,1,0,0,1,0,0,0,0,1,0,0,0
3028,Movie 3028 (2024),Horror|Children|Animation,130000000,172,2021,0,6.9,441,4490000,0,0,0,1,1,0,0,0,0,0,1,0,0
3029,Movie 3029 (2024),Action|Documentary,64000000,116,2005,1,3.3,303,1650000,0,1,0,0,0,0,0,1,0,0,0,0,0
3030,Movie 3030 (2024),Crime|Thriller,8000000,178,2013,1,6.8,159,3850000,1,0,0,0,0,0,1,0,0,0,0,0,1
3031,Movie 3031 (2024),Animation|Thriller|Comedy,166000000,125,1997,0,8.0,116,630000,0,0,0,1,0,1,0,0,0,0,0,0,1
3032,Movie 3032 (2024),Children|Crime|Documentary,164000000,94,1994,0,8.0,284,3760000,0,0,0,0,1,0,1,1,0,0,0,0,0
3033,Movie 3033 (2024),Sci-Fi|Drama,63000000,101,2001,0,9.6,188,3570000,1,0,0,0,0,0,0,0,1,0,0,1,0
3034,Movie 3034 (2024),Animation,145000000,120,1994,1,3.6,429,2610000,1,0,0,1,0,0,0,0,0,0,0,0,0
3035,Movie 3035 (2024),Animation,114000000,89,1991,0,9.5,142,3030000,0,0,0,1,0,0,0,0,0,0,0,0,0
3036,Movie 3036 (2024),Drama,5000000,178,2022,0,4.2,421,4130000,1,0,0,0,0,0,0,0,1,0,0,0,0
3037,Movie 3037 (2024),Documentary|Children|Horror,45000000,169,2012,0,7.0,141,1260000,1,0,0,0,1,0,0,1,0,0,1,0,0
3038,Movie 3038 (2024),Crime,133000000,163,2010,0,9.9,355,2620000,0,0,0,0,0,0,1,0,0,0,0,0,0
3039,Movie 3039 (2024),Animation|Fantasy,110000000,178,2024,0,7.9,64,3160000,0,0,0,1,0,0,0,0,0,1,0,0,0
3040,Movie 3040 (2024),Horror|Children,12000000,107,1990,0,7.8,348,500000,0,0,0,0,1,0,0,0,0,0,1,0,0
3041,Movie 3041 (2024),Animation|Comedy|Crime,146000000,130,2003,0,9.8,120,800000,0,0,0,1,0,1,1,0,0,0,0,0,0
3042,Movie 3042 (2024),Comedy,87000000,176,2005,0,2.9,93,3620000,0,0,0,0,0,1,0,0,0,0,0,0,0
3043,Movie 3043 (2024),Sci-Fi,77000000,155,2001,1,3.6,196,4760000,0,0,0,0,0,0,0,0,0,0,0,1,0
3044,Movie 3044 (2024),Adventure,23000000,113,2002,1,3.6,190,3120000,1,0,1,0,0,0,0,0,0,0,0,0,0
3045,Movie 3045 (2024),Adventure|Fantasy|Drama,131000000,90,2001,0,9.2,449,4040000,0,0,1,0,0,0,0,0,1,1,0,0,0
3046,Movie 3046 (2024),Action,186000000,92,1996,0,5.5,209,3460000,1,1,0,0,0,0,0,0,0,0,0,0,0
3047,Movie 3047 (2024),Children|Action,136000000,80,1994,0,9.2,162,1320000,1,1,0,0,1,0,0,0,0,0,0,0,0
3048,Movie 3048 (2024),Animation|Fantasy|Children,109000000,163,1993,0,3.6,411,2900000,0,0,0,1,1,0,0,0,0,1,0,0,0
3049,Movie 3049 (2024),Documentary|Crime,167000000,136,2013,0,2.4,335,2610000,0,0,0,0,0,0,1,1,0,0,0,0,0
3050,Movie 3050 (2024),Children|Fantasy|Sci-Fi,35000000,89,1992,0,3.1,275,3070000,1,0,0,0,1,0,0,0,0,1,0,1,0
3051,Movie 3051 (2024),Children|Drama,162000000,122,1994,1,9.5,173,2090000,1,0,0,0,1,0,0,0,1,0,0,0,0
3052,Movie 3052 (2024),Sci-Fi|Adventure|Children,156000000,117,1991,0,6.3,166,3310000,0,0,1,0,1,0,0,0,0,0,0,1,0
3053,Movie 3053 (2024),Comedy,141000000,90,2016,1,9.6,126,1180000,1,0,0,0,0,1,0,0,0,0,0,0,0
3054,Movie 3054 (2024),Children|Animation|Comedy,118000000,150,1992,0,5.2,453,3940000,1,0,0,1,1,1,0,0,0,0,0,0,0
3055,Movie 3055 (2024),Crime,119000000,171,2010,0,3.7,428,2110000,0,0,0,0,0,0,1,0,0,0,0,0,0
3056,Movie 3056 (2024),Crime|Documentary|Thriller,167000000,176,1991,1,4.4,400,1330000,1,0,0,0,0,0,1,1,0,0,0,0,1
3057,Movie 3057 (2024),Horror|Thriller|Adventure,16000000,176,2011,1,3.2,336,3510000,1,0,1,0,0,0,0,0,0,0,1,0,1
3058,Movie 3058 (2024),Action|Crime,166000000,81,1993,0,9.8,468,3300000,0,1,0,0,0,0,1,0,0,0,0,0,0
3059,Movie 3059 (2024),Animation,174000000,137,2006,0,6.9,389,2970000,1,0,0,1,0,0,0,0,0,0,0,0,0
3060,Movie 3060 (2024),Action,163000000,173,2009,0,5.3,234,4860000,0,1,0,0,0,0,0,0,0,0,0,0,0
3061,Movie 3061 (2024),Comedy|Drama,31000000,120,2019,0,9.0,251,4810000,0,0,0,0,0,1,0,0,1,0,0,0,0
3062,Movie 3062 (2024),Adventure,72000000,172,2007,0,4.4,60,3090000,0,0,1,0,0,0,0,0,0,0,0,0,0
3063,Movie 3063 (2024),Action,143000000,100,2014,0,6.6,225,2660000,0,1,0,0,0,0,0,0,0,0,0,0,0
3064,Movie 3064 (2024),Thriller,191000000,84,2024,1,3.7,194,3230000,1,0,0,0,0,0,0,0,0,0,0,0,1
3065,Movie 3065 (2024),Documentary|Animation|Comedy,171000000,88,1998,1,7.1,303,1080000,1,0,0,1,0,1,0,1,0,0,0,0,0
3066,Movie 3066 (2024),Adventure,181000000,131,1998,0,3.3,486,2620000,0,0,1,0,0,0,0,0,0,0,0,0,0
3067,Movie 3067 (2024),Sci-Fi|Drama|Documentary,131000000,100,2024,0,4.3,350,2210000,0,0,0,0,0,0,0,1,1,0,0,1,0
3068,Movie 3068 (2024),Action|Animation|Comedy,119000000,128,2008,1,8.2,285,4790000,1,1,0,1,0,1,0,0,0,0,0,0,0
3069,Movie 3069 (2024),Adventure|Animation,22000000,144,2015,0,4.1,91,680000,1,0,1,1,0,0,0,0,0,0,0,0,0
3070,Movie 3070 (2024),Horror|Sci-Fi,65000000,170,1995,0,3.0,25,4980000,0,0,0,0,0,0,0,0,0,0,1,1,0
3071,Movie 3071 (2024),Thriller|Horror|Sci-Fi,159000000,171,1996,0,6.5,99,590000,1,0,0,0,0,0,0,0,0,0,1,1,1
3072,Movie 3072 (2024),Drama,198000000,163,2022,0,2.9,14,950000,0,0,0,0,0,0,0,0,1,0,0,0,0
3073,Movie 3073 (2024),Animation|Children|Horror,14000000,91,2023,0,9.9,84,640000,1,0,0,1,1,0,0,0,0,0,1,0,0
3074,Movie 3074 (2024),Horror,127000000,179,2008,0,8.5,306,1100000,0,0,0,0,0,0,0,0,0,0,1,0,0
3075,Movie 3075 (2024),Fantasy|Adventure,79000000,94,2021,0,7.7,128,1400000,0,0,1,0,0,0,0,0,0,1,0,0,0
3076,Movie 3076 (2024),Action|Comedy|Children,115000000,164,2011,0,4.5,190,1940000,0,1,0,0,1,1,0,0,0,0,0,0,0
3077,Movie 3077 (2024),Animation,142000000,169,2005,1,2.0,37,3000000,1,0,0,1,0,0,0,0,0,0,0,0,0
3078,Movie 3078 (2024),Fantasy|Adventure|Horror,81000000,125,2003,0,9.5,86,3510000,1,0,1,0,0,0,0,0,0,1,1,0,0
3079,Movie 3079 (2024),Sci-Fi,198000000,145,1990,1,4.1,277,4470000,0,0,0,0,0,0,0,0,0,0,0,1,0
3080,Movie 3080 (2024),Sci-Fi|Horror,54000000,89,2023,1,4.8,301,2210000,0,0,0,0,0,0,0,0,0,0,1,1,0
3081,Movie 3081 (2024),Adventure|Fantasy|Crime,151000000,86,1994,1,3.5,68,4760000,1,0,1,0,0,0,1,0,0,1,0,0,0
3082,Movie 3082 (2024),Action|Documentary,196000000,153,2016,0,4.9,475,910000,1,1,0,0,0,0,0,1,0,0,0,0,0
3083,Movie 3083 (2024),Thriller,186000000,143,1999,0,9.4,311,1910000,1,0,0,0,0,0,0,0,0,0,0,0,1
3084,Movie 3084 (2024),Adventure|Horror,7000000,105,1994,0,2.8,95,4420000,0,0,1,0,0,0,0,0,0,0,1,0,0
3085,Movie 3085 (2024),Documentary|Crime|Thriller,164000000,136,2014,1,8.8,476,2180000,0,0,0,0,0,0,1,1,0,0,0,0,1
3086,Movie 3086 (2024),Comedy|Fantasy|Sci-Fi,49000000,107,2016,0,9.9,197,2410000,1,0,0,0,0,1,0,0,0,1,0,1,0
3087,Movie 3087 (2024),Crime|Thriller|Animation,15000000,108,2015,0,8.1,376,4030000,1,0,0,1,0,0,1,0,0,0,0,0,1
3088,Movie 3088 (2024),Action|Horror,94000000,125,1990,0,6.5,86,760000,0,1,0,0,0,0,0,0,0,0,1,0,0
3089,Movie 3089 (2024),Thriller|Horror,52000000,110,1998,0,8.8,239,1500000,0,0,0,0,0,0,0,0,0,0,1,0,1
3090,Movie 3090 (2024),Comedy,38000000,142,2003,0,5.5,116,1630000,0,0,0,0,0,1,0,0,0,0,0,0,0
3091,Movie 3091 (2024),Comedy|Drama,3000000,159,1997,1,2.5,280,4280000,0,0,0,0,0,1,0,0,1,0,0,0,0
3092,Movie 3092 (2024),Animation,49000000,97,2015,0,3.5,460,900000,0,0,0,1,0,0,0,0,0,0,0,0,0
3093,Movie 3093 (2024),Crime,192000000,151,2016,0,2.5,207,2720000,0,0,0,0,0,0,1,0,0,0,0,0,0
3094,Movie 3094 (2024),Thriller,12000000,163,2008,0,9.7,306,1570000,0,0,0,0,0,0,0,0,0,0,0,0,1
3095,Movie 3095 (2024),Sci-Fi|Documentary|Drama,80000000,179,2019,0,7.2,207,1210000,1,0,0,0,0,0,0,1,1,0,0,1,0
3096,Movie 3096 (2024),Crime|Comedy|Children,24000000,159,2002,1,7.6,165,3700000,0,0,0,0,1,1,1,0,0,0,0,0,0
3097,Movie 3097 (2024),Crime|Comedy|Drama,34000000,90,2002,0,6.4,347,670000,1,0,0,0,0,1,1,0,1,0,0,0,0
3098,Movie 3098 (2024),Children|Adventure|Thriller,102000000,113,2009,0,7.4,418,4580000,0,0,1,0,1,0,0,0,0,0,0,0,1
3099,Movie 3099 (2024),Comedy|Horror|Documentary,51000000,155,2005,1,6.5,310,3050000,1,0,0,0,0,1,0,1,0,0,1,0,0
3100,Movie 3100 (2024),Action|Thriller,138000000,81,1995,0,3.4,367,1920000,0,1,0,0,0,0,0,0,0,0,0,0,1
3101,Movie 3101 (2024),Documentary,87000000,143,2020,0,9.8,297,1340000,0,0,0,0,0,0,0,1,0,0,0,0,0
3102,Movie 3102 (2024),Adventure|Horror|Documentary,78000000,163,2002,1,4.8,447,1570000,0,0,1,0,0,0,0,1,0,0,1,0,0
3103,Movie 3103 (2024),Action|Documentary,2000000,142,2000,0,5.7,358,1930000,0,1,0,0,0,0,0,1,0,0,0,0,0
3104,Movie 3104 (2024),Crime,191000000,173,1999,0,4.4,212,4540000,0,0,0,0,0,0,1,0,0,0,0,0,0
3105,Movie 3105 (2024),Drama|Sci-Fi,134000000,102,2000,0,2.5,469,3520000,1,0,0,0,0,0,0,0,1,0,0,1,0
3106,Movie 3106 (2024),Comedy,82000000,134,2002,1,9.2,334,4280000,0,0,0,0,0,1,0,0,0,0,0,0,0
3107,Movie 3107 (2024),Horror|Animation|Fantasy,16000000,170,2012,0,7.7,259,1100000,0,0,0,1,0,0,0,0,0,1,1,0,0
3108,Movie 3108 (2024),Horror|Sci-Fi|Comedy,98000000,175,2015,0,3.8,383,2500000,1,0,0,0,0,1,0,0,0,0,1,1,0
3109,Movie 3109 (2024),Action|Documentary|Animation,96000000,149,1996,0,2.6,82,3290000,0,1,0,1,0,0,0,1,0,0,0,0,0
3110,Movie 3110 (2024),Children,181000000,157,2003,0,2.5,361,3520000,0,0,0,0,1,0,0,0,0,0,0,0,0
3111,Movie 3111 (2024),Crime|Adventure,85000000,88,1995,0,6.3,24,2960000,1,0,1,0,0,0,1,0,0,0,0,0,0
3112,Movie 3112 (2024),Animation|Thriller|Children,160000000,94,2000,0,4.7,60,3070000,1,0,0,1,1,0,0,0,0,0,0,0,1
3113,Movie 3113 (2024),Action|Crime|Horror,158000000,111,2016,0,8.3,159,2950000,1,1,0,0,0,0,1,0,0,0,1,0,0
3114,Movie 3114 (2024),Thriller|Horror,198000000,134,2018,0,8.5,274,4910000,0,0,0,0,0,0,0,0,0,0,1,0,1
3115,Movie 3115 (2024),Drama|Crime,152000000,123,2009,1,5.7,256,3770000,0,0,0,0,0,0,1,0,1,0,0,0,0
3116,Movie 3116 (2024),Children|Adventure|Thriller,37000000,108,2011,0,7.8,497,710000,0,0,1,0,1,0,0,0,0,0,0,0,1
3117,Movie 3117 (2024),Action|Comedy|Drama,87000000,90,1997,0,5.7,302,900000,1,1,0,0,0,1,0,0,1,0,0,0,0
3118,Movie 3118 (2024),Adventure|Thriller,191000000,110,2009,1,5.2,80,4470000,1,0,1,0,0,0,0,0,0,0,0,0,1
3119,Movie 3119 (2024),Horror|Crime|Action,90000000,109,1995,0,3.4,195,910000,1,1,0,0,0,0,1,0,0,0,1,0,0
3120,Movie 3120 (2024),Horror,47000000,92,1993,0,8.8,138,2870000,0,0,0,0,0,0,0,0,0,0,1,0,0
3121,Movie 3121 (2024),Action,72000000,113,2015,0,5.1,72,4180000,0,1,0,0,0,0,0,0,0,0,0,0,0
3122,Movie 3122 (2024),Sci-Fi,26000000,137,2009,1,7.4,143,1860000,1,0,0,0,0,0,0,0,0,0,0,1,0
3123,Movie 3123 (2024),Thriller|Children|Adventure,125000000,148,1990,0,4.2,345,2160000,0,0,1,0,1,0,0,0,0,0,0,0,1
3124,Movie 3124 (2024),Fantasy,168000000,130,2006,0,9.4,156,2380000,0,0,0,0,0,0,0,0,0,1,0,0,0
3125,Movie 3125 (2024),Animation|Comedy|Adventure,25000000,97,1997,0,4.7,201,650000,0,0,1,1,0,1,0,0,0,0,0,0,0
3126,Movie 3126 (2024),Animation|Thriller,172000000,144,1992,0,5.3,469,1590000,0,0,0,1,0,0,0,0,0,0,0,0,1
3127,Movie 3127 (2024),Adventure|Fantasy,199000000,103,2018,1,6.3,248,2880000,0,0,1,0,0,0,0,0,0,1,0,0,0
3128,Movie 3128 (2024),Action|Sci-Fi|Children,100000000,161,2012,0,3.9,401,4980000,1,1,0,0,1,0,0,0,0,0,0,1,0
3129,Movie 3129 (2024),Adventure,36000000,125,2013,1,4.0,5,4590000,1,0,1,0,0,0,0,0,0,0,0,0,0
3130,Movie 3130 (2024),Fantasy,79000000,130,1992,0,2.0,373,3050000,1,0,0,0,0,0,0,0,0,1,0,0,0
3131,Movie 3131 (2024),Horror,61000000,154,2007,0,3.8,94,2750000,1,0,0,0,0,0,0,0,0,0,1,0,0
3132,Movie 3132 (2024),Documentary|Thriller|Animation,73000000,174,2024,0,4.9,9,4940000,1,0,0,1,0,0,0,1,0,0,0,0,1
3133,Movie 3133 (2024),Drama|Fantasy|Animation,76000000,161,2019,1,2.2,59,3570000,0,0,0,1,0,0,0,0,1,1,0,0,0
3134,Movie 3134 (2024),Documentary|Adventure,11000000,159,1990,0,4.0,244,4430000,1,0,1,0,0,0,0,1,0,0,0,0,0
3135,Movie 3135 (2024),Thriller|Crime|Comedy,62000000,101,1992,0,5.2,453,1000000,0,0,0,0,0,1,1,0,0,0,0,0,1
3136,Movie 3136 (2024),Fantasy|Horror,54000000,118,1992,0,9.0,163,1350000,0,0,0,0,0,0,0,0,0,1,1,0,0
3137,Movie 3137 (2024),Crime|Children,55000000,96,2021,0,3.5,219,4640000,1,0,0,0,1,0,1,0,0,0,0,0,0
3138,Movie 3138 (2024),Animation|Action|Fantasy,135000000,118,1998,0,5.8,410,2610000,0,1,0,1,0,0,0,0,0,1,0,0,0
3139,Movie 3139 (2024),Thriller|Animation|Documentary,64000000,150,1994,0,9.3,337,3840000,1,0,0,1,0,0,0,1,0,0,0,0,1
3140,Movie 3140 (2024),Sci-Fi,197000000,158,2020,0,8.2,220,3110000,0,0,0,0,0,0,0,0,0,0,0,1,0
3141,Movie 3141 (2024),Documentary|Horror|Animation,146000000,134,2018,0,6.3,466,810000,0,0,0,1,0,0,0,1,0,0,1,0,0
3142,Movie 3142 (2024),Fantasy,125000000,177,2002,0,7.5,436,1850000,0,0,0,0,0,0,0,0,0,1,0,0,0
3143,Movie 3143 (2024),Drama|Animation|Thriller,195000000,81,2011,0,3.2,411,1900000,0,0,0,1,0,0,0,0,1,0,0,0,1
3144,Movie 3144 (2024),Thriller|Crime|Horror,182000000,150,1990,1,7.1,480,2680000,0,0,0,0,0,0,1,0,0,0,1,0,1
3145,Movie 3145 (2024),Horror,93000000,87,1999,0,3.1,482,2320000,0,0,0,0,0,0,0,0,0,0,1,0,0
3146,Movie 3146 (2024),Crime,131000000,90,2019,1,5.4,251,3240000,0,0,0,0,0,0,1,0,0,0,0,0,0
3147,Movie 3147 (2024),Crime|Documentary,51000000,142,2006,0,5.8,21,1860000,1,0,0,0,0,0,1,1,0,0,0,0,0
3148,Movie 3148 (2024),Crime,161000000,90,2012,0,6.0,416,1670000,0,0,0,0,0,0,1,0,0,0,0,0,0
3149,Movie 3149 (2024),Fantasy,74000000,93,2006,0,5.8,106,2480000,1,0,0,0,0,0,0,0,0,1,0,0,0
3150,Movie 3150 (2024),Fantasy|Comedy|Sci-Fi,53000000,121,1992,1,7.8,50,1720000,1,0,0,0,0,1,0,0,0,1,0,1,0
3151,Movie 3151 (2024),Sci-Fi|Crime|Action,156000000,174,2016,0,9.0,360,780000,0,1,0,0,0,0,1,0,0,0,0,1,0
3152,Movie 3152 (2024),Documentary|Thriller|Sci-Fi,59000000,169,1992,1,9.0,320,2640000,0,0,0,0,0,0,0,1,0,0,0,1,1
3153,Movie 3153 (2024),Children,144000000,132,2022,0,5.8,4,2270000,0,0,0,0,1,0,0,0,0,0,0,0,0
3154,Movie 3154 (2024),Animation,96000000,148,1991,0,4.8,139,4050000,1,0,0,1,0,0,0,0,0,0,0,0,0
3155,Movie 3155 (2024),Animation|Adventure|Documentary,172000000,174,2018,0,9.7,419,760000,0,0,1,1,0,0,0,1,0,0,0,0,0
3156,Movie 3156 (2024),Documentary,105000000,85,1992,0,6.1,466,4030000,1,0,0,0,0,0,0,1,0,0,0,0,0
3157,Movie 3157 (2024),Comedy|Fantasy|Documentary,99000000,129,1992,0,9.2,125,4570000,1,0,0,0,0,1,0,1,0,1,0,0,0
3158,Movie 3158 (2024),Drama|Horror,138000000,108,2019,0,4.6,48,4930000,1,0,0,0,0,0,0,0,1,0,1,0,0
3159,Movie 3159 (2024),Crime|Fantasy,75000000,141,1996,0,9.4,37,2100000,1,0,0,0,0,0,1,0,0,1,0,0,0
3160,Movie 3160 (2024),Fantasy|Comedy,178000000,111,2002,1,3.4,266,3730000,0,0,0,0,0,1,0,0,0,1,0,0,0
3161,Movie 3161 (2024),Action|Horror|Adventure,183000000,136,1992,0,6.2,324,3980000,0,1,1,0,0,0,0,0,0,0,1,0,0
3162,Movie 3162 (2024),Documentary|Fantasy|Horror,49000000,159,1991,0,2.6,187,4900000,0,0,0,0,0,0,0,1,0,1,1,0,0
3163,Movie 3163 (2024),Comedy|Adventure|Children,89000000,132,2019,1,6.0,292,4370000,1,0,1,0,1,1,0,0,0,0,0,0,0
3164,Movie 3164 (2024),Sci-Fi|Documentary,109000000,165,2018,0,7.1,165,2620000,0,0,0,0,0,0,0,1,0,0,0,1,0
3165,Movie 3165 (2024),Drama,3000000,81,2010,1,5.3,419,4450000,0,0,0,0,0,0,0,0,1,0,0,0,0
3166,Movie 3166 (2024),Documentary|Crime,42000000,125,2009,0,9.2,253,4770000,1,0,0,0,0,0,1,1,0,0,0,0,0
3167,Movie 3167 (2024),Crime|Children|Adventure,52000000,165,2016,0,3.3,115,4830000,0,0,1,0,1,0,1,0,0,0,0,0,0
3168,Movie 3168 (2024),Adventure,53000000,106,1993,0,2.4,384,4640000,0,0,1,0,0,0,0,0,0,0,0,0,0
3169,Movie 3169 (2024),Documentary,121000000,148,2024,0,9.3,469,3530000,0,0,0,0,0,0,0,1,0,0,0,0,0
3170,Movie 3170 (2024),Documentary|Children|Adventure,188000000,123,1990,0,5.2,73,3180000,1,0,1,0,1,0,0,1,0,0,0,0,0
3171,Movie 3171 (2024),Children,6000000,124,1997,0,6.5,386,4700000,1,0,0,0,1,0,0,0,0,0,0,0,0
3172,Movie 3172 (2024),Thriller|Action,49000000,86,1992,0,4.0,48,590000,0,1,0,0,0,0,0,0,0,0,0,0,1
3173,Movie 3173 (2024),Fantasy,15000000,141,2021,0,7.0,461,4500000,1,0,0,0,0,0,0,0,0,1,0,0,0
3174,Movie 3174 (2024),Comedy|Thriller|Crime,111000000,90,1994,0,7.5,116,2440000,0,0,0,0,0,1,1,0,0,0,0,0,1
3175,Movie 3175 (2024),Animation|Adventure,164000000,115,1995,0,4.4,168,3080000,1,0,1,1,0,0,0,0,0,0,0,0,0
3176,Movie 3176 (2024),Horror|Comedy,83000000,130,2023,0,4.9,236,1200000,0,0,0,0,0,1,0,0,0,0,1,0,0
3177,Movie 3177 (2024),Action|Crime|Horror,176000000,148,2020,0,2.0,62,3750000,0,1,0,0,0,0,1,0,0,0,1,0,0
3178,Movie 3178 (2024),Documentary|Fantasy,81000000,116,2003,0,8.2,466,2590000,1,0,0,0,0,0,0,1,0,1,0,0,0
3179,Movie 3179 (2024),Drama|Horror|Children,28000000,94,2014,0,2.5,214,1510000,0,0,0,0,1,0,0,0,1,0,1,0,0
3180,Movie 3180 (2024),Drama|Animation,39000000,165,2023,0,3.4,14,1830000,0,0,0,1,0,0,0,0,1,0,0,0,0
3181,Movie 3181 (2024),Sci-Fi|Animation|Drama,153000000,112,2003,1,5.6,407,1430000,0,0,0,1,0,0,0,0,1,0,0,1,0
3182,Movie 3182 (2024),Action|Thriller|Children,85000000,101,2020,1,4.9,13,3070000,0,1,0,0,1,0,0,0,0,0,0,0,1
3183,Movie 3183 (2024),Comedy|Fantasy|Sci-Fi,89000000,145,1993,1,9.0,476,2670000,1,0,0,0,0,1,0,0,0,1,0,1,0
3184,Movie 3184 (2024),Drama,173000000,83,2016,1,4.0,326,4560000,0,0,0,0,0,0,0,0,1,0,0,0,0
3185,Movie 3185 (2024),Animation,50000000,83,2000,1,8.0,295,1730000,0,0,0,1,0,0,0,0,0,0,0,0,0
3186,Movie 3186 (2024),Fantasy,116000000,160,2007,0,5.4,115,1970000,0,0,0,0,0,0,0,0,0,1,0,0,0
3187,Movie 3187 (2024),Comedy,184000000,107,1995,0,8.1,317,500000,0,0,0,0,0,1,0,0,0,0,0,0,0
3188,Movie 3188 (2024),Comedy|Documentary,100000000,121,1990,0,5.7,436,950000,0,0,0,0,0,1,0,1,0,0,0,0,0
3189,Movie 3189 (2024),Adventure|Action|Children,71000000,179,2023,0,5.4,15,4750000,1,1,1,0,1,0,0,0,0,0,0,0,0
3190,Movie 3190 (2024),Action|Adventure,76000000,169,1991,1,4.3,242,3340000,0,1,1,0,0,0,0,0,0,0,0,0,0
3191,Movie 3191 (2024),Adventure,157000000,106,2024,0,8.0,214,1440000,0,0,1,0,0,0,0,0,0,0,0,0,0
3192,Movie 3192 (2024),Crime,59000000,136,1995,0,2.9,156,3960000,0,0,0,0,0,0,1,0,0,0,0,0,0
3193,Movie 3193 (2024),Fantasy|Documentary|Animation,50000000,159,2009,0,7.0,178,1950000,0,0,0,1,0,0,0,1,0,1,0,0,0
3194,Movie 3194 (2024),Crime|Comedy,176000000,129,2021,0,9.8,266,1310000,0,0,0,0,0,1,1,0,0,0,0,0,0
3195,Movie 3195 (2024),Documentary,41000000,94,1991,0,9.0,23,3370000,1,0,0,0,0,0,0,1,0,0,0,0,0
3196,Movie 3196 (2024),Crime|Action,180000000,144,2001,1,5.8,421,2410000,1,1,0,0,0,0,1,0,0,0,0,0,0
3197,Movie 3197 (2024),Sci-Fi,10000000,164,2018,0,7.6,180,1190000,1,0,0,0,0,0,0,0,0,0,0,1,0
3198,Movie 3198 (2024),Adventure|Action|Animation,88000000,121,1991,0,9.6,428,1400000,0,1,1,1,0,0,0,0,0,0,0,0,0
3199,Movie 3199 (2024),Fantasy|Adventure,27000000,80,2001,0,9.1,293,4190000,0,0,1,0,0,0,0,0,0,1,0,0,0
3200,Movie 3200 (2024),Sci-Fi|Action,55000000,165,2015,0,2.8,408,4380000,0,1,0,0,0,0,0,0,0,0,0,1,0
3201,Movie 3201 (2024),Action,73000000,81,1993,0,3.0,55,2480000,0,1,0,0,0,0,0,0,0,0,0,0,0
3202,Movie 3202 (2024),Children|Animation|Fantasy,101000000,176,2005,0,8.6,345,2600000,0,0,0,1,1,0,0,0,0,1,0,0,0
3203,Movie 3203 (2024),Fantasy|Horror,96000000,160,1996,0,8.7,358,4150000,1,0,0,0,0,0,0,0,0,1,1,0,0
3204,Movie 3204 (2024),Sci-Fi|Animation|Thriller,80000000,130,2004,0,3.2,130,600000,0,0,0,1,0,0,0,0,0,0,0,1,1
3205,Movie 3205 (2024),Action|Children|Horror,45000000,137,2000,0,5.7,474,4620000,0,1,0,0,1,0,0,0,0,0,1,0,0
3206,Movie 3206 (2024),Documentary,175000000,155,2000,1,9.5,63,880000,1,0,0,0,0,0,0,1,0,0,0,0,0
3207,Movie 3207 (2024),Fantasy|Comedy|Children,89000000,155,1994,0,4.1,124,2950000,0,0,0,0,1,1,0,0,0,1,0,0,0
3208,Movie 3208 (2024),Children|Adventure,103000000,90,2002,0,9.2,93,860000,0,0,1,0,1,0,0,0,0,0,0,0,0
3209,Movie 3209 (2024),Horror|Drama|Adventure,138000000,153,2007,1,3.2,214,3950000,1,0,1,0,0,0,0,0,1,0,1,0,0
3210,Movie 3210 (2024),Sci-Fi|Action,138000000,110,2000,1,8.7,393,1290000,1,1,0,0,0,0,0,0,0,0,0,1,0
3211,Movie 3211 (2024),Drama|Children,140000000,169,2004,1,4.8,152,1880000,1,0,0,0,1,0,0,0,1,0,0,0,0
3212,Movie 3212 (2024),Documentary|Children,74000000,131,2016,1,2.6,172,3210000,0,0,0,0,1,0,0,1,0,0,0,0,0
3213,Movie 3213 (2024),Comedy|Action,131000000,139,1991,0,6.7,439,1340000,1,1,0,0,0,1,0,0,0,0,0,0,0
3214,Movie 3214 (2024),Action|Drama,142000000,172,2004,0,2.9,252,3750000,0,1,0,0,0,0,0,0,1,0,0,0,0
3215,Movie 3215 (2024),Sci-Fi|Fantasy|Horror,198000000,135,2010,1,4.1,328,2590000,0,0,0,0,0,0,0,0,0,1,1,1,0
3216,Movie 3216 (2024),Horror|Action,106000000,120,2017,1,2.3,306,3900000,1,1,0,0,0,0,0,0,0,0,1,0,0
3217,Movie 3217 (2024),Action|Thriller|Sci-Fi,56000000,118,1993,0,4.1,75,4670000,1,1,0,0,0,0,0,0,0,0,0,1,1
3218,Movie 3218 (2024),Action|Comedy|Fantasy,111000000,88,2013,1,4.0,240,2130000,1,1,0,0,0,1,0,0,0,1,0,0,0
3219,Movie 3219 (2024),Sci-Fi|Crime,128000000,82,1999,0,7.6,337,960000,0,0,0,0,0,0,1,0,0,0,0,1,0
3220,Movie 3220 (2024),Horror|Adventure,126000000,169,1995,0,8.6,115,1260000,1,0,1,0,0,0,0,0,0,0,1,0,0
3221,Movie 3221 (2024),Adventure,168000000,86,2019,0,2.6,18,3750000,0,0,1,0,0,0,0,0,0,0,0,0,0
3222,Movie 3222 (2024),Fantasy|Comedy|Documentary,17000000,107,2006,1,7.1,135,4670000,0,0,0,0,0,1,0,1,0,1,0,0,0
3223,Movie 3223 (2024),Crime,14000000,145,2017,0,3.4,129,4550000,1,0,0,0,0,0,1,0,0,0,0,0,0
3224,Movie 3224 (2024),Adventure|Sci-Fi,150000000,83,2018,0,8.4,241,710000,1,0,1,0,0,0,0,0,0,0,0,1,0
3225,Movie 3225 (2024),Documentary|Adventure,62000000,141,2008,0,8.0,133,4880000,1,0,1,0,0,0,0,1,0,0,0,0,0
3226,Movie 3226 (2024),Sci-Fi,30000000,151,2018,0,9.8,75,3630000,0,0,0,0,0,0,0,0,0,0,0,1,0
3227,Movie 3227 (2024),Thriller|Animation,196000000,83,2017,0,10.0,332,2600000,0,0,0,1,0,0,0,0,0,0,0,0,1
3228,Movie 3228 (2024),Comedy|Crime,169000000,127,2020,1,4.9,54,2610000,1,0,0,0,0,1,1,0,0,0,0,0,0
3229,Movie 3229 (2024),Comedy|Adventure|Action,154000000,88,2011,1,6.5,88,1400000,0,1,1,0,0,1,0,0,0,0,0,0,0
3230,Movie 3230 (2024),Crime|Thriller|Fantasy,160000000,174,2007,1,3.4,161,2540000,0,0,0,0,0,0,1,0,0,1,0,0,1
3231,Movie 3231 (2024),Action,167000000,83,2008,0,8.8,361,910000,0,1,0,0,0,0,0,0,0,0,0,0,0
3232,Movie 3232 (2024),Documentary|Drama|Thriller,149000000,105,2010,0,2.3,192,970000,0,0,0,0,0,0,0,1,1,0,0,0,1
3233,Movie 3233 (2024),Documentary,81000000,163,1993,0,8.9,437,4640000,0,0,0,0,0,0,0,1,0,0,0,0,0
3234,Movie 3234 (2024),Horror,198000000,104,2023,0,6.9,375,750000,1,0,0,0,0,0,0,0,0,0,1,0,0
3235,Movie 3235 (2024),Adventure,107000000,110,2011,0,2.1,448,4950000,1,0,1,0,0,0,0,0,0,0,0,0,0
3236,Movie 3236 (2024),Documentary|Children,41000000,164,1994,0,6.6,174,1620000,1,0,0,0,1,0,0,1,0,0,0,0,0
3237,Movie 3237 (2024),Action|Comedy|Sci-Fi,17000000,176,1997,1,2.8,299,2020000,0,1,0,0,0,1,0,0,0,0,0,1,0
3238,Movie 3238 (2024),Documentary|Horror,161000000,121,2001,0,8.0,324,4260000,0,0,0,0,0,0,0,1,0,0,1,0,0
3239,Movie 3239 (2024),Action|Comedy,164000000,132,2017,0,9.1,181,1790000,0,1,0,0,0,1,0,0,0,0,0,0,0
3240,Movie 3240 (2024),Thriller,161000000,120,1996,1,6.2,414,3660000,0,0,0,0,0,0,0,0,0,0,0,0,1
3241,Movie 3241 (2024),Documentary|Comedy,67000000,84,2000,0,9.6,20,4410000,1,0,0,0,0,1,0,1,0,0,0,0,0
3242,Movie 3242 (2024),Thriller|Horror,80000000,150,1991,0,5.3,340,1180000,0,0,0,0,0,0,0,0,0,0,1,0,1
3243,Movie 3243 (2024),Sci-Fi,78000000,119,2023,0,5.5,148,1370000,1,0,0,0,0,0,0,0,0,0,0,1,0
3244,Movie 3244 (2024),Horror|Action,185000000,82,1998,0,8.6,462,4770000,0,1,0,0,0,0,0,0,0,0,1,0,0
3245,Movie 3245 (2024),Documentary,161000000,162,1990,0,2.2,181,670000,0,0,0,0,0,0,0,1,0,0,0,0,0
3246,Movie 3246 (2024),Documentary|Sci-Fi|Action,109000000,88,2020,0,6.6,227,2410000,0,1,0,0,0,0,0,1,0,0,0,1,0
3247,Movie 3247 (2024),Action|Animation|Documentary,108000000,100,1990,0,9.0,117,3090000,0,1,0,1,0,0,0,1,0,0,0,0,0
3248,Movie 3248 (2024),Action|Horror,24000000,165,2021,0,6.7,462,4980000,0,1,0,0,0,0,0,0,0,0,1,0,0
3249,Movie 3249 (2024),Comedy,67000000,139,2022,1,6.3,416,2200000,1,0,0,0,0,1,0,0,0,0,0,0,0
3250,Movie 3250 (2024),Fantasy,146000000,145,2022,0,7.3,429,1060000,0,0,0,0,0,0,0,0,0,1,0,0,0
3251,Movie 3251 (2024),Fantasy|Children,185000000,175,1990,0,7.0,417,3580000,0,0,0,0,1,0,0,0,0,1,0,0,0
3252,Movie 3252 (2024),Thriller,46000000,93,2006,1,9.6,384,4290000,1,0,0,0,0,0,0,0,0,0,0,0,1
3253,Movie 3253 (2024),Horror|Children,104000000,147,2014,0,3.2,51,4960000,1,0,0,0,1,0,0,0,0,0,1,0,0
3254,Movie 3254 (2024),Sci-Fi,197000000,95,1991,0,2.3,443,3360000,0,0,0,0,0,0,0,0,0,0,0,1,0
3255,Movie 3255 (2024),Thriller,158000000,90,1999,0,4.0,374,3470000,0,0,0,0,0,0,0,0,0,0,0,0,1
3256,Movie 3256 (2024),Children|Documentary|Fantasy,101000000,98,2014,0,9.4,471,4320000,1,0,0,0,1,0,0,1,0,1,0,0,0
3257,Movie 3257 (2024),Crime|Comedy,44000000,107,2022,0,4.1,491,4220000,0,0,0,0,0,1,1,0,0,0,0,0,0
3258,Movie 3258 (2024),Action,108000000,138,1997,0,2.4,120,1710000,0,1,0,0,0,0,0,0,0,0,0,0,0
3259,Movie 3259 (2024),Documentary|Horror|Sci-Fi,32000000,96,2022,1,6.3,260,1870000,1,0,0,0,0,0,0,1,0,0,1,1,0
3260,Movie 3260 (2024),Sci-Fi,87000000,161,2002,1,2.8,357,1620000,0,0,0,0,0,0,0,0,0,0,0,1,0
3261,Movie 3261 (2024),Horror|Thriller|Crime,131000000,147,2012,1,4.0,298,3240000,1,0,0,0,0,0,1,0,0,0,1,0,1
3262,Movie 3262 (2024),Sci-Fi|Thriller|Animation,13000000,171,2012,0,5.4,114,590000,1,0,0,1,0,0,0,0,0,0,0,1,1
3263,Movie 3263 (2024),Adventure|Horror|Crime,165000000,160,2016,0,2.6,202,1360000,0,0,1,0,0,0,1,0,0,0,1,0,0
3264,Movie 3264 (2024),Sci-Fi|Crime,29000000,111,2008,0,5.5,385,1490000,0,0,0,0,0,0,1,0,0,0,0,1,0
3265,Movie 3265 (2024),Action|Drama,108000000,165,2011,0,6.5,27,4240000,1,1,0,0,0,0,0,0,1,0,0,0,0
3266,Movie 3266 (2024),Adventure,198000000,175,2015,1,3.8,443,560000,1,0,1,0,0,0,0,0,0,0,0,0,0
3267,Movie 3267 (2024),Horror|Thriller,125000000,93,2016,0,6.8,72,700000,1,0,0,0,0,0,0,0,0,0,1,0,1
3268,Movie 3268 (2024),Animation,7000000,144,2023,1,4.4,308,4090000,1,0,0,1,0,0,0,0,0,0,0,0,0
3269,Movie 3269 (2024),Fantasy|Drama|Sci-Fi,115000000,179,1999,0,2.6,21,1210000,1,0,0,0,0,0,0,0,1,1,0,1,0
3270,Movie 3270 (2024),Children|Thriller,60000000,120,2013,0,6.6,147,4010000,1,0,0,0,1,0,0,0,0,0,0,0,1
3271,Movie 3271 (2024),Sci-Fi,105000000,158,2018,0,8.3,178,3780000,1,0,0,0,0,0,0,0,0,0,0,1,0
3272,Movie 3272 (2024),Animation,3000000,114,1999,0,9.8,326,3570000,1,0,0,1,0,0,0,0,0,0,0,0,0
3273,Movie 3273 (2024),Thriller|Action|Horror,140000000,100,2023,1,5.7,143,3490000,0,1,0,0,0,0,0,0,0,0,1,0,1
3274,Movie 3274 (2024),Comedy|Documentary|Animation,173000000,98,2004,0,4.2,356,3810000,0,0,0,1,0,1,0,1,0,0,0,0,0
3275,Movie 3275 (2024),Sci-Fi,64000000,142,2010,0,9.3,192,3890000,0,0,0,0,0,0,0,0,0,0,0,1,0
3276,Movie 3276 (2024),Comedy,148000000,158,2002,0,4.8,329,1490000,0,0,0,0,0,1,0,0,0,0,0,0,0
3277,Movie 3277 (2024),Children|Crime|Documentary,194000000,123,2006,0,9.3,265,3380000,1,0,0,0,1,0,1,1,0,0,0,0,0
3278,Movie 3278 (2024),Action|Fantasy|Animation,146000000,88,2011,0,3.0,324,4240000,1,1,0,1,0,0,0,0,0,1,0,0,0
3279,Movie 3279 (2024),Action|Children,181000000,118,2022,0,6.3,179,840000,1,1,0,0,1,0,0,0,0,0,0,0,0
3280,Movie 3280 (2024),Action|Drama,20000000,96,2020,0,6.4,14,3260000,1,1,0,0,0,0,0,0,1,0,0,0,0
3281,Movie 3281 (2024),Comedy|Animation,165000000,122,1999,0,6.4,98,4460000,0,0,0,1,0,1,0,0,0,0,0,0,0
3282,Movie 3282 (2024),Action,164000000,177,2013,0,9.0,484,1010000,1,1,0,0,0,0,0,0,0,0,0,0,0
3283,Movie 3283 (2024),Crime,104000000,169,2006,0,6.7,403,4900000,1,0,0,0,0,0,1,0,0,0,0,0,0
3284,Movie 3284 (2024),Horror,36000000,160,2000,0,4.2,409,4450000,1,0,0,0,0,0,0,0,0,0,1,0,0
3285,Movie 3285 (2024),Drama|Crime,188000000,177,2011,0,7.6,305,2520000,1,0,0,0,0,0,1,0,1,0,0,0,0
3286,Movie 3286 (2024),Children|Sci-Fi,76000000,166,2013,1,7.1,174,2890000,1,0,0,0,1,0,0,0,0,0,0,1,0
3287,Movie 3287 (2024),Documentary|Comedy|Action,25000000,146,2016,0,8.4,338,2770000,1,1,0,0,0,1,0,1,0,0,0,0,0
3288,Movie 3288 (2024),Thriller|Fantasy|Children,89000000,125,2004,0,4.7,262,1820000,0,0,0,0,1,0,0,0,0,1,0,0,1
3289,Movie 3289 (2024),Thriller|Animation|Documentary,140000000,170,1991,0,7.2,396,3080000,1,0,0,1,0,0,0,1,0,0,0,0,1
3290,Movie 3290 (2024),Action|Fantasy|Documentary,46000000,169,1992,0,8.7,417,2300000,0,1,0,0,0,0,0,1,0,1,0,0,0
3291,Movie 3291 (2024),Comedy|Crime|Fantasy,127000000,154,1994,0,6.3,355,4890000,0,0,0,0,0,1,1,0,0,1,0,0,0
3292,Movie 3292 (2024),Action|Crime|Children,82000000,163,2006,1,4.6,122,580000,1,1,0,0,1,0,1,0,0,0,0,0,0
3293,Movie 3293 (2024),Documentary|Comedy|Children,27000000,176,2012,0,9.3,394,4460000,1,0,0,0,1,1,0,1,0,0,0,0,0
3294,Movie 3294 (2024),Children,195000000,88,1992,0,4.8,450,3880000,0,0,0,0,1,0,0,0,0,0,0,0,0
3295,Movie 3295 (2024),Crime|Horror|Action,24000000,179,2015,1,4.0,372,740000,0,1,0,0,0,0,1,0,0,0,1,0,0
3296,Movie 3296 (2024),Sci-Fi|Crime,65000000,98,1995,0,5.4,137,4570000,1,0,0,0,0,0,1,0,0,0,0,1,0
3297,Movie 3297 (2024),Fantasy|Sci-Fi|Drama,160000000,132,2009,0,5.0,452,4820000,0,0,0,0,0,0,0,0,1,1,0,1,0
3298,Movie 3298 (2024),Thriller,183000000,123,1997,0,8.1,342,2850000,1,0,0,0,0,0,0,0,0,0,0,0,1
3299,Movie 3299 (2024),Comedy,109000000,157,2017,1,9.0,419,1490000,0,0,0,0,0,1,0,0,0,0,0,0,0
3300,Movie 3300 (2024),Documentary|Animation,67000000,91,1998,0,7.3,91,910000,0,0,0,1,0,0,0,1,0,0,0,0,0
3301,Movie 3301 (2024),Thriller|Action|Fantasy,110000000,147,1993,0,7.1,89,3170000,0,1,0,0,0,0,0,0,0,1,0,0,1
3302,Movie 3302 (2024),Animation|Action|Children,141000000,167,2006,0,7.2,339,790000,0,1,0,1,1,0,0,0,0,0,0,0,0
3303,Movie 3303 (2024),Comedy|Crime|Fantasy,57000000,93,1999,1,6.2,394,2950000,0,0,0,0,0,1,1,0,0,1,0,0,0
3304,Movie 3304 (2024),Thriller|Action,142000000,114,2009,0,4.9,224,4470000,1,1,0,0,0,0,0,0,0,0,0,0,1
3305,Movie 3305 (2024),Crime,188000000,128,2013,0,4.7,281,3320000,0,0,0,0,0,0,1,0,0,0,0,0,0
3306,Movie 3306 (2024),Thriller|Children|Drama,43000000,111,1990,0,5.9,123,710000,0,0,0,0,1,0,0,0,1,0,0,0,1
3307,Movie 3307 (2024),Crime|Animation,27000000,122,1998,0,5.7,362,3370000,1,0,0,1,0,0,1,0,0,0,0,0,0
3308,Movie 3308 (2024),Horror|Crime|Drama,12000000,100,2024,0,9.3,16,2640000,0,0,0,0,0,0,1,0,1,0,1,0,0
3309,Movie 3309 (2024),Horror|Sci-Fi,169000000,143,1999,1,3.8,462,980000,1,0,0,0,0,0,0,0,0,0,1,1,0
3310,Movie 3310 (2024),Crime,37000000,153,1993,0,4.6,200,4250000,1,0,0,0,0,0,1,0,0,0,0,0,0
3311,Movie 3311 (2024),Drama|Horror,123000000,106,2001,1,9.6,347,2850000,0,0,0,0,0,0,0,0,1,0,1,0,0
3312,Movie 3312 (2024),Sci-Fi|Horror|Fantasy,183000000,110,2003,0,3.1,106,2140000,0,0,0,0,0,0,0,0,0,1,1,1,0
3313,Movie 3313 (2024),Animation|Fantasy|Documentary,183000000,92,1991,0,6.6,324,840000,0,0,0,1,0,0,0,1,0,1,0,0,0
3314,Movie 3314 (2024),Drama|Adventure|Crime,102000000,103,1993,0,8.8,346,710000,0,0,1,0,0,0,1,0,1,0,0,0,0
3315,Movie 3315 (2024),Documentary|Horror,71000000,119,1993,0,2.1,351,3340000,0,0,0,0,0,0,0,1,0,0,1,0,0
3316,Movie 3316 (2024),Action|Fantasy|Children,123000000,123,1990,0,7.2,330,4570000,0,1,0,0,1,0,0,0,0,1,0,0,0
3317,Movie 3317 (2024),Fantasy,23000000,150,1996,0,5.1,439,1970000,1,0,0,0,0,0,0,0,0,1,0,0,0
3318,Movie 3318 (2024),Fantasy,183000000,119,2002,1,6.1,444,4210000,0,0,0,0,0,0,0,0,0,1,0,0,0
3319,Movie 3319 (2024),Sci-Fi|Horror|Action,110000000,177,1993,0,7.1,244,3760000,1,1,0,0,0,0,0,0,0,0,1,1,0
3320,Movie 3320 (2024),Comedy|Fantasy,14000000,156,1999,0,9.4,477,4960000,1,0,0,0,0,1,0,0,0,1,0,0,0
3321,Movie 3321 (2024),Horror,146000000,111,2004,0,6.9,178,1340000,1,0,0,0,0,0,0,0,0,0,1,0,0
3322,Movie 3322 (2024),Action|Crime|Fantasy,196000000,151,1994,0,9.2,262,1900000,1,1,0,0,0,0,1,0,0,1,0,0,0
3323,Movie 3323 (2024),Action|Fantasy,145000000,148,2009,0,2.2,419,2300000,0,1,0,0,0,0,0,0,0,1,0,0,0
3324,Movie 3324 (2024),Children|Comedy,117000000,106,2008,0,6.5,123,3800000,0,0,0,0,1,1,0,0,0,0,0,0,0
3325,Movie 3325 (2024),Adventure|Crime,11000000,124,2022,1,4.4,434,3410000,1,0,1,0,0,0,1,0,0,0,0,0,0
3326,Movie 3326 (2024),Horror,108000000,113,2017,1,5.5,427,4630000,1,0,0,0,0,0,0,0,0,0,1,0,0
3327,Movie 3327 (2024),Sci-Fi,138000000,109,2005,0,5.9,418,3230000,1,0,0,0,0,0,0,0,0,0,0,1,0
3328,Movie 3328 (2024),Adventure|Action,149000000,134,2007,0,8.5,209,1960000,1,1,1,0,0,0,0,0,0,0,0,0,0
3329,Movie 3329 (2024),Adventure|Animation|Documentary,147000000,159,2004,0,2.7,353,1120000,1,0,1,1,0,0,0,1,0,0,0,0,0
3330,Movie 3330 (2024),Animation|Thriller,74000000,163,1999,0,7.6,442,1570000,0,0,0,1,0,0,0,0,0,0,0,0,1
3331,Movie 3331 (2024),Sci-Fi|Thriller|Crime,58000000,147,2015,0,2.1,466,1240000,0,0,0,0,0,0,1,0,0,0,0,1,1
3332,Movie 3332 (2024),Animation,110000000,170,2021,0,6.8,128,1960000,0,0,0,1,0,0,0,0,0,0,0,0,0
3333,Movie 3333 (2024),Sci-Fi|Fantasy|Animation,62000000,172,1990,0,6.1,483,1300000,1,0,0,1,0,0,0,0,0,1,0,1,0
3334,Movie 3334 (2024),Thriller|Documentary|Sci-Fi,81000000,172,2000,0,8.6,421,1000000,1,0,0,0,0,0,0,1,0,0,0,1,1
3335,Movie 3335 (2024),Horror|Sci-Fi|Fantasy,122000000,117,2003,0,2.5,484,2640000,1,0,0,0,0,0,0,0,0,1,1,1,0
3336,Movie 3336 (2024),Sci-Fi,191000000,135,2011,0,7.7,157,990000,1,0,0,0,0,0,0,0,0,0,0,1,0
3337,Movie 3337 (2024),Animation,197000000,100,2006,0,3.0,278,1070000,1,0,0,1,0,0,0,0,0,0,0,0,0
3338,Movie 3338 (2024),Horror|Children|Drama,189000000,127,1994,0,4.3,359,4270000,0,0,0,0,1,0,0,0,1,0,1,0,0
3339,Movie 3339 (2024),Fantasy|Sci-Fi|Action,3000000,177,1995,0,5.7,276,2570000,0,1,0,0,0,0,0,0,0,1,0,1,0
3340,Movie 3340 (2024),Children,132000000,104,2023,0,3.9,290,1990000,0,0,0,0,1,0,0,0,0,0,0,0,0
3341,Movie 3341 (2024),Thriller|Action,159000000,167,2009,0,4.1,273,3250000,0,1,0,0,0,0,0,0,0,0,0,0,1
3342,Movie 3342 (2024),Adventure|Documentary,135000000,160,2002,0,7.2,32,3610000,1,0,1,0,0,0,0,1,0,0,0,0,0
3343,Movie 3343 (2024),Action|Documentary,104000000,113,1998,0,8.6,489,4540000,1,1,0,0,0,0,0,1,0,0,0,0,0
3344,Movie 3344 (2024),Action|Adventure|Animation,40000000,83,1995,1,8.4,95,2040000,0,1,1,1,0,0,0,0,0,0,0,0,0
3345,Movie 3345 (2024),Action|Children|Sci-Fi,140000000,145,2008,0,5.6,122,2850000,1,1,0,0,1,0,0,0,0,0,0,1,0
3346,Movie 3346 (2024),Animation|Sci-Fi,72000000,108,1991,1,4.0,478,2120000,0,0,0,1,0,0,0,0,0,0,0,1,0
3347,Movie 3347 (2024),Comedy|Children,60000000,89,1996,1,4.1,430,4190000,0,0,0,0,1,1,0,0,0,0,0,0,0
3348,Movie 3348 (2024),Crime|Action,179000000,100,2021,0,7.2,17,2780000,0,1,0,0,0,0,1,0,0,0,0,0,0
3349,Movie 3349 (2024),Comedy|Documentary|Sci-Fi,13000000,110,1996,0,5.5,448,960000,0,0,0,0,0,1,0,1,0,0,0,1,0
3350,Movie 3350 (2024),Fantasy|Drama,92000000,105,1996,0,4.6,296,1680000,1,0,0,0,0,0,0,0,1,1,0,0,0
3351,Movie 3351 (2024),Fantasy|Comedy|Thriller,183000000,115,1993,0,4.9,75,4260000,1,0,0,0,0,1,0,0,0,1,0,0,1
3352,Movie 3352 (2024),Fantasy|Children|Documentary,162000000,89,1997,0,6.3,385,2920000,0,0,0,0,1,0,0,1,0,1,0,0,0
3353,Movie 3353 (2024),Children|Animation,131000000,136,2003,0,6.9,122,4360000,1,0,0,1,1,0,0,0,0,0,0,0,0
3354,Movie 3354 (2024),Action,129000000,179,2006,0,3.8,1,2480000,0,1,0,0,0,0,0,0,0,0,0,0,0
3355,Movie 3355 (2024),Documentary,132000000,104,2017,0,6.1,91,3170000,0,0,0,0,0,0,0,1,0,0,0,0,0
3356,Movie 3356 (2024),Thriller,92000000,169,2023,0,5.2,368,4670000,1,0,0,0,0,0,0,0,0,0,0,0,1
3357,Movie 3357 (2024),Crime|Drama|Adventure,108000000,147,1993,0,4.1,357,3170000,0,0,1,0,0,0,1,0,1,0,0,0,0
3358,Movie 3358 (2024),Fantasy|Sci-Fi|Horror,41000000,129,1990,1,4.7,158,2250000,1,0,0,0,0,0,0,0,0,1,1,1,0
3359,Movie 3359 (2024),Fantasy,76000000,157,2017,0,4.1,350,4770000,1,0,0,0,0,0,0,0,0,1,0,0,0
3360,Movie 3360 (2024),Crime|Fantasy,151000000,81,2007,0,6.9,259,1070000,1,0,0,0,0,0,1,0,0,1,0,0,0
3361,Movie 3361 (2024),Documentary,5000000,122,2024,1,5.4,480,4590000,1,0,0,0,0,0,0,1,0,0,0,0,0
3362,Movie 3362 (2024),Crime|Animation|Drama,54000000,120,1997,0,2.1,462,1900000,0,0,0,1,0,0,1,0,1,0,0,0,0
3363,Movie 3363 (2024),Animation|Sci-Fi,65000000,110,2024,0,7.3,468,2620000,1,0,0,1,0,0,0,0,0,0,0,1,0
3364,Movie 3364 (2024),Horror,124000000,176,1990,0,4.0,339,4300000,1,0,0,0,0,0,0,0,0,0,1,0,0
3365,Movie 3365 (2024),Action|Fantasy|Crime,192000000,162,1991,0,8.2,382,3220000,1,1,0,0,0,0,1,0,0,1,0,0,0
3366,Movie 3366 (2024),Adventure,48000000,94,1996,1,3.4,39,1720000,0,0,1,0,0,0,0,0,0,0,0,0,0
3367,Movie 3367 (2024),Crime,148000000,133,1993,0,9.7,53,4600000,0,0,0,0,0,0,1,0,0,0,0,0,0
3368,Movie 3368 (2024),Fantasy|Documentary,21000000,129,1990,0,7.2,38,3610000,0,0,0,0,0,0,0,1,0,1,0,0,0
3369,Movie 3369 (2024),Children,162000000,127,1998,0,2.8,312,520000,1,0,0,0,1,0,0,0,0,0,0,0,0
3370,Movie 3370 (2024),Thriller|Animation|Drama,3000000,111,2024,0,9.7,48,4760000,1,0,0,1,0,0,0,0,1,0,0,0,1
3371,Movie 3371 (2024),Animation|Horror|Thriller,78000000,90,1996,0,7.4,25,850000,0,0,0,1,0,0,0,0,0,0,1,0,1
3372,Movie 3372 (2024),Horror|Fantasy|Documentary,179000000,175,2011,0,7.5,387,880000,1,0,0,0,0,0,0,1,0,1,1,0,0
3373,Movie 3373 (2024),Drama|Fantasy|Comedy,65000000,172,2018,0,6.4,155,4320000,0,0,0,0,0,1,0,0,1,1,0,0,0
3374,Movie 3374 (2024),Crime|Children|Animation,108000000,146,2001,0,2.4,158,1040000,1,0,0,1,1,0,1,0,0,0,0,0,0
3375,Movie 3375 (2024),Horror,11000000,134,2017,0,9.3,384,2390000,1,0,0,0,0,0,0,0,0,0,1,0,0
3376,Movie 3376 (2024),Adventure|Documentary,85000000,145,1997,0,3.1,322,4160000,1,0,1,0,0,0,0,1,0,0,0,0,0
3377,Movie 3377 (2024),Animation|Fantasy,46000000,112,2019,0,7.8,21,3270000,0,0,0,1,0,0,0,0,0,1,0,0,0
3378,Movie 3378 (2024),Crime,178000000,81,2013,0,6.1,352,880000,0,0,0,0,0,0,1,0,0,0,0,0,0
3379,Movie 3379 (2024),Children|Sci-Fi|Thriller,109000000,92,1995,0,3.4,433,3770000,0,0,0,0,1,0,0,0,0,0,0,1,1
3380,Movie 3380 (2024),Horror|Fantasy|Children,185000000,169,2022,0,4.1,54,1100000,0,0,0,0,1,0,0,0,0,1,1,0,0
3381,Movie 3381 (2024),Crime|Adventure,46000000,137,2021,0,6.9,157,4380000,1,0,1,0,0,0,1,0,0,0,0,0,0
3382,Movie 3382 (2024),Fantasy|Horror,157000000,169,1996,1,6.2,228,2330000,0,0,0,0,0,0,0,0,0,1,1,0,0
3383,Movie 3383 (2024),Comedy,39000000,118,2005,1,4.9,8,1470000,1,0,0,0,0,1,0,0,0,0,0,0,0
3384,Movie 3384 (2024),Documentary|Thriller|Crime,137000000,147,2015,0,5.9,24,4530000,0,0,0,0,0,0,1,1,0,0,0,0,1
3385,Movie 3385 (2024),Horror|Fantasy,197000000,130,1993,1,6.2,439,4300000,1,0,0,0,0,0,0,0,0,1,1,0,0
3386,Movie 3386 (2024),Children|Animation|Horror,180000000,173,2024,0,5.2,365,2240000,0,0,0,1,1,0,0,0,0,0,1,0,0
3387,Movie 3387 (2024),Adventure,153000000,170,1993,0,2.5,226,2340000,0,0,1,0,0,0,0,0,0,0,0,0,0
3388,Movie 3388 (2024),Comedy|Animation|Adventure,119000000,116,1996,0,2.9,368,4540000,0,0,1,1,0,1,0,0,0,0,0,0,0
3389,Movie 3389 (2024),Comedy|Thriller|Horror,151000000,89,2000,0,7.5,5,2920000,0,0,0,0,0,1,0,0,0,0,1,0,1
3390,Movie 3390 (2024),Adventure|Action,158000000,177,1994,0,6.1,154,2520000,1,1,1,0,0,0,0,0,0,0,0,0,0
3391,Movie 3391 (2024),Drama|Comedy|Fantasy,70000000,176,2024,0,3.8,41,2560000,1,0,0,0,0,1,0,0,1,1,0,0,0
3392,Movie 3392 (2024),Adventure|Crime|Documentary,96000000,179,1997,0,3.1,446,890000,1,0,1,0,0,0,1,1,0,0,0,0,0
3393,Movie 3393 (2024),Crime,162000000,97,2022,0,8.1,229,4060000,1,0,0,0,0,0,1,0,0,0,0,0,0
3394,Movie 3394 (2024),Fantasy|Children,191000000,112,2022,0,3.9,469,1550000,1,0,0,0,1,0,0,0,0,1,0,0,0
3395,Movie 3395 (2024),Action|Comedy|Sci-Fi,22000000,129,1998,0,7.4,226,3210000,0,1,0,0,0,1,0,0,0,0,0,1,0
3396,Movie 3396 (2024),Crime|Horror|Animation,143000000,147,2005,0,4.3,346,2400000,1,0,0,1,0,0,1,0,0,0,1,0,0
3397,Movie 3397 (2024),Crime|Horror|Fantasy,162000000,135,2008,0,7.2,266,1190000,1,0,0,0,0,0,1,0,0,1,1,0,0
3398,Movie 3398 (2024),Animation|Adventure|Children,93000000,98,2007,0,8.8,385,3880000,0,0,1,1,1,0,0,0,0,0,0,0,0
3399,Movie 3399 (2024),Children|Thriller|Adventure,10000000,148,2013,0,10.0,391,2090000,0,0,1,0,1,0,0,0,0,0,0,0,1
3400,Movie 3400 (2024),Crime,15000000,176,2002,1,6.4,355,2380000,0,0,0,0,0,0,1,0,0,0,0,0,0
3401,Movie 3401 (2024),Sci-Fi|Animation,62000000,98,2005,1,6.8,411,3690000,1,0,0,1,0,0,0,0,0,0,0,1,0
3402,Movie 3402 (2024),Adventure,160000000,104,2004,0,8.0,297,3100000,1,0,1,0,0,0,0,0,0,0,0,0,0
3403,Movie 3403 (2024),Thriller|Horror,12000000,175,2023,0,4.0,343,3480000,1,0,0,0,0,0,0,0,0,0,1,0,1
3404,Movie 3404 (2024),Comedy|Children|Drama,116000000,121,1994,0,4.8,356,1720000,1,0,0,0,1,1,0,0,1,0,0,0,0
3405,Movie 3405 (2024),Animation,154000000,116,2015,0,8.7,135,3600000,0,0,0,1,0,0,0,0,0,0,0,0,0
3406,Movie 3406 (2024),Sci-Fi,34000000,112,2003,0,9.2,113,2710000,1,0,0,0,0,0,0,0,0,0,0,1,0
3407,Movie 3407 (2024),Crime|Documentary|Children,1000000,171,1999,0,3.7,131,3080000,0,0,0,0,1,0,1,1,0,0,0,0,0
3408,Movie 3408 (2024),Animation,82000000,148,1995,1,9.6,149,4700000,1,0,0,1,0,0,0,0,0,0,0,0,0
3409,Movie 3409 (2024),Crime|Drama|Fantasy,49000000,166,2006,0,3.1,130,4700000,0,0,0,0,0,0,1,0,1,1,0,0,0
3410,Movie 3410 (2024),Comedy,99000000,136,2019,0,9.1,106,4760000,0,0,0,0,0,1,0,0,0,0,0,0,0
3411,Movie 3411 (2024),Adventure|Animation,53000000,85,1992,0,3.8,53,1690000,0,0,1,1,0,0,0,0,0,0,0,0,0
3412,Movie 3412 (2024),Thriller,103000000,134,2008,0,9.4,185,3150000,0,0,0,0,0,0,0,0,0,0,0,0,1
3413,Movie 3413 (2024),Children|Action|Fantasy,131000000,175,1990,0,6.7,473,1630000,0,1,0,0,1,0,0,0,0,1,0,0,0
3414,Movie 3414 (2024),Adventure|Horror|Thriller,4000000,98,1990,0,9.4,50,1050000,1,0,1,0,0,0,0,0,0,0,1,0,1
3415,Movie 3415 (2024),Drama,107000000,80,2015,0,2.2,13,3230000,0,0,0,0,0,0,0,0,1,0,0,0,0
3416,Movie 3416 (2024),Fantasy|Action|Sci-Fi,151000000,94,1991,0,2.5,402,3950000,0,1,0,0,0,0,0,0,0,1,0,1,0
3417,Movie 3417 (2024),Documentary|Comedy|Fantasy,181000000,82,2016,0,6.7,249,3310000,0,0,0,0,0,1,0,1,0,1,0,0,0
3418,Movie 3418 (2024),Children,159000000,141,2006,0,5.8,426,1100000,0,0,0,0,1,0,0,0,0,0,0,0,0
3419,Movie 3419 (2024),Thriller,171000000,107,2000,0,4.3,247,4840000,1,0,0,0,0,0,0,0,0,0,0,0,1
3420,Movie 3420 (2024),Adventure,97000000,89,1993,0,5.6,454,2600000,0,0,1,0,0,0,0,0,0,0,0,0,0
3421,Movie 3421 (2024),Comedy|Crime,63000000,113,1991,0,6.4,75,3930000,0,0,0,0,0,1,1,0,0,0,0,0,0
3422,Movie 3422 (2024),Fantasy,155000000,92,2007,1,7.2,349,3590000,1,0,0,0,0,0,0,0,0,1,0,0,0
3423,Movie 3423 (2024),Fantasy|Adventure,158000000,156,1999,0,7.9,57,2050000,1,0,1,0,0,0,0,0,0,1,0,0,0
3424,Movie 3424 (2024),Horror,1000000,156,2021,0,9.6,281,1270000,0,0,0,0,0,0,0,0,0,0,1,0,0
3425,Movie 3425 (2024),Sci-Fi,39000000,153,2007,1,9.6,108,3440000,1,0,0,0,0,0,0,0,0,0,0,1,0
3426,Movie 3426 (2024),Documentary|Children,33000000,101,2020,0,4.6,146,3100000,1,0,0,0,1,0,0,1,0,0,0,0,0
3427,Movie 3427 (2024),Children,116000000,107,2016,0,8.7,155,4300000,1,0,0,0,1,0,0,0,0,0,0,0,0
3428,Movie 3428 (2024),Crime|Animation,120000000,121,2024,0,4.4,173,1350000,1,0,0,1,0,0,1,0,0,0,0,0,0
3429,Movie 3429 (2024),Animation,150000000,151,2001,1,4.7,416,1870000,1,0,0,1,0,0,0,0,0,0,0,0,0
3430,Movie 3430 (2024),Comedy|Action|Children,61000000,177,2004,1,8.3,306,2970000,1,1,0,0,1,1,0,0,0,0,0,0,0
3431,Movie 3431 (2024),Thriller|Children,23000000,126,1994,0,7.2,307,3430000,0,0,0,0,1,0,0,0,0,0,0,0,1
3432,Movie 3432 (2024),Fantasy|Drama|Thriller,173000000,179,2011,0,9.1,145,2040000,1,0,0,0,0,0,0,0,1,1,0,0,1
3433,Movie 3433 (2024),Comedy,79000000,88,2012,0,6.7,137,680000,0,0,0,0,0,1,0,0,0,0,0,0,0
3434,Movie 3434 (2024),Fantasy,116000000,129,2016,0,2.2,47,3490000,0,0,0,0,0,0,0,0,0,1,0,0,0
3435,Movie 3435 (2024),Adventure|Fantasy,76000000,110,2006,1,4.7,313,4690000,0,0,1,0,0,0,0,0,0,1,0,0,0
3436,Movie 3436 (2024),Children|Thriller|Animation,1000000,153,2022,0,9.0,422,4970000,1,0,0,1,1,0,0,0,0,0,0,0,1
3437,Movie 3437 (2024),Comedy,46000000,179,1998,0,5.3,361,1980000,1,0,0,0,0,1,0,0,0,0,0,0,0
3438,Movie 3438 (2024),Fantasy,119000000,134,1990,0,6.2,41,2500000,1,0,0,0,0,0,0,0,0,1,0,0,0
3439,Movie 3439 (2024),Sci-Fi|Documentary,138000000,93,2008,0,9.1,285,4970000,0,0,0,0,0,0,0,1,0,0,0,1,0
3440,Movie 3440 (2024),Action|Crime,71000000,92,2023,1,8.7,340,3810000,0,1,0,0,0,0,1,0,0,0,0,0,0
3441,Movie 3441 (2024),Adventure,45000000,137,1999,0,4.2,20,4210000,1,0,1,0,0,0,0,0,0,0,0,0,0
3442,Movie 3442 (2024),Documentary|Horror|Animation,183000000,137,1996,1,8.8,383,1740000,1,0,0,1,0,0,0,1,0,0,1,0,0
3443,Movie 3443 (2024),Children,32000000,178,2004,1,3.8,422,3180000,1,0,0,0,1,0,0,0,0,0,0,0,0
3444,Movie 3444 (2024),Sci-Fi,190000000,83,2018,0,2.3,66,2620000,1,0,0,0,0,0,0,0,0,0,0,1,0
3445,Movie 3445 (2024),Sci-Fi|Comedy|Adventure,28000000,168,1998,1,9.9,8,2970000,0,0,1,0,0,1,0,0,0,0,0,1,0
3446,Movie 3446 (2024),Horror|Drama,174000000,98,2006,0,2.7,466,580000,0,0,0,0,0,0,0,0,1,0,1,0,0
3447,Movie 3447 (2024),Thriller|Horror,32000000,111,2018,0,3.0,307,2000000,0,0,0,0,0,0,0,0,0,0,1,0,1
3448,Movie 3448 (2024),Adventure|Horror|Thriller,124000000,107,2007,0,9.5,375,3320000,0,0,1,0,0,0,0,0,0,0,1,0,1
3449,Movie 3449 (2024),Children|Thriller|Crime,102000000,88,2010,1,4.3,185,2380000,0,0,0,0,1,0,1,0,0,0,0,0,1
3450,Movie 3450 (2024),Thriller,132000000,89,1993,0,9.6,181,4020000,0,0,0,0,0,0,0,0,0,0,0,0,1
3451,Movie 3451 (2024),Comedy,94000000,144,2009,0,5.6,383,610000,0,0,0,0,0,1,0,0,0,0,0,0,0
3452,Movie 3452 (2024),Horror,20000000,99,2004,1,7.9,157,4930000,1,0,0,0,0,0,0,0,0,0,1,0,0
3453,Movie 3453 (2024),Adventure,32000000,153,2009,1,4.8,494,2230000,0,0,1,0,0,0,0,0,0,0,0,0,0
3454,Movie 3454 (2024),Comedy|Horror,172000000,82,2018,1,2.3,182,3340000,0,0,0,0,0,1,0,0,0,0,1,0,0
3455,Movie 3455 (2024),Animation,190000000,127,2016,1,9.3,332,590000,1,0,0,1,0,0,0,0,0,0,0,0,0
3456,Movie 3456 (2024),Drama,171000000,123,1990,0,9.2,59,4280000,0,0,0,0,0,0,0,0,1,0,0,0,0
3457,Movie 3457 (2024),Sci-Fi|Comedy|Drama,107000000,155,1999,0,5.1,111,2820000,0,0,0,0,0,1,0,0,1,0,0,1,0
3458,Movie 3458 (2024),Horror|Drama,26000000,130,2014,0,5.7,211,2590000,1,0,0,0,0,0,0,0,1,0,1,0,0
3459,Movie 3459 (2024),Horror,86000000,111,1999,0,3.8,321,2620000,0,0,0,0,0,0,0,0,0,0,1,0,0
3460,Movie 3460 (2024),Documentary|Fantasy|Action,48000000,147,1994,0,4.2,292,2310000,0,1,0,0,0,0,0,1,0,1,0,0,0
3461,Movie 3461 (2024),Documentary|Children,14000000,165,2021,0,3.4,57,3730000,1,0,0,0,1,0,0,1,0,0,0,0,0
3462,Movie 3462 (2024),Action,26000000,97,2003,0,5.1,83,3420000,1,1,0,0,0,0,0,0,0,0,0,0,0
3463,Movie 3463 (2024),Thriller|Sci-Fi,114000000,97,2004,1,2.5,381,3570000,1,0,0,0,0,0,0,0,0,0,0,1,1
3464,Movie 3464 (2024),Adventure|Horror,86000000,174,2001,0,7.5,59,4820000,1,0,1,0,0,0,0,0,0,0,1,0,0
3465,Movie 3465 (2024),Drama|Sci-Fi,93000000,164,1992,0,4.4,113,3210000,0,0,0,0,0,0,0,0,1,0,0,1,0
3466,Movie 3466 (2024),Comedy,115000000,104,2013,0,3.2,152,3710000,1,0,0,0,0,1,0,0,0,0,0,0,0
3467,Movie 3467 (2024),Thriller|Children,146000000,158,1992,0,5.2,317,4430000,0,0,0,0,1,0,0,0,0,0,0,0,1
3468,Movie 3468 (2024),Drama|Action,73000000,143,1991,0,5.3,30,3430000,0,1,0,0,0,0,0,0,1,0,0,0,0
3469,Movie 3469 (2024),Thriller,30000000,81,2018,0,4.0,475,1420000,1,0,0,0,0,0,0,0,0,0,0,0,1
3470,Movie 3470 (2024),Crime,62000000,97,1992,0,2.1,469,3310000,1,0,0,0,0,0,1,0,0,0,0,0,0
3471,Movie 3471 (2024),Animation,166000000,110,2016,0,2.8,266,3660000,0,0,0,1,0,0,0,0,0,0,0,0,0
3472,Movie 3472 (2024),Comedy|Action,103000000,137,1995,0,6.1,223,3590000,0,1,0,0,0,1,0,0,0,0,0,0,0
3473,Movie 3473 (2024),Sci-Fi|Fantasy,170000000,109,1996,0,8.6,113,3970000,1,0,0,0,0,0,0,0,0,1,0,1,0
3474,Movie 3474 (2024),Sci-Fi,80000000,125,1998,1,8.9,388,3740000,0,0,0,0,0,0,0,0,0,0,0,1,0
3475,Movie 3475 (2024),Drama|Thriller,166000000,125,2014,0,8.6,35,4950000,0,0,0,0,0,0,0,0,1,0,0,0,1
3476,Movie 3476 (2024),Fantasy,34000000,124,2003,0,9.1,273,1640000,0,0,0,0,0,0,0,0,0,1,0,0,0
3477,Movie 3477 (2024),Crime|Sci-Fi|Animation,5000000,93,1999,0,2.1,198,970000,0,0,0,1,0,0,1,0,0,0,0,1,0
3478,Movie 3478 (2024),Children|Fantasy,84000000,146,2002,0,5.0,135,2980000,0,0,0,0,1,0,0,0,0,1,0,0,0
3479,Movie 3479 (2024),Crime|Drama,161000000,89,2018,0,2.3,401,1410000,0,0,0,0,0,0,1,0,1,0,0,0,0
3480,Movie 3480 (2024),Fantasy,103000000,160,1999,0,3.0,29,2050000,1,0,0,0,0,0,0,0,0,1,0,0,0
3481,Movie 3481 (2024),Action|Sci-Fi|Drama,112000000,114,1996,1,4.5,124,3690000,0,1,0,0,0,0,0,0,1,0,0,1,0
3482,Movie 3482 (2024),Fantasy,137000000,132,2014,0,3.5,455,2630000,1,0,0,0,0,0,0,0,0,1,0,0,0
3483,Movie 3483 (2024),Action|Sci-Fi,60000000,133,2009,0,7.6,65,670000,1,1,0,0,0,0,0,0,0,0,0,1,0
3484,Movie 3484 (2024),Crime|Horror|Children,64000000,95,2013,0,9.3,111,1230000,0,0,0,0,1,0,1,0,0,0,1,0,0
3485,Movie 3485 (2024),Adventure,129000000,129,2013,0,3.7,420,2340000,1,0,1,0,0,0,0,0,0,0,0,0,0
3486,Movie 3486 (2024),Thriller|Sci-Fi|Action,6000000,82,1993,0,3.0,264,4230000,0,1,0,0,0,0,0,0,0,0,0,1,1
3487,Movie 3487 (2024),Children,7000000,178,2003,0,7.6,165,3300000,0,0,0,0,1,0,0,0,0,0,0,0,0
3488,Movie 3488 (2024),Action,50000000,117,2019,0,5.0,33,2230000,1,1,0,0,0,0,0,0,0,0,0,0,0
3489,Movie 3489 (2024),Fantasy,58000000,140,2017,0,8.6,492,1280000,0,0,0,0,0,0,0,0,0,1,0,0,0
3490,Movie 3490 (2024),Fantasy|Children|Action,27000000,93,1997,1,9.3,258,3800000,0,1,0,0,1,0,0,0,0,1,0,0,0
3491,Movie 3491 (2024),Animation|Crime|Horror,80000000,143,2010,0,4.5,322,720000,1,0,0,1,0,0,1,0,0,0,1,0,0
3492,Movie 3492 (2024),Drama|Crime,127000000,178,2009,0,5.8,496,3050000,1,0,0,0,0,0,1,0,1,0,0,0,0
3493,Movie 3493 (2024),Action|Documentary,150000000,88,1994,0,8.7,473,1040000,1,1,0,0,0,0,0,1,0,0,0,0,0
3494,Movie 3494 (2024),Adventure|Fantasy,189000000,111,2023,0,8.2,160,610000,1,0,1,0,0,0,0,0,0,1,0,0,0
3495,Movie 3495 (2024),Fantasy|Sci-Fi|Documentary,192000000,122,1996,0,7.0,492,2510000,0,0,0,0,0,0,0,1,0,1,0,1,0
3496,Movie 3496 (2024),Horror|Children|Thriller,134000000,132,2018,1,9.1,330,2900000,1,0,0,0,1,0,0,0,0,0,1,0,1
3497,Movie 3497 (2024),Fantasy|Animation,118000000,114,2016,0,2.7,277,3550000,0,0,0,1,0,0,0,0,0,1,0,0,0
3498,Movie 3498 (2024),Thriller|Animation,140000000,141,2006,0,7.3,134,4400000,0,0,0,1,0,0,0,0,0,0,0,0,1
3499,Movie 3499 (2024),Documentary|Fantasy,199000000,178,2002,0,4.4,344,4440000,1,0,0,0,0,0,0,1,0,1,0,0,0
3500,Movie 3500 (2024),Action|Sci-Fi|Comedy,85000000,103,2012,0,10.0,97,3780000,0,1,0,0,0,1,0,0,0,0,0,1,0
3501,Movie 3501 (2024),Action|Fantasy,155000000,117,1997,0,5.0,441,1530000,0,1,0,0,0,0,0,0,0,1,0,0,0
3502,Movie 3502 (2024),Fantasy,125000000,177,1994,0,3.1,264,2370000,0,0,0,0,0,0,0,0,0,1,0,0,0
3503,Movie 3503 (2024),Children,5000000,105,1996,1,4.1,299,3020000,0,0,0,0,1,0,0,0,0,0,0,0,0
3504,Movie 3504 (2024),Sci-Fi,34000000,84,1995,0,4.0,431,4300000,0,0,0,0,0,0,0,0,0,0,0,1,0
3505,Movie 3505 (2024),Documentary|Horror|Animation,11000000,166,2023,0,3.3,277,840000,1,0,0,1,0,0,0,1,0,0,1,0,0
3506,Movie 3506 (2024),Sci-Fi|Horror|Documentary,197000000,160,2007,1,8.7,469,1310000,1,0,0,0,0,0,0,1,0,0,1,1,0
3507,Movie 3507 (2024),Sci-Fi,172000000,92,2012,0,5.7,191,2050000,0,0,0,0,0,0,0,0,0,0,0,1,0
3508,Movie 3508 (2024),Adventure,184000000,82,2013,0,3.0,487,2090000,1,0,1,0,0,0,0,0,0,0,0,0,0
3509,Movie 3509 (2024),Sci-Fi|Children|Thriller,10000000,161,2006,0,2.0,380,2480000,0,0,0,0,1,0,0,0,0,0,0,1,1
3510,Movie 3510 (2024),Sci-Fi|Comedy|Action,134000000,128,2009,0,6.2,128,1760000,1,1,0,0,0,1,0,0,0,0,0,1,0
3511,Movie 3511 (2024),Fantasy|Animation,63000000,163,2003,0,5.2,287,4340000,1,0,0,1,0,0,0,0,0,1,0,0,0
3512,Movie 3512 (2024),Action|Thriller,158000000,167,1999,0,7.2,425,730000,0,1,0,0,0,0,0,0,0,0,0,0,1
3513,Movie 3513 (2024),Thriller|Crime,151000000,136,2023,0,4.3,77,710000,1,0,0,0,0,0,1,0,0,0,0,0,1
3514,Movie 3514 (2024),Sci-Fi|Comedy|Animation,187000000,109,1992,1,3.0,203,2410000,0,0,0,1,0,1,0,0,0,0,0,1,0
3515,Movie 3515 (2024),Comedy|Children|Drama,65000000,92,1992,0,7.3,236,3600000,0,0,0,0,1,1,0,0,1,0,0,0,0
3516,Movie 3516 (2024),Thriller|Action|Adventure,174000000,134,2013,0,3.3,489,3660000,0,1,1,0,0,0,0,0,0,0,0,0,1
3517,Movie 3517 (2024),Children,150000000,157,2009,0,4.4,41,1660000,0,0,0,0,1,0,0,0,0,0,0,0,0
3518,Movie 3518 (2024),Documentary|Children|Fantasy,22000000,114,2022,0,4.1,454,3620000,1,0,0,0,1,0,0,1,0,1,0,0,0
3519,Movie 3519 (2024),Thriller|Drama,71000000,131,2004,0,5.8,304,2650000,1,0,0,0,0,0,0,0,1,0,0,0,1
3520,Movie 3520 (2024),Thriller|Documentary,171000000,128,2010,1,2.6,345,1430000,1,0,0,0,0,0,0,1,0,0,0,0,1
3521,Movie 3521 (2024),Horror|Documentary|Drama,36000000,167,1991,0,9.8,139,600000,0,0,0,0,0,0,0,1,1,0,1,0,0
3522,Movie 3522 (2024),Documentary|Comedy,72000000,136,2020,0,8.1,175,1650000,0,0,0,0,0,1,0,1,0,0,0,0,0
3523,Movie 3523 (2024),Crime|Children|Action,140000000,94,2021,1,2.1,449,570000,1,1,0,0,1,0,1,0,0,0,0,0,0
3524,Movie 3524 (2024),Fantasy|Adventure,138000000,143,2012,0,8.0,20,2330000,0,0,1,0,0,0,0,0,0,1,0,0,0
3525,Movie 3525 (2024),Horror,25000000,179,2017,0,6.0,359,780000,0,0,0,0,0,0,0,0,0,0,1,0,0
3526,Movie 3526 (2024),Thriller|Children,63000000,107,2003,0,3.2,128,3400000,0,0,0,0,1,0,0,0,0,0,0,0,1
3527,Movie 3527 (2024),Comedy,147000000,113,2015,0,7.0,94,2460000,0,0,0,0,0,1,0,0,0,0,0,0,0
3528,Movie 3528 (2024),Sci-Fi,30000000,127,2019,1,6.0,64,3040000,1,0,0,0,0,0,0,0,0,0,0,1,0
3529,Movie 3529 (2024),Children|Thriller,10000000,165,2020,0,3.7,411,1780000,1,0,0,0,1,0,0,0,0,0,0,0,1
3530,Movie 3530 (2024),Crime,132000000,129,2021,0,9.4,106,4540000,0,0,0,0,0,0,1,0,0,0,0,0,0
3531,Movie 3531 (2024),Thriller,41000000,96,2022,0,3.9,98,4840000,0,0,0,0,0,0,0,0,0,0,0,0,1
3532,Movie 3532 (2024),Comedy,1000000,91,2023,0,3.7,192,1700000,1,0,0,0,0,1,0,0,0,0,0,0,0
3533,Movie 3533 (2024),Sci-Fi|Horror|Drama,10000000,142,2010,0,7.9,396,3580000,0,0,0,0,0,0,0,0,1,0,1,1,0
3534,Movie 3534 (2024),Documentary|Drama,64000000,137,2020,0,8.4,480,2900000,0,0,0,0,0,0,0,1,1,0,0,0,0
3535,Movie 3535 (2024),Documentary,99000000,167,2001,1,9.5,263,570000,0,0,0,0,0,0,0,1,0,0,0,0,0
3536,Movie 3536 (2024),Crime,43000000,80,2004,0,4.3,136,3720000,0,0,0,0,0,0,1,0,0,0,0,0,0
3537,Movie 3537 (2024),Fantasy|Documentary,28000000,129,2010,0,9.2,183,1020000,0,0,0,0,0,0,0,1,0,1,0,0,0
3538,Movie 3538 (2024),Animation,96000000,150,2007,1,6.8,406,4660000,0,0,0,1,0,0,0,0,0,0,0,0,0
3539,Movie 3539 (2024),Documentary,46000000,136,2020,1,6.7,333,4380000,0,0,0,0,0,0,0,1,0,0,0,0,0
3540,Movie 3540 (2024),Fantasy,136000000,93,2001,0,5.5,214,3000000,1,0,0,0,0,0,0,0,0,1,0,0,0
3541,Movie 3541 (2024),Action|Thriller,180000000,151,2004,1,3.2,201,3710000,0,1,0,0,0,0,0,0,0,0,0,0,1
3542,Movie 3542 (2024),Horror|Crime,97000000,84,2018,0,8.6,370,4070000,1,0,0,0,0,0,1,0,0,0,1,0,0
3543,Movie 3543 (2024),Thriller|Drama,80000000,139,2001,0,8.3,89,4850000,0,0,0,0,0,0,0,0,1,0,0,0,1
3544,Movie 3544 (2024),Documentary|Fantasy|Animation,105000000,175,2003,0,9.1,187,2680000,0,0,0,1,0,0,0,1,0,1,0,0,0
3545,Movie 3545 (2024),Documentary,110000000,171,1991,0,7.9,23,4030000,0,0,0,0,0,0,0,1,0,0,0,0,0
3546,Movie 3546 (2024),Animation,94000000,115,1997,1,4.5,481,1580000,1,0,0,1,0,0,0,0,0,0,0,0,0
3547,Movie 3547 (2024),Children|Crime,80000000,142,2012,1,9.8,347,4290000,0,0,0,0,1,0,1,0,0,0,0,0,0
3548,Movie 3548 (2024),Children,83000000,157,2012,0,3.5,9,3030000,1,0,0,0,1,0,0,0,0,0,0,0,0
3549,Movie 3549 (2024),Documentary|Sci-Fi|Animation,53000000,111,2005,0,7.7,487,3130000,0,0,0,1,0,0,0,1,0,0,0,1,0
3550,Movie 3550 (2024),Sci-Fi|Comedy|Animation,141000000,89,2008,0,3.8,470,2840000,0,0,0,1,0,1,0,0,0,0,0,1,0
3551,Movie 3551 (2024),Crime|Comedy|Horror,26000000,155,2007,0,8.9,300,4010000,0,0,0,0,0,1,1,0,0,0,1,0,0
3552,Movie 3552 (2024),Documentary|Sci-Fi|Animation,119000000,100,1999,0,9.3,103,3830000,0,0,0,1,0,0,0,1,0,0,0,1,0
3553,Movie 3553 (2024),Comedy,109000000,124,2017,0,7.2,26,3470000,1,0,0,0,0,1,0,0,0,0,0,0,0
3554,Movie 3554 (2024),Fantasy|Animation|Thriller,168000000,118,2010,0,7.8,27,3860000,1,0,0,1,0,0,0,0,0,1,0,0,1
3555,Movie 3555 (2024),Animation|Action|Sci-Fi,163000000,131,1992,0,2.8,453,2820000,0,1,0,1,0,0,0,0,0,0,0,1,0
3556,Movie 3556 (2024),Sci-Fi|Animation,19000000,158,1992,1,9.1,484,2440000,1,0,0,1,0,0,0,0,0,0,0,1,0
3557,Movie 3557 (2024),Adventure|Crime,164000000,85,2018,0,5.4,10,1000000,1,0,1,0,0,0,1,0,0,0,0,0,0
3558,Movie 3558 (2024),Adventure|Sci-Fi,143000000,128,2018,0,4.5,100,950000,0,0,1,0,0,0,0,0,0,0,0,1,0
3559,Movie 3559 (2024),Drama,102000000,96,2000,1,5.6,446,2700000,0,0,0,0,0,0,0,0,1,0,0,0,0
3560,Movie 3560 (2024),Comedy|Action,56000000,93,2018,0,8.2,148,4500000,0,1,0,0,0,1,0,0,0,0,0,0,0
3561,Movie 3561 (2024),Children|Sci-Fi|Action,89000000,105,2019,0,7.9,486,4410000,1,1,0,0,1,0,0,0,0,0,0,1,0
3562,Movie 3562 (2024),Thriller|Animation|Action,150000000,132,2018,1,2.0,440,720000,0,1,0,1,0,0,0,0,0,0,0,0,1
3563,Movie 3563 (2024),Sci-Fi,22000000,105,1997,0,7.7,261,4070000,0,0,0,0,0,0,0,0,0,0,0,1,0
3564,Movie 3564 (2024),Comedy|Drama,51000000,96,2006,1,9.1,266,3630000,0,0,0,0,0,1,0,0,1,0,0,0,0
3565,Movie 3565 (2024),Animation,64000000,121,2010,1,8.6,495,2110000,0,0,0,1,0,0,0,0,0,0,0,0,0
3566,Movie 3566 (2024),Thriller,32000000,169,2000,0,4.2,291,2960000,1,0,0,0,0,0,0,0,0,0,0,0,1
3567,Movie 3567 (2024),Documentary|Thriller|Crime,118000000,165,2009,0,7.2,108,1640000,1,0,0,0,0,0,1,1,0,0,0,0,1
3568,Movie 3568 (2024),Thriller|Sci-Fi,88000000,95,2023,0,9.0,165,3960000,1,0,0,0,0,0,0,0,0,0,0,1,1
3569,Movie 3569 (2024),Children|Sci-Fi|Crime,131000000,178,1993,0,6.9,165,3670000,1,0,0,0,1,0,1,0,0,0,0,1,0
3570,Movie 3570 (2024),Fantasy|Adventure,148000000,82,2007,0,9.8,386,2240000,1,0,1,0,0,0,0,0,0,1,0,0,0
3571,Movie 3571 (2024),Horror|Action|Sci-Fi,130000000,113,2020,1,5.2,282,3650000,1,1,0,0,0,0,0,0,0,0,1,1,0
3572,Movie 3572 (2024),Children|Horror,76000000,137,2021,1,2.7,406,4080000,0,0,0,0,1,0,0,0,0,0,1,0,0
3573,Movie 3573 (2024),Thriller|Animation,138000000,174,1997,0,3.8,486,1420000,1,0,0,1,0,0,0,0,0,0,0,0,1
3574,Movie 3574 (2024),Horror|Drama,99000000,111,2022,0,4.4,67,2150000,0,0,0,0,0,0,0,0,1,0,1,0,0
3575,Movie 3575 (2024),Drama|Documentary,132000000,82,2022,0,8.5,35,2410000,0,0,0,0,0,0,0,1,1,0,0,0,0
3576,Movie 3576 (2024),Fantasy|Children,11000000,143,2020,0,3.3,380,4420000,0,0,0,0,1,0,0,0,0,1,0,0,0
3577,Movie 3577 (2024),Comedy|Sci-Fi,183000000,158,2018,0,7.4,422,3860000,1,0,0,0,0,1,0,0,0,0,0,1,0
3578,Movie 3578 (2024),Drama|Documentary|Animation,69000000,96,1995,0,2.2,87,4220000,1,0,0,1,0,0,0,1,1,0,0,0,0
3579,Movie 3579 (2024),Documentary|Drama,174000000,159,1999,0,4.6,145,2540000,0,0,0,0,0,0,0,1,1,0,0,0,0
3580,Movie 3580 (2024),Fantasy|Animation|Sci-Fi,26000000,158,1997,0,8.1,47,4640000,1,0,0,1,0,0,0,0,0,1,0,1,0
3581,Movie 3581 (2024),Comedy|Action|Animation,45000000,164,2022,0,9.2,450,2600000,1,1,0,1,0,1,0,0,0,0,0,0,0
3582,Movie 3582 (2024),Action,57000000,121,2010,1,3.6,105,910000,1,1,0,0,0,0,0,0,0,0,0,0,0
3583,Movie 3583 (2024),Action|Comedy|Crime,8000000,141,2005,0,7.8,264,4430000,1,1,0,0,0,1,1,0,0,0,0,0,0
3584,Movie 3584 (2024),Action,198000000,151,1992,0,9.1,50,850000,0,1,0,0,0,0,0,0,0,0,0,0,0
3585,Movie 3585 (2024),Animation,103000000,106,1996,1,7.0,141,940000,1,0,0,1,0,0,0,0,0,0,0,0,0
3586,Movie 3586 (2024),Fantasy,179000000,163,1995,0,6.3,267,3540000,1,0,0,0,0,0,0,0,0,1,0,0,0
3587,Movie 3587 (2024),Thriller|Crime,18000000,109,1995,0,3.2,451,4230000,1,0,0,0,0,0,1,0,0,0,0,0,1
3588,Movie 3588 (2024),Drama|Children|Documentary,58000000,157,1997,0,3.5,96,4130000,1,0,0,0,1,0,0,1,1,0,0,0,0
3589,Movie 3589 (2024),Drama,173000000,173,1993,0,9.0,294,3280000,0,0,0,0,0,0,0,0,1,0,0,0,0
3590,Movie 3590 (2024),Comedy,93000000,171,1992,1,2.9,176,1080000,1,0,0,0,0,1,0,0,0,0,0,0,0
3591,Movie 3591 (2024),Action|Documentary,6000000,98,1995,0,7.9,298,1950000,0,1,0,0,0,0,0,1,0,0,0,0,0
3592,Movie 3592 (2024),Comedy|Documentary|Thriller,25000000,86,1993,0,5.6,227,3800000,0,0,0,0,0,1,0,1,0,0,0,0,1
3593,Movie 3593 (2024),Action|Horror,99000000,159,2016,1,4.2,77,2700000,1,1,0,0,0,0,0,0,0,0,1,0,0
3594,Movie 3594 (2024),Fantasy,3000000,135,2003,0,2.3,124,2800000,0,0,0,0,0,0,0,0,0,1,0,0,0
3595,Movie 3595 (2024),Comedy|Sci-Fi|Action,145000000,132,1994,1,8.3,23,1540000,1,1,0,0,0,1,0,0,0,0,0,1,0
3596,Movie 3596 (2024),Documentary|Children,104000000,80,2007,0,9.6,295,3940000,0,0,0,0,1,0,0,1,0,0,0,0,0
3597,Movie 3597 (2024),Sci-Fi|Action|Children,1000000,125,2010,0,8.0,284,2280000,0,1,0,0,1,0,0,0,0,0,0,1,0
3598,Movie 3598 (2024),Action|Documentary,153000000,148,2006,1,4.3,396,4030000,0,1,0,0,0,0,0,1,0,0,0,0,0
3599,Movie 3599 (2024),Comedy,55000000,93,2019,0,7.1,494,1720000,1,0,0,0,0,1,0,0,0,0,0,0,0
3600,Movie 3600 (2024),Comedy|Children|Adventure,108000000,81,2017,0,5.6,243,2720000,0,0,1,0,1,1,0,0,0,0,0,0,0
3601,Movie 3601 (2024),Comedy|Thriller,142000000,174,1993,0,2.5,453,3420000,0,0,0,0,0,1,0,0,0,0,0,0,1
3602,Movie 3602 (2024),Crime|Children,16000000,110,2001,0,8.2,281,1430000,0,0,0,0,1,0,1,0,0,0,0,0,0
3603,Movie 3603 (2024),Animation,15000000,145,2024,0,9.5,270,2670000,1,0,0,1,0,0,0,0,0,0,0,0,0
3604,Movie 3604 (2024),Thriller,8000000,165,2004,0,7.8,319,3630000,1,0,0,0,0,0,0,0,0,0,0,0,1
3605,Movie 3605 (2024),Comedy|Thriller|Horror,109000000,135,2011,0,5.1,390,3500000,0,0,0,0,0,1,0,0,0,0,1,0,1
3606,Movie 3606 (2024),Fantasy|Horror|Drama,121000000,135,1990,0,9.6,466,2590000,1,0,0,0,0,0,0,0,1,1,1,0,0
3607,Movie 3607 (2024),Horror,38000000,108,1991,1,5.1,99,2170000,0,0,0,0,0,0,0,0,0,0,1,0,0
3608,Movie 3608 (2024),Documentary|Sci-Fi|Fantasy,19000000,131,2002,1,9.3,205,1610000,1,0,0,0,0,0,0,1,0,1,0,1,0
3609,Movie 3609 (2024),Horror|Animation|Action,149000000,172,2022,0,4.5,491,4550000,0,1,0,1,0,0,0,0,0,0,1,0,0
3610,Movie 3610 (2024),Action|Animation,107000000,114,1991,1,6.3,318,3520000,0,1,0,1,0,0,0,0,0,0,0,0,0
3611,Movie 3611 (2024),Children|Horror,19000000,93,2013,0,7.5,63,3200000,1,0,0,0,1,0,0,0,0,0,1,0,0
3612,Movie 3612 (2024),Animation|Crime|Adventure,124000000,84,2018,0,2.4,170,3540000,0,0,1,1,0,0,1,0,0,0,0,0,0
3613,Movie 3613 (2024),Animation,22000000,122,2014,0,6.0,488,4210000,0,0,0,1,0,0,0,0,0,0,0,0,0
3614,Movie 3614 (2024),Action|Documentary,63000000,169,2014,0,7.7,484,1990000,0,1,0,0,0,0,0,1,0,0,0,0,0
3615,Movie 3615 (2024),Animation,64000000,103,2019,1,6.4,425,1770000,1,0,0,1,0,0,0,0,0,0,0,0,0
3616,Movie 3616 (2024),Sci-Fi|Children|Horror,87000000,120,1999,1,6.6,419,4170000,0,0,0,0,1,0,0,0,0,0,1,1,0
3617,Movie 3617 (2024),Thriller|Animation|Comedy,42000000,165,2002,1,4.1,56,4210000,0,0,0,1,0,1,0,0,0,0,0,0,1
3618,Movie 3618 (2024),Children|Drama,190000000,84,1997,0,9.4,322,3680000,1,0,0,0,1,0,0,0,1,0,0,0,0
3619,Movie 3619 (2024),Drama,94000000,82,1993,1,8.3,261,4680000,0,0,0,0,0,0,0,0,1,0,0,0,0
3620,Movie 3620 (2024),Action|Children|Horror,67000000,164,2023,0,5.3,198,4490000,0,1,0,0,1,0,0,0,0,0,1,0,0
3621,Movie 3621 (2024),Animation,130000000,125,2004,0,4.4,406,3660000,1,0,0,1,0,0,0,0,0,0,0,0,0
3622,Movie 3622 (2024),Action|Animation,155000000,105,2014,0,4.1,292,4430000,0,1,0,1,0,0,0,0,0,0,0,0,0
3623,Movie 3623 (2024),Comedy,184000000,80,2008,0,2.3,352,3490000,0,0,0,0,0,1,0,0,0,0,0,0,0
3624,Movie 3624 (2024),Fantasy,149000000,119,1994,0,4.4,493,4170000,1,0,0,0,0,0,0,0,0,1,0,0,0
3625,Movie 3625 (2024),Action|Sci-Fi|Adventure,74000000,81,1992,0,3.7,182,2570000,1,1,1,0,0,0,0,0,0,0,0,1,0
3626,Movie 3626 (2024),Fantasy|Children|Comedy,151000000,162,2023,0,5.6,157,4260000,1,0,0,0,1,1,0,0,0,1,0,0,0
3627,Movie 3627 (2024),Horror|Animation|Drama,191000000,94,2001,0,5.1,289,1660000,0,0,0,1,0,0,0,0,1,0,1,0,0
3628,Movie 3628 (2024),Adventure,69000000,124,2018,0,5.3,493,4650000,0,0,1,0,0,0,0,0,0,0,0,0,0
3629,Movie 3629 (2024),Drama|Adventure,16000000,132,2020,0,8.6,393,1040000,1,0,1,0,0,0,0,0,1,0,0,0,0
3630,Movie 3630 (2024),Action,183000000,126,1990,1,3.5,119,2750000,1,1,0,0,0,0,0,0,0,0,0,0,0
3631,Movie 3631 (2024),Crime|Animation|Horror,57000000,126,2009,0,5.9,81,1640000,1,0,0,1,0,0,1,0,0,0,1,0,0
3632,Movie 3632 (2024),Thriller,76000000,124,2002,0,5.7,237,4170000,1,0,0,0,0,0,0,0,0,0,0,0,1
3633,Movie 3633 (2024),Fantasy,6000000,137,2022,1,9.7,84,1310000,1,0,0,0,0,0,0,0,0,1,0,0,0
3634,Movie 3634 (2024),Comedy|Drama,79000000,131,1993,0,5.7,61,770000,1,0,0,0,0,1,0,0,1,0,0,0,0
3635,Movie 3635 (2024),Crime,176000000,86,2011,0,5.6,459,1640000,0,0,0,0,0,0,1,0,0,0,0,0,0
3636,Movie 3636 (2024),Fantasy,161000000,81,1997,0,8.8,198,3470000,0,0,0,0,0,0,0,0,0,1,0,0,0
3637,Movie 3637 (2024),Animation|Comedy,98000000,168,2011,0,3.2,467,570000,1,0,0,1,0,1,0,0,0,0,0,0,0
3638,Movie 3638 (2024),Fantasy|Sci-Fi,81000000,133,2016,0,4.9,17,680000,0,0,0,0,0,0,0,0,0,1,0,1,0
3639,Movie 3639 (2024),Action,63000000,170,1993,0,6.4,26,2610000,1,1,0,0,0,0,0,0,0,0,0,0,0
3640,Movie 3640 (2024),Comedy|Thriller|Sci-Fi,135000000,161,1992,0,8.2,147,3930000,0,0,0,0,0,1,0,0,0,0,0,1,1
3641,Movie 3641 (2024),Sci-Fi|Documentary,99000000,96,1996,0,9.1,104,3290000,1,0,0,0,0,0,0,1,0,0,0,1,0
3642,Movie 3642 (2024),Thriller|Animation|Action,179000000,173,2004,0,6.9,144,4970000,1,1,0,1,0,0,0,0,0,0,0,0,1
3643,Movie 3643 (2024),Sci-Fi|Crime,168000000,179,2015,1,6.0,95,4110000,0,0,0,0,0,0,1,0,0,0,0,1,0
3644,Movie 3644 (2024),Comedy,85000000,160,2012,0,5.8,346,4160000,1,0,0,0,0,1,0,0,0,0,0,0,0
3645,Movie 3645 (2024),Drama|Action,132000000,134,2023,0,6.8,93,2210000,1,1,0,0,0,0,0,0,1,0,0,0,0
3646,Movie 3646 (2024),Thriller|Documentary,151000000,112,2008,0,3.2,27,3000000,0,0,0,0,0,0,0,1,0,0,0,0,1
3647,Movie 3647 (2024),Sci-Fi|Fantasy|Documentary,194000000,100,2011,0,6.3,273,3470000,0,0,0,0,0,0,0,1,0,1,0,1,0
3648,Movie 3648 (2024),Comedy|Fantasy,122000000,92,2013,0,3.5,12,810000,1,0,0,0,0,1,0,0,0,1,0,0,0
3649,Movie 3649 (2024),Animation|Crime|Children,14000000,80,1998,1,8.2,171,2840000,0,0,0,1,1,0,1,0,0,0,0,0,0
3650,Movie 3650 (2024),Children|Action,29000000,132,2019,0,7.3,321,2860000,0,1,0,0,1,0,0,0,0,0,0,0,0
3651,Movie 3651 (2024),Documentary|Crime|Animation,174000000,86,1992,0,5.3,485,2570000,0,0,0,1,0,0,1,1,0,0,0,0,0
3652,Movie 3652 (2024),Horror,91000000,84,2018,0,7.0,200,2810000,1,0,0,0,0,0,0,0,0,0,1,0,0
3653,Movie 3653 (2024),Action|Thriller,131000000,169,2019,0,6.7,436,4460000,0,1,0,0,0,0,0,0,0,0,0,0,1
3654,Movie 3654 (2024),Children,95000000,150,2022,0,2.2,34,4150000,1,0,0,0,1,0,0,0,0,0,0,0,0
3655,Movie 3655 (2024),Sci-Fi|Crime,7000000,146,2001,0,9.1,56,3670000,0,0,0,0,0,0,1,0,0,0,0,1,0
3656,Movie 3656 (2024),Action|Animation|Crime,55000000,168,1993,0,6.0,375,4170000,1,1,0,1,0,0,1,0,0,0,0,0,0
3657,Movie 3657 (2024),Sci-Fi,125000000,155,2023,0,7.3,389,3870000,1,0,0,0,0,0,0,0,0,0,0,1,0
3658,Movie 3658 (2024),Crime,68000000,143,1992,0,3.5,50,1130000,0,0,0,0,0,0,1,0,0,0,0,0,0
3659,Movie 3659 (2024),Thriller|Drama,171000000,137,2000,0,5.5,350,1330000,1,0,0,0,0,0,0,0,1,0,0,0,1
3660,Movie 3660 (2024),Horror|Fantasy|Sci-Fi,102000000,111,2001,0,7.3,260,2750000,1,0,0,0,0,0,0,0,0,1,1,1,0
3661,Movie 3661 (2024),Documentary|Comedy|Adventure,80000000,127,1998,0,6.3,50,4800000,0,0,1,0,0,1,0,1,0,0,0,0,0
3662,Movie 3662 (2024),Adventure|Crime|Children,7000000,175,1994,0,8.6,249,2490000,0,0,1,0,1,0,1,0,0,0,0,0,0
3663,Movie 3663 (2024),Thriller|Fantasy,145000000,126,2023,0,5.5,193,2140000,0,0,0,0,0,0,0,0,0,1,0,0,1
3664,Movie 3664 (2024),Adventure|Sci-Fi|Thriller,17000000,120,2001,0,9.5,457,3620000,0,0,1,0,0,0,0,0,0,0,0,1,1
3665,Movie 3665 (2024),Comedy,96000000,149,2024,0,4.3,126,2000000,0,0,0,0,0,1,0,0,0,0,0,0,0
3666,Movie 3666 (2024),Children|Sci-Fi|Thriller,40000000,128,2010,0,6.4,308,3160000,0,0,0,0,1,0,0,0,0,0,0,1,1
3667,Movie 3667 (2024),Documentary|Drama,64000000,134,2010,0,8.7,344,900000,1,0,0,0,0,0,0,1,1,0,0,0,0
3668,Movie 3668 (2024),Children|Fantasy,137000000,124,2012,0,3.4,282,2620000,1,0,0,0,1,0,0,0,0,1,0,0,0
3669,Movie 3669 (2024),Comedy|Adventure|Fantasy,172000000,172,2003,0,5.1,197,590000,1,0,1,0,0,1,0,0,0,1,0,0,0
3670,Movie 3670 (2024),Children,26000000,114,1994,0,7.9,275,900000,1,0,0,0,1,0,0,0,0,0,0,0,0
3671,Movie 3671 (2024),Animation,155000000,162,2022,0,8.6,229,2910000,1,0,0,1,0,0,0,0,0,0,0,0,0
3672,Movie 3672 (2024),Sci-Fi|Drama,53000000,85,2006,0,5.0,91,750000,1,0,0,0,0,0,0,0,1,0,0,1,0
3673,Movie 3673 (2024),Children|Thriller,149000000,178,2001,0,5.2,295,1080000,0,0,0,0,1,0,0,0,0,0,0,0,1
3674,Movie 3674 (2024),Thriller|Fantasy,147000000,138,2023,0,6.0,424,3090000,1,0,0,0,0,0,0,0,0,1,0,0,1
3675,Movie 3675 (2024),Animation|Documentary|Sci-Fi,78000000,123,2011,0,3.7,37,2380000,0,0,0,1,0,0,0,1,0,0,0,1,0
3676,Movie 3676 (2024),Adventure|Fantasy,59000000,104,2011,0,8.1,70,1910000,1,0,1,0,0,0,0,0,0,1,0,0,0
3677,Movie 3677 (2024),Comedy|Fantasy,174000000,153,1992,1,8.8,26,1990000,1,0,0,0,0,1,0,0,0,1,0,0,0
3678,Movie 3678 (2024),Adventure|Thriller,10000000,105,2020,1,6.3,57,4020000,1,0,1,0,0,0,0,0,0,0,0,0,1
3679,Movie 3679 (2024),Sci-Fi|Horror,83000000,105,2005,1,2.2,262,4080000,0,0,0,0,0,0,0,0,0,0,1,1,0
3680,Movie 3680 (2024),Action,10000000,91,1992,0,5.4,310,4480000,0,1,0,0,0,0,0,0,0,0,0,0,0
3681,Movie 3681 (2024),Animation|Thriller,49000000,80,1992,1,7.5,436,4340000,1,0,0,1,0,0,0,0,0,0,0,0,1
3682,Movie 3682 (2024),Fantasy,150000000,99,1993,0,8.2,331,730000,0,0,0,0,0,0,0,0,0,1,0,0,0
3683,Movie 3683 (2024),Thriller,144000000,137,2011,0,4.3,232,3490000,0,0,0,0,0,0,0,0,0,0,0,0,1
3684,Movie 3684 (2024),Animation|Comedy|Horror,82000000,128,2004,0,7.2,129,4920000,0,0,0,1,0,1,0,0,0,0,1,0,0
3685,Movie 3685 (2024),Thriller,38000000,114,2006,1,6.9,101,3160000,1,0,0,0,0,0,0,0,0,0,0,0,1
3686,Movie 3686 (2024),Animation,50000000,82,2007,0,5.5,247,4980000,0,0,0,1,0,0,0,0,0,0,0,0,0
3687,Movie 3687 (2024),Thriller|Documentary|Children,151000000,154,2012,0,6.1,18,4310000,0,0,0,0,1,0,0,1,0,0,0,0,1
3688,Movie 3688 (2024),Drama|Animation|Crime,68000000,166,1990,0,3.6,117,2540000,1,0,0,1,0,0,1,0,1,0,0,0,0
3689,Movie 3689 (2024),Thriller|Crime,32000000,178,2014,0,6.2,107,3120000,1,0,0,0,0,0,1,0,0,0,0,0,1
3690,Movie 3690 (2024),Sci-Fi|Comedy|Children,115000000,165,2003,1,8.4,281,3490000,0,0,0,0,1,1,0,0,0,0,0,1,0
3691,Movie 3691 (2024),Fantasy|Thriller|Crime,194000000,124,2021,1,3.8,442,2690000,0,0,0,0,0,0,1,0,0,1,0,0,1
3692,Movie 3692 (2024),Thriller,184000000,165,1998,1,6.2,299,2510000,1,0,0,0,0,0,0,0,0,0,0,0,1
3693,Movie 3693 (2024),Fantasy|Sci-Fi,184000000,133,1996,0,3.0,316,1090000,0,0,0,0,0,0,0,0,0,1,0,1,0
3694,Movie 3694 (2024),Fantasy|Sci-Fi,159000000,179,1990,0,5.4,97,3940000,0,0,0,0,0,0,0,0,0,1,0,1,0
3695,Movie 3695 (2024),Animation,168000000,143,2011,1,2.8,315,1720000,1,0,0,1,0,0,0,0,0,0,0,0,0
3696,Movie 3696 (2024),Documentary,185000000,147,1993,1,6.5,104,1560000,1,0,0,0,0,0,0,1,0,0,0,0,0
3697,Movie 3697 (2024),Fantasy|Drama,193000000,147,2004,0,4.3,403,4150000,1,0,0,0,0,0,0,0,1,1,0,0,0
3698,Movie 3698 (2024),Comedy|Adventure,83000000,122,2024,0,5.9,197,760000,1,0,1,0,0,1,0,0,0,0,0,0,0
3699,Movie 3699 (2024),Sci-Fi,102000000,96,1993,0,7.1,218,3320000,0,0,0,0,0,0,0,0,0,0,0,1,0
3700,Movie 3700 (2024),Adventure|Sci-Fi,190000000,118,2005,0,8.3,215,3580000,0,0,1,0,0,0,0,0,0,0,0,1,0
3701,Movie 3701 (2024),Adventure|Thriller|Horror,55000000,95,2008,1,9.0,273,1280000,1,0,1,0,0,0,0,0,0,0,1,0,1
3702,Movie 3702 (2024),Fantasy|Action|Crime,14000000,108,1991,0,6.6,281,3090000,0,1,0,0,0,0,1,0,0,1,0,0,0
3703,Movie 3703 (2024),Comedy,149000000,156,1998,0,3.0,430,2760000,1,0,0,0,0,1,0,0,0,0,0,0,0
3704,Movie 3704 (2024),Adventure|Drama|Horror,67000000,138,2017,0,9.7,480,2120000,1,0,1,0,0,0,0,0,1,0,1,0,0
3705,Movie 3705 (2024),Thriller|Children,196000000,127,2001,1,8.6,143,3290000,0,0,0,0,1,0,0,0,0,0,0,0,1
3706,Movie 3706 (2024),Animation|Adventure,90000000,172,2000,1,6.5,247,1980000,0,0,1,1,0,0,0,0,0,0,0,0,0
3707,Movie 3707 (2024),Children,135000000,93,2022,0,8.0,494,2390000,1,0,0,0,1,0,0,0,0,0,0,0,0
3708,Movie 3708 (2024),Thriller,2000000,168,2006,0,7.6,19,3680000,0,0,0,0,0,0,0,0,0,0,0,0,1
3709,Movie 3709 (2024),Comedy,192000000,117,2013,0,8.0,361,2540000,0,0,0,0,0,1,0,0,0,0,0,0,0
3710,Movie 3710 (2024),Adventure|Children,3000000,96,2011,0,4.9,412,3330000,1,0,1,0,1,0,0,0,0,0,0,0,0
3711,Movie 3711 (2024),Fantasy|Animation|Documentary,41000000,113,2023,0,2.2,251,2260000,1,0,0,1,0,0,0,1,0,1,0,0,0
3712,Movie 3712 (2024),Drama|Children,147000000,168,1997,1,2.1,405,4800000,0,0,0,0,1,0,0,0,1,0,0,0,0
3713,Movie 3713 (2024),Animation,139000000,98,2012,0,6.8,225,1250000,0,0,0,1,0,0,0,0,0,0,0,0,0
3714,Movie 3714 (2024),Drama|Comedy,72000000,117,2021,1,3.4,58,1630000,0,0,0,0,0,1,0,0,1,0,0,0,0
3715,Movie 3715 (2024),Comedy,66000000,103,2011,0,7.4,250,3610000,1,0,0,0,0,1,0,0,0,0,0,0,0
3716,Movie 3716 (2024),Crime|Documentary|Thriller,71000000,120,2016,0,6.1,25,2170000,1,0,0,0,0,0,1,1,0,0,0,0,1
3717,Movie 3717 (2024),Adventure,144000000,126,2016,0,5.8,342,3250000,0,0,1,0,0,0,0,0,0,0,0,0,0
3718,Movie 3718 (2024),Comedy|Fantasy,58000000,130,2018,0,4.5,237,560000,1,0,0,0,0,1,0,0,0,1,0,0,0
3719,Movie 3719 (2024),Sci-Fi|Horror,19000000,143,2017,0,2.0,168,720000,0,0,0,0,0,0,0,0,0,0,1,1,0
3720,Movie 3720 (2024),Children|Adventure,117000000,81,1994,1,7.2,5,1570000,0,0,1,0,1,0,0,0,0,0,0,0,0
3721,Movie 3721 (2024),Sci-Fi|Animation|Documentary,105000000,107,2009,1,3.4,457,3720000,1,0,0,1,0,0,0,1,0,0,0,1,0
3722,Movie 3722 (2024),Children|Sci-Fi,43000000,145,1998,0,6.2,474,1550000,0,0,0,0,1,0,0,0,0,0,0,1,0
3723,Movie 3723 (2024),Horror,171000000,99,2017,0,4.3,10,3460000,1,0,0,0,0,0,0,0,0,0,1,0,0
3724,Movie 3724 (2024),Documentary|Children,36000000,146,2017,1,8.3,457,3330000,0,0,0,0,1,0,0,1,0,0,0,0,0
3725,Movie 3725 (2024),Thriller|Action|Crime,118000000,84,1991,1,6.2,137,4980000,1,1,0,0,0,0,1,0,0,0,0,0,1
3726,Movie 3726 (2024),Sci-Fi|Comedy,164000000,121,2002,1,7.3,330,2130000,0,0,0,0,0,1,0,0,0,0,0,1,0
3727,Movie 3727 (2024),Crime,21000000,162,2005,0,9.3,369,4210000,0,0,0,0,0,0,1,0,0,0,0,0,0
3728,Movie 3728 (2024),Documentary|Animation,60000000,113,2023,0,2.5,446,2130000,1,0,0,1,0,0,0,1,0,0,0,0,0
3729,Movie 3729 (2024),Thriller|Drama,18000000,147,1993,1,6.2,419,2410000,0,0,0,0,0,0,0,0,1,0,0,0,1
3730,Movie 3730 (2024),Thriller|Animation,114000000,90,1990,0,7.8,121,1680000,0,0,0,1,0,0,0,0,0,0,0,0,1
3731,Movie 3731 (2024),Animation|Action,119000000,96,2005,0,8.3,48,3130000,0,1,0,1,0,0,0,0,0,0,0,0,0
3732,Movie 3732 (2024),Action|Sci-Fi,100000000,106,2002,0,4.4,266,690000,0,1,0,0,0,0,0,0,0,0,0,1,0
3733,Movie 3733 (2024),Sci-Fi|Action,193000000,121,2001,1,6.7,389,4300000,0,1,0,0,0,0,0,0,0,0,0,1,0
3734,Movie 3734 (2024),Comedy|Drama,101000000,83,1995,0,3.1,379,4910000,0,0,0,0,0,1,0,0,1,0,0,0,0
3735,Movie 3735 (2024),Adventure|Drama,153000000,163,2001,0,7.8,467,3290000,0,0,1,0,0,0,0,0,1,0,0,0,0
3736,Movie 3736 (2024),Thriller,108000000,136,2019,0,5.2,302,3890000,0,0,0,0,0,0,0,0,0,0,0,0,1
3737,Movie 3737 (2024),Adventure|Sci-Fi,84000000,169,2021,0,10.0,425,3090000,1,0,1,0,0,0,0,0,0,0,0,1,0
3738,Movie 3738 (2024),Fantasy|Documentary|Sci-Fi,11000000,139,1996,0,7.8,309,3320000,0,0,0,0,0,0,0,1,0,1,0,1,0
3739,Movie 3739 (2024),Comedy|Horror|Sci-Fi,171000000,110,2017,1,7.7,121,1160000,1,0,0,0,0,1,0,0,0,0,1,1,0
3740,Movie 3740 (2024),Drama|Animation|Horror,40000000,120,2020,0,6.2,263,4460000,0,0,0,1,0,0,0,0,1,0,1,0,0
3741,Movie 3741 (2024),Crime|Action|Drama,102000000,140,2018,0,8.6,196,3370000,1,1,0,0,0,0,1,0,1,0,0,0,0
3742,Movie 3742 (2024),Documentary|Horror,175000000,152,1995,0,8.4,147,4770000,0,0,0,0,0,0,0,1,0,0,1,0,0
3743,Movie 3743 (2024),Fantasy|Sci-Fi|Horror,62000000,113,1999,0,9.4,177,2700000,0,0,0,0,0,0,0,0,0,1,1,1,0
3744,Movie 3744 (2024),Children|Action|Drama,44000000,174,2000,0,5.3,34,4920000,1,1,0,0,1,0,0,0,1,0,0,0,0
3745,Movie 3745 (2024),Horror,164000000,138,1992,0,2.1,182,2400000,1,0,0,0,0,0,0,0,0,0,1,0,0
3746,Movie 3746 (2024),Action|Children,194000000,163,2024,0,8.6,125,4930000,1,1,0,0,1,0,0,0,0,0,0,0,0
3747,Movie 3747 (2024),Adventure,59000000,118,2010,0,6.9,196,2400000,0,0,1,0,0,0,0,0,0,0,0,0,0
3748,Movie 3748 (2024),Children,174000000,90,1991,0,5.7,101,1400000,1,0,0,0,1,0,0,0,0,0,0,0,0
3749,Movie 3749 (2024),Drama|Horror,191000000,129,2024,0,5.2,205,2920000,1,0,0,0,0,0,0,0,1,0,1,0,0
3750,Movie 3750 (2024),Drama|Comedy,45000000,137,2023,0,6.3,247,1830000,1,0,0,0,0,1,0,0,1,0,0,0,0
3751,Movie 3751 (2024),Thriller,65000000,88,1997,0,8.4,405,2850000,1,0,0,0,0,0,0,0,0,0,0,0,1
3752,Movie 3752 (2024),Animation|Thriller|Crime,89000000,168,2023,0,5.0,245,4170000,0,0,0,1,0,0,1,0,0,0,0,0,1
3753,Movie 3753 (2024),Horror,177000000,140,2020,0,8.0,204,680000,0,0,0,0,0,0,0,0,0,0,1,0,0
3754,Movie 3754 (2024),Action|Horror,144000000,112,1992,0,2.7,120,4540000,0,1,0,0,0,0,0,0,0,0,1,0,0
3755,Movie 3755 (2024),Comedy|Thriller|Adventure,50000000,109,1991,0,7.1,227,1950000,0,0,1,0,0,1,0,0,0,0,0,0,1
3756,Movie 3756 (2024),Comedy|Thriller,180000000,96,2001,0,2.7,398,1420000,1,0,0,0,0,1,0,0,0,0,0,0,1
3757,Movie 3757 (2024),Horror,80000000,116,2023,0,8.7,128,620000,1,0,0,0,0,0,0,0,0,0,1,0,0
3758,Movie 3758 (2024),Horror|Adventure,113000000,147,2008,0,8.5,146,3820000,0,0,1,0,0,0,0,0,0,0,1,0,0
3759,Movie 3759 (2024),Fantasy|Sci-Fi,28000000,163,1994,0,2.6,497,3210000,1,0,0,0,0,0,0,0,0,1,0,1,0
3760,Movie 3760 (2024),Fantasy|Drama,97000000,176,1994,0,9.6,377,3830000,0,0,0,0,0,0,0,0,1,1,0,0,0
3761,Movie 3761 (2024),Horror,141000000,143,2010,0,6.7,160,4550000,1,0,0,0,0,0,0,0,0,0,1,0,0
3762,Movie 3762 (2024),Animation|Drama|Fantasy,124000000,156,2012,0,5.7,17,4470000,0,0,0,1,0,0,0,0,1,1,0,0,0
3763,Movie 3763 (2024),Adventure,32000000,97,2001,0,8.6,379,2460000,1,0,1,0,0,0,0,0,0,0,0,0,0
3764,Movie 3764 (2024),Comedy|Horror,78000000,80,1992,0,7.3,381,1650000,0,0,0,0,0,1,0,0,0,0,1,0,0
3765,Movie 3765 (2024),Crime,66000000,147,2021,0,6.8,62,3590000,1,0,0,0,0,0,1,0,0,0,0,0,0
3766,Movie 3766 (2024),Sci-Fi|Crime,21000000,166,1992,0,3.0,132,1200000,1,0,0,0,0,0,1,0,0,0,0,1,0
3767,Movie 3767 (2024),Animation|Drama,190000000,131,1997,0,9.1,388,1220000,1,0,0,1,0,0,0,0,1,0,0,0,0
3768,Movie 3768 (2024),Children|Horror,148000000,118,2020,0,9.7,431,3330000,1,0,0,0,1,0,0,0,0,0,1,0,0
3769,Movie 3769 (2024),Crime|Horror|Adventure,114000000,171,2000,0,9.2,223,3550000,1,0,1,0,0,0,1,0,0,0,1,0,0
3770,Movie 3770 (2024),Fantasy,19000000,102,1998,0,9.1,387,4150000,1,0,0,0,0,0,0,0,0,1,0,0,0
3771,Movie 3771 (2024),Horror|Sci-Fi|Crime,81000000,104,1990,0,8.3,448,4750000,1,0,0,0,0,0,1,0,0,0,1,1,0
3772,Movie 3772 (2024),Adventure|Animation|Action,140000000,127,2018,1,7.9,414,4260000,0,1,1,1,0,0,0,0,0,0,0,0,0
3773,Movie 3773 (2024),Drama|Documentary|Adventure,138000000,82,2001,0,2.4,178,890000,0,0,1,0,0,0,0,1,1,0,0,0,0
3774,Movie 3774 (2024),Documentary|Horror,169000000,168,2019,0,9.2,440,3630000,0,0,0,0,0,0,0,1,0,0,1,0,0
3775,Movie 3775 (2024),Adventure|Children,86000000,137,2014,0,5.9,127,1480000,1,0,1,0,1,0,0,0,0,0,0,0,0
3776,Movie 3776 (2024),Drama|Documentary|Action,51000000,124,2015,0,2.6,398,4240000,1,1,0,0,0,0,0,1,1,0,0,0,0
3777,Movie 3777 (2024),Horror|Animation,106000000,152,2018,0,4.9,475,1870000,0,0,0,1,0,0,0,0,0,0,1,0,0
3778,Movie 3778 (2024),Documentary|Comedy,28000000,162,2003,0,6.5,352,4040000,1,0,0,0,0,1,0,1,0,0,0,0,0
3779,Movie 3779 (2024),Adventure|Fantasy|Thriller,17000000,81,1997,0,8.8,36,2910000,1,0,1,0,0,0,0,0,0,1,0,0,1
3780,Movie 3780 (2024),Crime|Fantasy,164000000,178,2007,0,6.4,437,2480000,0,0,0,0,0,0,1,0,0,1,0,0,0
3781,Movie 3781 (2024),Animation|Children,92000000,145,2007,0,3.5,241,4690000,0,0,0,1,1,0,0,0,0,0,0,0,0
3782,Movie 3782 (2024),Documentary|Horror,87000000,82,2008,0,3.3,481,3970000,0,0,0,0,0,0,0,1,0,0,1,0,0
3783,Movie 3783 (2024),Fantasy|Horror,180000000,154,2002,0,8.0,64,4680000,0,0,0,0,0,0,0,0,0,1,1,0,0
3784,Movie 3784 (2024),Action,140000000,99,2017,0,6.6,257,770000,1,1,0,0,0,0,0,0,0,0,0,0,0
3785,Movie 3785 (2024),Documentary|Comedy,24000000,145,2019,0,8.2,72,3340000,0,0,0,0,0,1,0,1,0,0,0,0,0
3786,Movie 3786 (2024),Crime|Adventure|Drama,136000000,124,2008,1,6.2,370,3280000,1,0,1,0,0,0,1,0,1,0,0,0,0
3787,Movie 3787 (2024),Children,64000000,85,2013,0,2.1,330,1010000,0,0,0,0,1,0,0,0,0,0,0,0,0
3788,Movie 3788 (2024),Drama|Horror|Animation,100000000,128,2016,0,3.5,140,3840000,1,0,0,1,0,0,0,0,1,0,1,0,0
3789,Movie 3789 (2024),Action,163000000,104,2022,0,8.2,354,1440000,0,1,0,0,0,0,0,0,0,0,0,0,0
3790,Movie 3790 (2024),Animation|Fantasy|Children,65000000,144,2011,0,8.7,248,3010000,0,0,0,1,1,0,0,0,0,1,0,0,0
3791,Movie 3791 (2024),Adventure|Drama,86000000,122,1990,0,8.5,206,4770000,1,0,1,0,0,0,0,0,1,0,0,0,0
3792,Movie 3792 (2024),Comedy,53000000,179,2015,0,3.7,309,3330000,0,0,0,0,0,1,0,0,0,0,0,0,0
3793,Movie 3793 (2024),Horror|Fantasy|Comedy,7000000,90,1992,0,3.8,65,1420000,1,0,0,0,0,1,0,0,0,1,1,0,0
3794,Movie 3794 (2024),Adventure|Action|Thriller,125000000,91,2000,0,6.9,205,3270000,1,1,1,0,0,0,0,0,0,0,0,0,1
3795,Movie 3795 (2024),Action|Documentary,69000000,89,2019,0,3.0,53,1340000,0,1,0,0,0,0,0,1,0,0,0,0,0
3796,Movie 3796 (2024),Comedy|Drama,47000000,166,2015,0,7.8,408,4680000,1,0,0,0,0,1,0,0,1,0,0,0,0
3797,Movie 3797 (2024),Adventure|Action,30000000,148,2009,0,6.5,73,3440000,1,1,1,0,0,0,0,0,0,0,0,0,0
3798,Movie 3798 (2024),Animation,27000000,165,1993,0,6.5,357,2000000,0,0,0,1,0,0,0,0,0,0,0,0,0
3799,Movie 3799 (2024),Fantasy|Horror,168000000,96,2005,1,4.1,327,1610000,0,0,0,0,0,0,0,0,0,1,1,0,0
3800,Movie 3800 (2024),Drama|Sci-Fi,167000000,175,2001,0,9.4,267,4650000,1,0,0,0,0,0,0,0,1,0,0,1,0
3801,Movie 3801 (2024),Children|Drama|Horror,66000000,152,2021,1,3.8,342,4090000,0,0,0,0,1,0,0,0,1,0,1,0,0
3802,Movie 3802 (2024),Comedy|Thriller,181000000,131,2018,1,9.8,139,2840000,0,0,0,0,0,1,0,0,0,0,0,0,1
3803,Movie 3803 (2024),Comedy,62000000,91,1991,0,6.8,358,4070000,0,0,0,0,0,1,0,0,0,0,0,0,0
3804,Movie 3804 (2024),Fantasy,152000000,139,2022,0,4.2,318,3750000,1,0,0,0,0,0,0,0,0,1,0,0,0
3805,Movie 3805 (2024),Animation|Crime|Sci-Fi,188000000,85,2023,0,7.6,244,4880000,0,0,0,1,0,0,1,0,0,0,0,1,0
3806,Movie 3806 (2024),Action|Drama,51000000,142,2002,0,4.8,165,1120000,1,1,0,0,0,0,0,0,1,0,0,0,0
3807,Movie 3807 (2024),Fantasy|Sci-Fi|Thriller,190000000,127,2016,1,6.6,387,3650000,0,0,0,0,0,0,0,0,0,1,0,1,1
3808,Movie 3808 (2024),Fantasy|Comedy|Sci-Fi,199000000,130,2009,0,6.9,255,1320000,0,0,0,0,0,1,0,0,0,1,0,1,0
3809,Movie 3809 (2024),Horror|Adventure,111000000,97,2014,1,6.5,235,3580000,0,0,1,0,0,0,0,0,0,0,1,0,0
3810,Movie 3810 (2024),Action|Adventure,139000000,83,2019,0,3.3,63,3550000,1,1,1,0,0,0,0,0,0,0,0,0,0
3811,Movie 3811 (2024),Animation|Crime|Sci-Fi,4000000,171,1993,1,3.2,181,1380000,1,0,0,1,0,0,1,0,0,0,0,1,0
3812,Movie 3812 (2024),Documentary,57000000,131,2021,0,3.6,190,2750000,1,0,0,0,0,0,0,1,0,0,0,0,0
3813,Movie 3813 (2024),Comedy|Action,32000000,89,2009,0,8.8,16,2760000,1,1,0,0,0,1,0,0,0,0,0,0,0
3814,Movie 3814 (2024),Thriller|Comedy|Drama,106000000,134,2003,1,2.3,268,2090000,0,0,0,0,0,1,0,0,1,0,0,0,1
3815,Movie 3815 (2024),Documentary,1000000,106,2016,1,3.9,166,1540000,0,0,0,0,0,0,0,1,0,0,0,0,0
3816,Movie 3816 (2024),Adventure,35000000,151,2018,0,4.9,58,600000,0,0,1,0,0,0,0,0,0,0,0,0,0
3817,Movie 3817 (2024),Adventure|Fantasy,85000000,134,2011,0,3.8,290,1310000,1,0,1,0,0,0,0,0,0,1,0,0,0
3818,Movie 3818 (2024),Documentary|Action|Crime,144000000,99,2014,0,2.9,404,1680000,1,1,0,0,0,0,1,1,0,0,0,0,0
3819,Movie 3819 (2024),Sci-Fi|Crime,194000000,134,1998,0,5.8,185,4210000,1,0,0,0,0,0,1,0,0,0,0,1,0
3820,Movie 3820 (2024),Children,149000000,135,1993,0,9.0,109,580000,0,0,0,0,1,0,0,0,0,0,0,0,0
3821,Movie 3821 (2024),Fantasy|Comedy,98000000,105,2001,0,2.8,164,4040000,1,0,0,0,0,1,0,0,0,1,0,0,0
3822,Movie 3822 (2024),Sci-Fi|Thriller|Comedy,120000000,121,2003,0,4.2,481,3850000,1,0,0,0,0,1,0,0,0,0,0,1,1
3823,Movie 3823 (2024),Children,29000000,163,2009,1,2.9,302,4200000,0,0,0,0,1,0,0,0,0,0,0,0,0
3824,Movie 3824 (2024),Sci-Fi,149000000,135,2001,0,5.9,25,3700000,0,0,0,0,0,0,0,0,0,0,0,1,0
3825,Movie 3825 (2024),Fantasy|Drama|Thriller,30000000,175,1998,1,8.6,289,4160000,1,0,0,0,0,0,0,0,1,1,0,0,1
3826,Movie 3826 (2024),Action|Comedy,92000000,168,2011,0,3.2,56,1250000,0,1,0,0,0,1,0,0,0,0,0,0,0
3827,Movie 3827 (2024),Drama|Thriller,90000000,123,2001,0,2.2,9,3000000,0,0,0,0,0,0,0,0,1,0,0,0,1
3828,Movie 3828 (2024),Adventure|Crime,43000000,127,2000,0,9.0,313,4340000,0,0,1,0,0,0,1,0,0,0,0,0,0
3829,Movie 3829 (2024),Children|Action,162000000,108,1993,0,6.3,98,2480000,0,1,0,0,1,0,0,0,0,0,0,0,0
3830,Movie 3830 (2024),Comedy|Thriller|Documentary,163000000,132,2012,0,5.4,152,3530000,0,0,0,0,0,1,0,1,0,0,0,0,1
3831,Movie 3831 (2024),Fantasy,98000000,168,1992,0,5.0,301,1170000,1,0,0,0,0,0,0,0,0,1,0,0,0
3832,Movie 3832 (2024),Drama|Documentary,139000000,156,2004,0,4.9,187,820000,0,0,0,0,0,0,0,1,1,0,0,0,0
3833,Movie 3833 (2024),Thriller|Crime,150000000,87,1990,1,2.4,187,2270000,0,0,0,0,0,0,1,0,0,0,0,0,1
3834,Movie 3834 (2024),Adventure,170000000,144,2018,0,9.1,336,4280000,0,0,1,0,0,0,0,0,0,0,0,0,0
3835,Movie 3835 (2024),Action|Fantasy,145000000,87,2021,0,4.0,359,3490000,1,1,0,0,0,0,0,0,0,1,0,0,0
3836,Movie 3836 (2024),Crime|Thriller|Comedy,16000000,114,2015,0,9.5,194,1100000,0,0,0,0,0,1,1,0,0,0,0,0,1
3837,Movie 3837 (2024),Children,19000000,89,2000,0,2.8,254,4680000,0,0,0,0,1,0,0,0,0,0,0,0,0
3838,Movie 3838 (2024),Children|Animation,152000000,81,2004,0,9.8,412,4950000,1,0,0,1,1,0,0,0,0,0,0,0,0
3839,Movie 3839 (2024),Fantasy|Thriller,49000000,124,1990,1,8.2,129,2840000,1,0,0,0,0,0,0,0,0,1,0,0,1
3840,Movie 3840 (2024),Thriller|Adventure|Horror,170000000,146,2011,0,8.6,365,3740000,1,0,1,0,0,0,0,0,0,0,1,0,1
3841,Movie 3841 (2024),Horror,123000000,109,2005,0,6.1,492,4210000,1,0,0,0,0,0,0,0,0,0,1,0,0
3842,Movie 3842 (2024),Thriller|Crime,56000000,105,2013,0,6.7,235,4580000,1,0,0,0,0,0,1,0,0,0,0,0,1
3843,Movie 3843 (2024),Crime|Comedy,18000000,115,2013,0,9.5,479,1490000,0,0,0,0,0,1,1,0,0,0,0,0,0
3844,Movie 3844 (2024),Adventure|Crime|Drama,196000000,94,2003,0,8.9,68,1180000,0,0,1,0,0,0,1,0,1,0,0,0,0
3845,Movie 3845 (2024),Crime,105000000,115,2018,0,5.8,432,670000,1,0,0,0,0,0,1,0,0,0,0,0,0
3846,Movie 3846 (2024),Action|Documentary|Thriller,80000000,101,2001,0,5.0,355,1890000,1,1,0,0,0,0,0,1,0,0,0,0,1
3847,Movie 3847 (2024),Fantasy,20000000,114,2003,0,7.8,497,3570000,0,0,0,0,0,0,0,0,0,1,0,0,0
3848,Movie 3848 (2024),Fantasy|Adventure,198000000,92,1999,0,8.1,67,3420000,1,0,1,0,0,0,0,0,0,1,0,0,0
3849,Movie 3849 (2024),Crime|Drama,22000000,161,2020,0,2.9,356,710000,1,0,0,0,0,0,1,0,1,0,0,0,0
3850,Movie 3850 (2024),Animation,74000000,94,1994,0,4.2,395,3340000,1,0,0,1,0,0,0,0,0,0,0,0,0
3851,Movie 3851 (2024),Animation|Documentary,71000000,104,2005,0,7.3,430,1440000,0,0,0,1,0,0,0,1,0,0,0,0,0
3852,Movie 3852 (2024),Horror|Animation|Action,62000000,99,2021,0,7.4,128,3240000,0,1,0,1,0,0,0,0,0,0,1,0,0
3853,Movie 3853 (2024),Thriller|Children|Documentary,170000000,148,1992,0,6.7,222,4210000,0,0,0,0,1,0,0,1,0,0,0,0,1
3854,Movie 3854 (2024),Action|Documentary,32000000,179,1990,0,9.9,188,4270000,1,1,0,0,0,0,0,1,0,0,0,0,0
3855,Movie 3855 (2024),Fantasy,34000000,115,2007,0,5.4,249,1650000,0,0,0,0,0,0,0,0,0,1,0,0,0
3856,Movie 3856 (2024),Horror|Animation,42000000,169,2009,0,3.7,286,720000,1,0,0,1,0,0,0,0,0,0,1,0,0
3857,Movie 3857 (2024),Drama|Action|Horror,188000000,128,1991,1,2.9,140,4440000,0,1,0,0,0,0,0,0,1,0,1,0,0
3858,Movie 3858 (2024),Horror,163000000,95,2015,0,4.1,444,3840000,0,0,0,0,0,0,0,0,0,0,1,0,0
3859,Movie 3859 (2024),Animation,147000000,160,2018,0,3.7,17,2060000,0,0,0,1,0,0,0,0,0,0,0,0,0
3860,Movie 3860 (2024),Drama,170000000,84,2020,1,3.3,352,4390000,1,0,0,0,0,0,0,0,1,0,0,0,0
3861,Movie 3861 (2024),Comedy,59000000,176,2019,0,3.8,439,1620000,0,0,0,0,0,1,0,0,0,0,0,0,0
3862,Movie 3862 (2024),Animation|Comedy,160000000,96,2011,0,8.8,52,610000,0,0,0,1,0,1,0,0,0,0,0,0,0
3863,Movie 3863 (2024),Horror|Action,14000000,81,1992,0,9.7,15,3570000,1,1,0,0,0,0,0,0,0,0,1,0,0
3864,Movie 3864 (2024),Horror|Action,119000000,101,2017,0,4.4,287,2670000,0,1,0,0,0,0,0,0,0,0,1,0,0
3865,Movie 3865 (2024),Action|Comedy|Horror,155000000,106,2021,1,4.3,306,4270000,0,1,0,0,0,1,0,0,0,0,1,0,0
3866,Movie 3866 (2024),Adventure|Drama,99000000,164,2005,0,6.2,149,3780000,0,0,1,0,0,0,0,0,1,0,0,0,0
3867,Movie 3867 (2024),Crime,66000000,152,2005,0,8.6,292,990000,1,0,0,0,0,0,1,0,0,0,0,0,0
3868,Movie 3868 (2024),Documentary|Animation,14000000,148,2002,1,4.4,308,550000,0,0,0,1,0,0,0,1,0,0,0,0,0
3869,Movie 3869 (2024),Comedy|Animation|Action,50000000,172,2015,0,6.3,448,2020000,1,1,0,1,0,1,0,0,0,0,0,0,0
3870,Movie 3870 (2024),Fantasy|Comedy|Action,99000000,142,2004,0,2.6,141,830000,0,1,0,0,0,1,0,0,0,1,0,0,0
3871,Movie 3871 (2024),Horror|Drama,39000000,146,2021,0,7.8,355,870000,0,0,0,0,0,0,0,0,1,0,1,0,0
3872,Movie 3872 (2024),Crime|Horror,21000000,132,2022,0,5.2,462,3760000,1,0,0,0,0,0,1,0,0,0,1,0,0
3873,Movie 3873 (2024),Children|Adventure,94000000,133,1995,0,5.2,35,4710000,0,0,1,0,1,0,0,0,0,0,0,0,0
3874,Movie 3874 (2024),Animation|Fantasy,62000000,160,2014,0,9.5,318,4480000,1,0,0,1,0,0,0,0,0,1,0,0,0
3875,Movie 3875 (2024),Animation|Action|Comedy,164000000,131,2014,0,3.6,193,3240000,1,1,0,1,0,1,0,0,0,0,0,0,0
3876,Movie 3876 (2024),Children|Thriller,149000000,107,1996,0,8.3,291,630000,0,0,0,0,1,0,0,0,0,0,0,0,1
3877,Movie 3877 (2024),Documentary|Animation|Comedy,185000000,89,2004,1,5.8,6,4850000,0,0,0,1,0,1,0,1,0,0,0,0,0
3878,Movie 3878 (2024),Drama,67000000,175,1994,0,8.6,299,990000,1,0,0,0,0,0,0,0,1,0,0,0,0
3879,Movie 3879 (2024),Adventure|Comedy,182000000,152,2018,0,7.0,278,1080000,1,0,1,0,0,1,0,0,0,0,0,0,0
3880,Movie 3880 (2024),Fantasy,128000000,173,2023,0,6.3,499,2860000,1,0,0,0,0,0,0,0,0,1,0,0,0
3881,Movie 3881 (2024),Documentary,55000000,141,2002,0,9.3,300,3230000,1,0,0,0,0,0,0,1,0,0,0,0,0
3882,Movie 3882 (2024),Action,115000000,170,2009,0,8.5,185,4840000,1,1,0,0,0,0,0,0,0,0,0,0,0
3883,Movie 3883 (2024),Crime|Drama,140000000,125,2001,0,7.5,130,3230000,1,0,0,0,0,0,1,0,1,0,0,0,0
3884,Movie 3884 (2024),Children|Thriller,173000000,170,1990,1,9.2,412,1660000,1,0,0,0,1,0,0,0,0,0,0,0,1
3885,Movie 3885 (2024),Animation|Children,96000000,142,1992,0,4.2,333,2110000,0,0,0,1,1,0,0,0,0,0,0,0,0
3886,Movie 3886 (2024),Documentary,49000000,175,1992,1,6.8,118,1990000,0,0,0,0,0,0,0,1,0,0,0,0,0
3887,Movie 3887 (2024),Horror,78000000,144,2000,0,3.4,241,4800000,1,0,0,0,0,0,0,0,0,0,1,0,0
3888,Movie 3888 (2024),Fantasy|Thriller,190000000,146,2005,0,9.3,484,1900000,0,0,0,0,0,0,0,0,0,1,0,0,1
3889,Movie 3889 (2024),Thriller,60000000,148,2023,0,3.6,377,2090000,0,0,0,0,0,0,0,0,0,0,0,0,1
3890,Movie 3890 (2024),Sci-Fi|Fantasy|Crime,20000000,101,2018,0,6.9,22,4250000,0,0,0,0,0,0,1,0,0,1,0,1,0
3891,Movie 3891 (2024),Adventure|Children|Thriller,86000000,144,2019,0,4.0,263,1270000,0,0,1,0,1,0,0,0,0,0,0,0,1
3892,Movie 3892 (2024),Fantasy|Action|Adventure,123000000,128,2022,0,6.1,252,3230000,0,1,1,0,0,0,0,0,0,1,0,0,0
3893,Movie 3893 (2024),Fantasy,83000000,169,2006,0,4.5,56,2340000,1,0,0,0,0,0,0,0,0,1,0,0,0
3894,Movie 3894 (2024),Sci-Fi|Thriller,22000000,115,1990,1,9.9,199,3830000,0,0,0,0,0,0,0,0,0,0,0,1,1
3895,Movie 3895 (2024),Fantasy,80000000,161,1991,1,7.6,312,4130000,1,0,0,0,0,0,0,0,0,1,0,0,0
3896,Movie 3896 (2024),Adventure|Drama,23000000,128,2000,0,6.0,340,1270000,1,0,1,0,0,0,0,0,1,0,0,0,0
3897,Movie 3897 (2024),Children|Fantasy,29000000,104,2005,1,9.3,13,3860000,1,0,0,0,1,0,0,0,0,1,0,0,0
3898,Movie 3898 (2024),Children|Sci-Fi|Adventure,4000000,163,2023,0,3.9,168,2170000,1,0,1,0,1,0,0,0,0,0,0,1,0
3899,Movie 3899 (2024),Sci-Fi|Documentary,89000000,113,2020,0,3.7,359,2790000,0,0,0,0,0,0,0,1,0,0,0,1,0
3900,Movie 3900 (2024),Crime,58000000,178,1992,0,2.5,35,3480000,0,0,0,0,0,0,1,0,0,0,0,0,0
3901,Movie 3901 (2024),Fantasy|Sci-Fi|Animation,174000000,164,1993,0,6.6,261,3950000,0,0,0,1,0,0,0,0,0,1,0,1,0
3902,Movie 3902 (2024),Thriller|Drama,86000000,145,2014,0,9.5,487,1110000,1,0,0,0,0,0,0,0,1,0,0,0,1
3903,Movie 3903 (2024),Comedy|Children,56000000,110,2017,0,8.4,457,1210000,1,0,0,0,1,1,0,0,0,0,0,0,0
3904,Movie 3904 (2024),Adventure|Crime|Sci-Fi,108000000,159,2011,1,5.4,179,3560000,1,0,1,0,0,0,1,0,0,0,0,1,0
3905,Movie 3905 (2024),Comedy|Crime|Adventure,151000000,137,2021,1,6.7,483,1370000,1,0,1,0,0,1,1,0,0,0,0,0,0
3906,Movie 3906 (2024),Fantasy,177000000,129,2017,0,7.5,342,4130000,0,0,0,0,0,0,0,0,0,1,0,0,0
3907,Movie 3907 (2024),Children,114000000,143,1990,0,9.5,102,2510000,1,0,0,0,1,0,0,0,0,0,0,0,0
3908,Movie 3908 (2024),Comedy|Crime|Children,187000000,105,1993,0,8.0,423,4030000,0,0,0,0,1,1,1,0,0,0,0,0,0
3909,Movie 3909 (2024),Fantasy|Adventure|Children,177000000,149,2020,1,5.8,164,3770000,1,0,1,0,1,0,0,0,0,1,0,0,0
3910,Movie 3910 (2024),Thriller,186000000,167,2005,0,2.9,408,2320000,1,0,0,0,0,0,0,0,0,0,0,0,1
3911,Movie 3911 (2024),Action|Fantasy,107000000,100,2006,0,8.5,23,1830000,1,1,0,0,0,0,0,0,0,1,0,0,0
3912,Movie 3912 (2024),Comedy,116000000,112,2017,0,6.2,32,2760000,0,0,0,0,0,1,0,0,0,0,0,0,0
3913,Movie 3913 (2024),Drama|Sci-Fi,188000000,150,2020,0,7.8,414,3650000,0,0,0,0,0,0,0,0,1,0,0,1,0
3914,Movie 3914 (2024),Animation|Drama|Action,126000000,167,2012,0,9.4,292,1350000,0,1,0,1,0,0,0,0,1,0,0,0,0
3915,Movie 3915 (2024),Sci-Fi,35000000,83,1991,0,8.3,306,540000,1,0,0,0,0,0,0,0,0,0,0,1,0
3916,Movie 3916 (2024),Sci-Fi|Comedy|Fantasy,93000000,148,2001,0,4.5,248,4240000,1,0,0,0,0,1,0,0,0,1,0,1,0
3917,Movie 3917 (2024),Comedy|Children,196000000,125,2014,0,3.9,281,4080000,0,0,0,0,1,1,0,0,0,0,0,0,0
3918,Movie 3918 (2024),Drama|Action,199000000,132,2010,0,8.3,116,3300000,0,1,0,0,0,0,0,0,1,0,0,0,0
3919,Movie 3919 (2024),Thriller,28000000,178,1994,0,5.4,248,3510000,0,0,0,0,0,0,0,0,0,0,0,0,1
3920,Movie 3920 (2024),Fantasy|Adventure,122000000,163,2000,0,7.8,349,3800000,1,0,1,0,0,0,0,0,0,1,0,0,0
3921,Movie 3921 (2024),Children,70000000,93,2021,1,9.6,193,3140000,1,0,0,0,1,0,0,0,0,0,0,0,0
3922,Movie 3922 (2024),Comedy,21000000,141,2021,0,5.5,306,4410000,0,0,0,0,0,1,0,0,0,0,0,0,0
3923,Movie 3923 (2024),Drama,145000000,84,1995,1,7.8,32,930000,1,0,0,0,0,0,0,0,1,0,0,0,0
3924,Movie 3924 (2024),Sci-Fi|Drama|Adventure,4000000,137,2024,1,9.9,467,1640000,1,0,1,0,0,0,0,0,1,0,0,1,0
3925,Movie 3925 (2024),Comedy,36000000,176,2002,1,7.5,247,4260000,0,0,0,0,0,1,0,0,0,0,0,0,0
3926,Movie 3926 (2024),Comedy,146000000,128,1997,1,4.9,248,2140000,1,0,0,0,0,1,0,0,0,0,0,0,0
3927,Movie 3927 (2024),Fantasy|Adventure,186000000,93,2003,0,7.1,227,4220000,1,0,1,0,0,0,0,0,0,1,0,0,0
3928,Movie 3928 (2024),Action,83000000,117,2002,0,6.2,167,4010000,0,1,0,0,0,0,0,0,0,0,0,0,0
3929,Movie 3929 (2024),Children|Thriller|Documentary,173000000,152,2008,1,8.5,455,2490000,0,0,0,0,1,0,0,1,0,0,0,0,1
3930,Movie 3930 (2024),Children,28000000,104,1998,1,7.3,473,2440000,1,0,0,0,1,0,0,0,0,0,0,0,0
3931,Movie 3931 (2024),Sci-Fi|Animation|Crime,98000000,129,2001,0,6.5,353,3040000,0,0,0,1,0,0,1,0,0,0,0,1,0
3932,Movie 3932 (2024),Adventure|Children|Documentary,40000000,103,1997,0,8.5,384,2870000,1,0,1,0,1,0,0,1,0,0,0,0,0
3933,Movie 3933 (2024),Sci-Fi|Animation|Adventure,116000000,90,2019,0,6.9,453,3060000,0,0,1,1,0,0,0,0,0,0,0,1,0
3934,Movie 3934 (2024),Thriller,47000000,108,2002,0,8.5,417,970000,1,0,0,0,0,0,0,0,0,0,0,0,1
3935,Movie 3935 (2024),Adventure|Thriller|Drama,100000000,140,1995,0,9.9,205,4720000,0,0,1,0,0,0,0,0,1,0,0,0,1
3936,Movie 3936 (2024),Comedy|Animation|Action,107000000,171,2020,0,4.9,123,2420000,0,1,0,1,0,1,0,0,0,0,0,0,0
3937,Movie 3937 (2024),Documentary|Horror,164000000,83,1993,0,3.1,160,2280000,0,0,0,0,0,0,0,1,0,0,1,0,0
3938,Movie 3938 (2024),Adventure,176000000,128,2020,0,9.8,174,3150000,1,0,1,0,0,0,0,0,0,0,0,0,0
3939,Movie 3939 (2024),Action|Crime|Horror,77000000,104,1999,1,9.9,50,4650000,0,1,0,0,0,0,1,0,0,0,1,0,0
3940,Movie 3940 (2024),Crime|Animation|Documentary,108000000,170,1994,0,4.7,6,2580000,1,0,0,1,0,0,1,1,0,0,0,0,0
3941,Movie 3941 (2024),Action|Crime,160000000,161,1997,0,8.3,418,1230000,0,1,0,0,0,0,1,0,0,0,0,0,0
3942,Movie 3942 (2024),Drama|Animation|Documentary,92000000,126,2004,0,4.3,297,1290000,0,0,0,1,0,0,0,1,1,0,0,0,0
3943,Movie 3943 (2024),Fantasy|Comedy|Drama,24000000,140,2022,1,3.7,262,4020000,1,0,0,0,0,1,0,0,1,1,0,0,0
3944,Movie 3944 (2024),Sci-Fi|Horror,63000000,119,2011,0,8.0,227,3610000,0,0,0,0,0,0,0,0,0,0,1,1,0
3945,Movie 3945 (2024),Thriller,76000000,102,2020,0,9.4,303,3640000,0,0,0,0,0,0,0,0,0,0,0,0,1
3946,Movie 3946 (2024),Children|Drama,131000000,86,2011,0,8.9,351,2410000,0,0,0,0,1,0,0,0,1,0,0,0,0
3947,Movie 3947 (2024),Drama|Animation,163000000,108,1999,0,2.2,158,4980000,0,0,0,1,0,0,0,0,1,0,0,0,0
3948,Movie 3948 (2024),Thriller|Drama|Adventure,12000000,92,1992,0,10.0,444,530000,0,0,1,0,0,0,0,0,1,0,0,0,1
3949,Movie 3949 (2024),Sci-Fi|Comedy|Fantasy,187000000,130,2004,0,9.3,458,3830000,1,0,0,0,0,1,0,0,0,1,0,1,0
3950,Movie 3950 (2024),Documentary,150000000,131,2001,0,9.2,146,920000,1,0,0,0,0,0,0,1,0,0,0,0,0
3951,Movie 3951 (2024),Thriller|Sci-Fi|Adventure,59000000,152,1997,1,6.6,184,4360000,1,0,1,0,0,0,0,0,0,0,0,1,1
3952,Movie 3952 (2024),Children|Sci-Fi|Animation,197000000,165,2022,0,9.2,423,4540000,0,0,0,1,1,0,0,0,0,0,0,1,0
3953,Movie 3953 (2024),Horror|Sci-Fi,114000000,109,2022,0,4.8,465,2650000,1,0,0,0,0,0,0,0,0,0,1,1,0
3954,Movie 3954 (2024),Thriller|Action,28000000,109,2012,0,6.1,92,1960000,1,1,0,0,0,0,0,0,0,0,0,0,1
3955,Movie 3955 (2024),Animation|Fantasy|Children,129000000,179,1994,1,9.4,318,880000,0,0,0,1,1,0,0,0,0,1,0,0,0
3956,Movie 3956 (2024),Action|Horror|Fantasy,98000000,147,2010,1,6.2,321,3400000,1,1,0,0,0,0,0,0,0,1,1,0,0
3957,Movie 3957 (2024),Children|Horror,150000000,91,1997,0,7.3,230,950000,0,0,0,0,1,0,0,0,0,0,1,0,0
3958,Movie 3958 (2024),Thriller,118000000,168,1995,0,9.4,227,2530000,0,0,0,0,0,0,0,0,0,0,0,0,1
3959,Movie 3959 (2024),Crime|Thriller,65000000,168,2009,0,9.1,495,2160000,1,0,0,0,0,0,1,0,0,0,0,0,1
3960,Movie 3960 (2024),Animation|Documentary,190000000,104,1990,0,8.7,234,4320000,0,0,0,1,0,0,0,1,0,0,0,0,0
3961,Movie 3961 (2024),Sci-Fi|Adventure|Documentary,166000000,121,1993,0,4.2,439,2240000,0,0,1,0,0,0,0,1,0,0,0,1,0
3962,Movie 3962 (2024),Animation|Comedy,15000000,160,2001,0,2.9,306,2640000,1,0,0,1,0,1,0,0,0,0,0,0,0
3963,Movie 3963 (2024),Drama|Fantasy|Action,174000000,110,2007,0,5.7,319,4520000,1,1,0,0,0,0,0,0,1,1,0,0,0
3964,Movie 3964 (2024),Comedy|Documentary|Adventure,124000000,104,2024,0,9.9,219,3650000,0,0,1,0,0,1,0,1,0,0,0,0,0
3965,Movie 3965 (2024),Comedy,65000000,116,1990,0,9.0,497,4920000,1,0,0,0,0,1,0,0,0,0,0,0,0
3966,Movie 3966 (2024),Fantasy|Comedy,197000000,128,1995,0,7.8,183,3640000,0,0,0,0,0,1,0,0,0,1,0,0,0
3967,Movie 3967 (2024),Children|Comedy|Sci-Fi,55000000,165,2014,0,2.0,3,4880000,0,0,0,0,1,1,0,0,0,0,0,1,0
3968,Movie 3968 (2024),Children|Crime|Horror,172000000,92,2021,0,3.4,71,1290000,0,0,0,0,1,0,1,0,0,0,1,0,0
3969,Movie 3969 (2024),Animation|Comedy,11000000,179,1993,0,3.8,69,3860000,1,0,0,1,0,1,0,0,0,0,0,0,0
3970,Movie 3970 (2024),Comedy,105000000,166,2002,0,4.4,36,1270000,1,0,0,0,0,1,0,0,0,0,0,0,0
3971,Movie 3971 (2024),Comedy|Action|Sci-Fi,90000000,109,2016,0,8.2,334,4380000,0,1,0,0,0,1,0,0,0,0,0,1,0
3972,Movie 3972 (2024),Adventure|Fantasy,16000000,147,2011,0,9.8,118,3760000,1,0,1,0,0,0,0,0,0,1,0,0,0
3973,Movie 3973 (2024),Fantasy,33000000,135,1992,0,6.2,235,4470000,0,0,0,0,0,0,0,0,0,1,0,0,0
3974,Movie 3974 (2024),Thriller,18000000,156,2023,0,6.5,456,1790000,1,0,0,0,0,0,0,0,0,0,0,0,1
3975,Movie 3975 (2024),Crime,115000000,110,2014,0,5.0,233,2030000,1,0,0,0,0,0,1,0,0,0,0,0,0
3976,Movie 3976 (2024),Drama,187000000,166,2015,0,3.1,465,3620000,0,0,0,0,0,0,0,0,1,0,0,0,0
3977,Movie 3977 (2024),Sci-Fi|Animation,155000000,147,1990,0,6.7,428,4880000,0,0,0,1,0,0,0,0,0,0,0,1,0
3978,Movie 3978 (2024),Comedy|Horror|Children,133000000,140,2017,0,7.2,261,2920000,1,0,0,0,1,1,0,0,0,0,1,0,0
3979,Movie 3979 (2024),Fantasy|Documentary,190000000,119,2008,0,7.2,324,1570000,0,0,0,0,0,0,0,1,0,1,0,0,0
3980,Movie 3980 (2024),Comedy,52000000,151,2024,0,7.6,271,2730000,0,0,0,0,0,1,0,0,0,0,0,0,0
3981,Movie 3981 (2024),Drama|Horror|Documentary,124000000,144,1995,0,10.0,422,2160000,0,0,0,0,0,0,0,1,1,0,1,0,0
3982,Movie 3982 (2024),Sci-Fi|Comedy,174000000,160,1991,0,7.5,91,3330000,0,0,0,0,0,1,0,0,0,0,0,1,0
3983,Movie 3983 (2024),Action|Documentary,140000000,160,2021,0,8.9,434,2870000,1,1,0,0,0,0,0,1,0,0,0,0,0
3984,Movie 3984 (2024),Animation|Thriller|Fantasy,43000000,84,2022,0,3.7,305,4960000,1,0,0,1,0,0,0,0,0,1,0,0,1
3985,Movie 3985 (2024),Crime,60000000,97,1995,0,2.4,482,1600000,0,0,0,0,0,0,1,0,0,0,0,0,0
3986,Movie 3986 (2024),Sci-Fi,117000000,141,1995,0,8.6,120,4790000,0,0,0,0,0,0,0,0,0,0,0,1,0
3987,Movie 3987 (2024),Sci-Fi,25000000,111,2021,0,4.8,23,1370000,0,0,0,0,0,0,0,0,0,0,0,1,0
3988,Movie 3988 (2024),Drama|Sci-Fi,47000000,128,2006,0,6.2,412,1450000,1,0,0,0,0,0,0,0,1,0,0,1,0
3989,Movie 3989 (2024),Animation,44000000,129,2013,0,5.7,341,4620000,1,0,0,1,0,0,0,0,0,0,0,0,0
3990,Movie 3990 (2024),Sci-Fi|Thriller,123000000,177,1998,0,3.7,198,2860000,0,0,0,0,0,0,0,0,0,0,0,1,1
3991,Movie 3991 (2024),Animation|Adventure|Fantasy,135000000,121,1997,0,4.6,260,4570000,1,0,1,1,0,0,0,0,0,1,0,0,0
3992,Movie 3992 (2024),Documentary,189000000,96,2000,0,2.3,298,980000,0,0,0,0,0,0,0,1,0,0,0,0,0
3993,Movie 3993 (2024),Drama,136000000,88,2016,0,7.1,189,4680000,1,0,0,0,0,0,0,0,1,0,0,0,0
3994,Movie 3994 (2024),Adventure|Comedy,27000000,131,2021,1,5.7,347,3000000,1,0,1,0,0,1,0,0,0,0,0,0,0
3995,Movie 3995 (2024),Crime|Horror,177000000,162,2020,0,8.8,82,4710000,1,0,0,0,0,0,1,0,0,0,1,0,0
3996,Movie 3996 (2024),Thriller|Horror,78000000,130,1998,0,6.8,19,2750000,1,0,0,0,0,0,0,0,0,0,1,0,1
3997,Movie 3997 (2024),Action|Adventure|Horror,124000000,175,2002,0,7.7,72,920000,0,1,1,0,0,0,0,0,0,0,1,0,0
3998,Movie 3998 (2024),Documentary|Adventure,177000000,134,2008,0,5.1,38,2260000,1,0,1,0,0,0,0,1,0,0,0,0,0
3999,Movie 3999 (2024),Horror,173000000,100,2024,0,7.9,449,860000,1,0,0,0,0,0,0,0,0,0,1,0,0
4000,Movie 4000 (2024),Animation|Action,162000000,167,2009,0,4.6,19,3460000,1,1,0,1,0,0,0,0,0,0,0,0,0
4001,Movie 4001 (2024),Fantasy|Comedy,181000000,142,2008,0,4.2,246,2680000,1,0,0,0,0,1,0,0,0,1,0,0,0
4002,Movie 4002 (2024),Children|Action|Horror,72000000,103,2021,0,5.9,21,3430000,0,1,0,0,1,0,0,0,0,0,1,0,0
4003,Movie 4003 (2024),Drama|Children,51000000,139,1993,0,8.1,373,550000,1,0,0,0,1,0,0,0,1,0,0,0,0
4004,Movie 4004 (2024),Crime,112000000,108,2006,1,9.1,168,2560000,1,0,0,0,0,0,1,0,0,0,0,0,0
4005,Movie 4005 (2024),Children|Documentary|Animation,183000000,91,1991,0,8.5,162,4930000,0,0,0,1,1,0,0,1,0,0,0,0,0
4006,Movie 4006 (2024),Adventure|Documentary|Drama,106000000,100,1990,0,4.1,174,1170000,0,0,1,0,0,0,0,1,1,0,0,0,0
4007,Movie 4007 (2024),Drama|Horror,82000000,134,2007,0,4.0,309,2910000,0,0,0,0,0,0,0,0,1,0,1,0,0
4008,Movie 4008 (2024),Documentary|Horror,164000000,136,1992,0,8.1,338,1360000,1,0,0,0,0,0,0,1,0,0,1,0,0
4009,Movie 4009 (2024),Sci-Fi|Action,119000000,178,2002,0,3.1,163,4320000,0,1,0,0,0,0,0,0,0,0,0,1,0
4010,Movie 4010 (2024),Thriller|Crime,46000000,151,1997,0,5.8,265,1520000,1,0,0,0,0,0,1,0,0,0,0,0,1
4011,Movie 4011 (2024),Horror,67000000,151,1998,1,8.4,429,710000,0,0,0,0,0,0,0,0,0,0,1,0,0
4012,Movie 4012 (2024),Comedy|Animation,75000000,154,2003,0,6.4,212,960000,0,0,0,1,0,1,0,0,0,0,0,0,0
4013,Movie 4013 (2024),Animation,108000000,95,2008,0,8.0,234,4810000,0,0,0,1,0,0,0,0,0,0,0,0,0
4014,Movie 4014 (2024),Adventure|Thriller,80000000,104,2021,1,7.4,430,2070000,0,0,1,0,0,0,0,0,0,0,0,0,1
4015,Movie 4015 (2024),Fantasy|Comedy|Sci-Fi,107000000,174,2021,0,3.9,58,1670000,1,0,0,0,0,1,0,0,0,1,0,1,0
4016,Movie 4016 (2024),Children,168000000,111,2019,1,2.8,238,3650000,0,0,0,0,1,0,0,0,0,0,0,0,0
4017,Movie 4017 (2024),Documentary|Thriller|Comedy,64000000,151,2005,0,3.3,498,1810000,0,0,0,0,0,1,0,1,0,0,0,0,1
4018,Movie 4018 (2024),Adventure|Animation,109000000,91,2021,0,6.4,34,3290000,1,0,1,1,0,0,0,0,0,0,0,0,0
4019,Movie 4019 (2024),Action,83000000,105,2015,0,4.0,190,4240000,1,1,0,0,0,0,0,0,0,0,0,0,0
4020,Movie 4020 (2024),Children|Sci-Fi,105000000,122,1999,1,9.5,283,1470000,1,0,0,0,1,0,0,0,0,0,0,1,0
4021,Movie 4021 (2024),Animation,15000000,138,1997,0,5.0,201,3390000,0,0,0,1,0,0,0,0,0,0,0,0,0
4022,Movie 4022 (2024),Thriller|Comedy|Children,62000000,158,1991,1,2.7,335,1460000,1,0,0,0,1,1,0,0,0,0,0,0,1
4023,Movie 4023 (2024),Action|Comedy|Sci-Fi,193000000,88,1995,0,2.1,485,1800000,0,1,0,0,0,1,0,0,0,0,0,1,0
4024,Movie 4024 (2024),Drama,152000000,151,2004,1,3.3,198,990000,1,0,0,0,0,0,0,0,1,0,0,0,0
4025,Movie 4025 (2024),Children|Horror|Sci-Fi,129000000,129,2013,0,3.3,383,2800000,0,0,0,0,1,0,0,0,0,0,1,1,0
4026,Movie 4026 (2024),Sci-Fi,177000000,87,2021,0,9.6,344,1920000,0,0,0,0,0,0,0,0,0,0,0,1,0
4027,Movie 4027 (2024),Comedy|Sci-Fi|Adventure,130000000,144,2017,1,4.9,460,4270000,0,0,1,0,0,1,0,0,0,0,0,1,0
4028,Movie 4028 (2024),Adventure,79000000,172,1990,1,3.7,391,4910000,0,0,1,0,0,0,0,0,0,0,0,0,0
4029,Movie 4029 (2024),Crime|Thriller|Comedy,47000000,104,2013,0,7.5,8,3650000,1,0,0,0,0,1,1,0,0,0,0,0,1
4030,Movie 4030 (2024),Children|Adventure,199000000,116,1998,0,9.6,162,2940000,1,0,1,0,1,0,0,0,0,0,0,0,0
4031,Movie 4031 (2024),Comedy|Documentary,88000000,104,1999,0,6.6,240,3500000,0,0,0,0,0,1,0,1,0,0,0,0,0
4032,Movie 4032 (2024),Children|Adventure,61000000,169,2020,0,9.7,452,3360000,0,0,1,0,1,0,0,0,0,0,0,0,0
4033,Movie 4033 (2024),Drama,31000000,129,1990,0,10.0,290,500000,0,0,0,0,0,0,0,0,1,0,0,0,0
4034,Movie 4034 (2024),Sci-Fi|Adventure,64000000,162,1997,0,4.5,485,650000,1,0,1,0,0,0,0,0,0,0,0,1,0
4035,Movie 4035 (2024),Animation|Adventure|Documentary,158000000,174,1999,0,6.1,119,1310000,0,0,1,1,0,0,0,1,0,0,0,0,0
4036,Movie 4036 (2024),Sci-Fi,176000000,128,1999,0,7.1,14,700000,0,0,0,0,0,0,0,0,0,0,0,1,0
4037,Movie 4037 (2024),Drama|Thriller,151000000,147,1997,0,2.8,251,1980000,1,0,0,0,0,0,0,0,1,0,0,0,1
4038,Movie 4038 (2024),Children|Documentary|Comedy,71000000,163,2004,0,5.0,136,4280000,1,0,0,0,1,1,0,1,0,0,0,0,0
4039,Movie 4039 (2024),Children,31000000,136,2014,0,8.2,325,4530000,1,0,0,0,1,0,0,0,0,0,0,0,0
4040,Movie 4040 (2024),Action|Documentary,101000000,115,2003,0,7.7,493,4890000,0,1,0,0,0,0,0,1,0,0,0,0,0
4041,Movie 4041 (2024),Horror|Thriller,95000000,176,2000,0,3.6,112,4230000,1,0,0,0,0,0,0,0,0,0,1,0,1
4042,Movie 4042 (2024),Documentary|Drama,36000000,138,2023,0,7.1,12,1690000,1,0,0,0,0,0,0,1,1,0,0,0,0
4043,Movie 4043 (2024),Fantasy,74000000,145,2015,0,2.9,375,3480000,0,0,0,0,0,0,0,0,0,1,0,0,0
4044,Movie 4044 (2024),Crime|Action,79000000,147,2016,0,5.7,158,2970000,1,1,0,0,0,0,1,0,0,0,0,0,0
4045,Movie 4045 (2024),Drama|Sci-Fi|Children,105000000,103,1996,0,2.9,9,4870000,1,0,0,0,1,0,0,0,1,0,0,1,0
4046,Movie 4046 (2024),Children|Adventure|Documentary,90000000,85,1992,0,4.3,8,1980000,0,0,1,0,1,0,0,1,0,0,0,0,0
4047,Movie 4047 (2024),Crime,185000000,91,2021,0,9.6,55,4740000,1,0,0,0,0,0,1,0,0,0,0,0,0
4048,Movie 4048 (2024),Horror|Crime,142000000,102,2022,0,4.9,56,1610000,1,0,0,0,0,0,1,0,0,0,1,0,0
4049,Movie 4049 (2024),Sci-Fi|Crime|Comedy,134000000,153,2002,1,6.5,315,1610000,0,0,0,0,0,1,1,0,0,0,0,1,0
4050,Movie 4050 (2024),Crime|Horror|Adventure,196000000,175,2024,1,5.9,28,1620000,1,0,1,0,0,0,1,0,0,0,1,0,0
4051,Movie 4051 (2024),Fantasy,30000000,83,2006,1,5.9,167,4020000,1,0,0,0,0,0,0,0,0,1,0,0,0
4052,Movie 4052 (2024),Horror|Children|Fantasy,177000000,106,2003,0,6.3,149,2480000,1,0,0,0,1,0,0,0,0,1,1,0,0
4053,Movie 4053 (2024),Children,178000000,112,2012,0,2.1,33,2360000,1,0,0,0,1,0,0,0,0,0,0,0,0
4054,Movie 4054 (2024),Thriller|Animation,118000000,149,1994,1,3.7,183,4290000,0,0,0,1,0,0,0,0,0,0,0,0,1
4055,Movie 4055 (2024),Adventure|Crime|Action,32000000,99,2003,0,7.9,454,4630000,0,1,1,0,0,0,1,0,0,0,0,0,0
4056,Movie 4056 (2024),Sci-Fi,56000000,95,2009,0,5.7,79,4040000,1,0,0,0,0,0,0,0,0,0,0,1,0
4057,Movie 4057 (2024),Animation,74000000,109,2016,0,5.9,22,1640000,1,0,0,1,0,0,0,0,0,0,0,0,0
4058,Movie 4058 (2024),Action|Sci-Fi|Crime,197000000,86,1996,0,2.1,390,1380000,0,1,0,0,0,0,1,0,0,0,0,1,0
4059,Movie 4059 (2024),Thriller|Children,128000000,174,1998,0,4.7,311,4480000,0,0,0,0,1,0,0,0,0,0,0,0,1
4060,Movie 4060 (2024),Action|Horror|Sci-Fi,160000000,113,1995,1,3.4,281,3610000,1,1,0,0,0,0,0,0,0,0,1,1,0
4061,Movie 4061 (2024),Adventure|Crime,193000000,176,2002,0,2.5,289,3740000,0,0,1,0,0,0,1,0,0,0,0,0,0
4062,Movie 4062 (2024),Action,131000000,121,2003,0,3.2,186,2900000,1,1,0,0,0,0,0,0,0,0,0,0,0
4063,Movie 4063 (2024),Adventure,102000000,116,2005,1,9.5,495,4130000,1,0,1,0,0,0,0,0,0,0,0,0,0
4064,Movie 4064 (2024),Thriller|Comedy|Drama,187000000,85,1992,0,5.5,126,750000,0,0,0,0,0,1,0,0,1,0,0,0,1
4065,Movie 4065 (2024),Documentary,130000000,171,2004,1,5.3,485,4320000,1,0,0,0,0,0,0,1,0,0,0,0,0
4066,Movie 4066 (2024),Children|Animation|Horror,124000000,158,2012,0,6.6,36,4760000,1,0,0,1,1,0,0,0,0,0,1,0,0
4067,Movie 4067 (2024),Children|Crime|Animation,69000000,116,1995,0,2.4,156,1560000,1,0,0,1,1,0,1,0,0,0,0,0,0
4068,Movie 4068 (2024),Animation|Documentary|Thriller,144000000,82,2002,0,10.0,422,3170000,1,0,0,1,0,0,0,1,0,0,0,0,1
4069,Movie 4069 (2024),Drama,93000000,115,2011,0,2.3,54,3850000,1,0,0,0,0,0,0,0,1,0,0,0,0
4070,Movie 4070 (2024),Fantasy|Comedy|Thriller,140000000,129,2012,1,6.5,321,560000,0,0,0,0,0,1,0,0,0,1,0,0,1
4071,Movie 4071 (2024),Fantasy|Children|Thriller,14000000,149,1997,0,5.2,411,3140000,1,0,0,0,1,0,0,0,0,1,0,0,1
4072,Movie 4072 (2024),Action,29000000,134,1999,0,9.4,227,2460000,0,1,0,0,0,0,0,0,0,0,0,0,0
4073,Movie 4073 (2024),Comedy|Sci-Fi,177000000,116,2017,0,8.5,82,2490000,0,0,0,0,0,1,0,0,0,0,0,1,0
4074,Movie 4074 (2024),Crime|Fantasy|Sci-Fi,147000000,137,2010,0,6.1,204,2690000,1,0,0,0,0,0,1,0,0,1,0,1,0
4075,Movie 4075 (2024),Horror|Fantasy,44000000,140,2002,0,6.2,481,530000,0,0,0,0,0,0,0,0,0,1,1,0,0
4076,Movie 4076 (2024),Fantasy,164000000,137,2006,0,5.3,490,4670000,1,0,0,0,0,0,0,0,0,1,0,0,0
4077,Movie 4077 (2024),Thriller,2000000,161,2010,0,6.6,26,4950000,1,0,0,0,0,0,0,0,0,0,0,0,1
4078,Movie 4078 (2024),Horror,151000000,129,1997,0,8.9,30,2410000,1,0,0,0,0,0,0,0,0,0,1,0,0
4079,Movie 4079 (2024),Horror|Action,136000000,165,2019,0,2.9,315,4460000,0,1,0,0,0,0,0,0,0,0,1,0,0
4080,Movie 4080 (2024),Fantasy|Adventure|Thriller,160000000,147,2006,0,5.4,404,1400000,0,0,1,0,0,0,0,0,0,1,0,0,1
4081,Movie 4081 (2024),Children,184000000,179,1997,0,3.7,343,1960000,0,0,0,0,1,0,0,0,0,0,0,0,0
4082,Movie 4082 (2024),Sci-Fi,133000000,152,2020,0,8.5,322,4330000,0,0,0,0,0,0,0,0,0,0,0,1,0
4083,Movie 4083 (2024),Crime,131000000,99,2018,1,3.6,389,4520000,1,0,0,0,0,0,1,0,0,0,0,0,0
4084,Movie 4084 (2024),Sci-Fi|Thriller|Adventure,166000000,166,1991,1,7.0,405,1700000,0,0,1,0,0,0,0,0,0,0,0,1,1
4085,Movie 4085 (2024),Adventure|Animation,116000000,150,2021,0,5.3,151,1610000,0,0,1,1,0,0,0,0,0,0,0,0,0
4086,Movie 4086 (2024),Horror,112000000,104,2015,0,4.9,329,2660000,0,0,0,0,0,0,0,0,0,0,1,0,0
4087,Movie 4087 (2024),Horror,144000000,179,2011,0,9.4,148,3800000,1,0,0,0,0,0,0,0,0,0,1,0,0
4088,Movie 4088 (2024),Sci-Fi|Drama,177000000,139,1996,1,5.1,373,4210000,1,0,0,0,0,0,0,0,1,0,0,1,0
4089,Movie 4089 (2024),Documentary,10000000,163,2004,0,3.9,387,1260000,1,0,0,0,0,0,0,1,0,0,0,0,0
4090,Movie 4090 (2024),Crime,171000000,113,2024,1,3.1,298,560000,0,0,0,0,0,0,1,0,0,0,0,0,0
4091,Movie 4091 (2024),Children|Drama|Adventure,18000000,102,2000,0,6.1,136,760000,1,0,1,0,1,0,0,0,1,0,0,0,0
4092,Movie 4092 (2024),Adventure|Documentary,90000000,119,2000,0,6.0,373,3250000,0,0,1,0,0,0,0,1,0,0,0,0,0
4093,Movie 4093 (2024),Animation|Comedy|Thriller,45000000,157,1992,0,3.6,153,4490000,0,0,0,1,0,1,0,0,0,0,0,0,1
4094,Movie 4094 (2024),Fantasy|Children,121000000,114,2019,1,5.1,425,4130000,1,0,0,0,1,0,0,0,0,1,0,0,0
4095,Movie 4095 (2024),Fantasy|Documentary,67000000,102,1996,0,7.3,217,3300000,1,0,0,0,0,0,0,1,0,1,0,0,0
4096,Movie 4096 (2024),Fantasy|Horror,132000000,170,1993,0,7.7,202,2130000,0,0,0,0,0,0,0,0,0,1,1,0,0
4097,Movie 4097 (2024),Sci-Fi|Comedy,142000000,173,2005,1,9.5,407,1100000,0,0,0,0,0,1,0,0,0,0,0,1,0
4098,Movie 4098 (2024),Documentary,14000000,136,1999,0,7.6,66,4220000,1,0,0,0,0,0,0,1,0,0,0,0,0
4099,Movie 4099 (2024),Horror|Sci-Fi,61000000,99,2017,0,7.7,273,4540000,0,0,0,0,0,0,0,0,0,0,1,1,0
4100,Movie 4100 (2024),Drama|Comedy|Horror,16000000,148,1992,0,3.0,218,3660000,1,0,0,0,0,1,0,0,1,0,1,0,0
4101,Movie 4101 (2024),Crime|Action,179000000,138,1990,0,9.4,114,4310000,1,1,0,0,0,0,1,0,0,0,0,0,0
4102,Movie 4102 (2024),Animation|Comedy|Adventure,127000000,88,2014,0,7.5,88,3740000,0,0,1,1,0,1,0,0,0,0,0,0,0
4103,Movie 4103 (2024),Comedy,188000000,86,2004,1,9.6,33,960000,0,0,0,0,0,1,0,0,0,0,0,0,0
4104,Movie 4104 (2024),Documentary|Adventure|Animation,29000000,93,2015,0,5.7,296,1290000,0,0,1,1,0,0,0,1,0,0,0,0,0
4105,Movie 4105 (2024),Children|Thriller,195000000,82,1996,0,7.0,319,1660000,1,0,0,0,1,0,0,0,0,0,0,0,1
4106,Movie 4106 (2024),Comedy,72000000,111,2017,0,3.7,77,1490000,0,0,0,0,0,1,0,0,0,0,0,0,0
4107,Movie 4107 (2024),Fantasy|Drama|Comedy,141000000,94,2005,1,7.3,493,1720000,0,0,0,0,0,1,0,0,1,1,0,0,0
4108,Movie 4108 (2024),Adventure|Crime,34000000,161,1992,0,9.0,318,3780000,0,0,1,0,0,0,1,0,0,0,0,0,0
4109,Movie 4109 (2024),Documentary,41000000,160,2005,0,3.6,308,4420000,1,0,0,0,0,0,0,1,0,0,0,0,0
4110,Movie 4110 (2024),Drama|Fantasy|Crime,199000000,143,2014,0,2.4,43,2300000,0,0,0,0,0,0,1,0,1,1,0,0,0
4111,Movie 4111 (2024),Children|Drama|Thriller,169000000,109,1993,0,9.3,253,4910000,0,0,0,0,1,0,0,0,1,0,0,0,1
4112,Movie 4112 (2024),Animation|Thriller,53000000,96,1999,1,2.7,281,4590000,1,0,0,1,0,0,0,0,0,0,0,0,1
4113,Movie 4113 (2024),Horror,158000000,104,1998,0,4.5,53,4610000,0,0,0,0,0,0,0,0,0,0,1,0,0
4114,Movie 4114 (2024),Action,185000000,123,2022,0,4.2,88,4160000,1,1,0,0,0,0,0,0,0,0,0,0,0
4115,Movie 4115 (2024),Children|Documentary|Crime,148000000,128,2017,0,3.9,391,4200000,0,0,0,0,1,0,1,1,0,0,0,0,0
4116,Movie 4116 (2024),Adventure|Comedy,194000000,176,2021,1,2.4,482,2140000,1,0,1,0,0,1,0,0,0,0,0,0,0
4117,Movie 4117 (2024),Comedy|Children,98000000,129,2002,0,8.4,18,3640000,1,0,0,0,1,1,0,0,0,0,0,0,0
4118,Movie 4118 (2024),Children,158000000,161,2009,1,8.4,449,2780000,1,0,0,0,1,0,0,0,0,0,0,0,0
4119,Movie 4119 (2024),Documentary|Children,142000000,139,2019,1,2.9,282,2730000,1,0,0,0,1,0,0,1,0,0,0,0,0
4120,Movie 4120 (2024),Comedy|Horror|Crime,49000000,141,2013,0,8.0,246,4350000,0,0,0,0,0,1,1,0,0,0,1,0,0
4121,Movie 4121 (2024),Comedy|Animation|Drama,183000000,143,2013,0,9.9,292,930000,0,0,0,1,0,1,0,0,1,0,0,0,0
4122,Movie 4122 (2024),Fantasy|Documentary,84000000,173,2013,0,9.9,26,1240000,1,0,0,0,0,0,0,1,0,1,0,0,0
4123,Movie 4123 (2024),Children|Sci-Fi|Action,124000000,149,2011,1,7.4,20,2620000,1,1,0,0,1,0,0,0,0,0,0,1,0
4124,Movie 4124 (2024),Children|Fantasy,2000000,163,2022,0,7.4,412,4040000,0,0,0,0,1,0,0,0,0,1,0,0,0
4125,Movie 4125 (2024),Children|Documentary,45000000,153,2008,0,6.2,136,3760000,1,0,0,0,1,0,0,1,0,0,0,0,0
4126,Movie 4126 (2024),Comedy|Children|Fantasy,177000000,155,2005,0,5.5,320,3510000,1,0,0,0,1,1,0,0,0,1,0,0,0
4127,Movie 4127 (2024),Thriller,79000000,168,1994,0,7.8,406,4020000,1,0,0,0,0,0,0,0,0,0,0,0,1
4128,Movie 4128 (2024),Documentary|Children,119000000,117,2019,0,8.7,97,1780000,0,0,0,0,1,0,0,1,0,0,0,0,0
4129,Movie 4129 (2024),Documentary,196000000,172,1994,1,2.7,262,3130000,0,0,0,0,0,0,0,1,0,0,0,0,0
4130,Movie 4130 (2024),Thriller,117000000,146,2022,0,7.6,395,4030000,0,0,0,0,0,0,0,0,0,0,0,0,1
4131,Movie 4131 (2024),Horror|Documentary|Thriller,69000000,97,1999,1,9.6,498,3660000,1,0,0,0,0,0,0,1,0,0,1,0,1
4132,Movie 4132 (2024),Thriller|Horror|Drama,21000000,94,2007,0,3.6,66,4290000,0,0,0,0,0,0,0,0,1,0,1,0,1
4133,Movie 4133 (2024),Action,96000000,99,1995,0,9.1,446,3550000,0,1,0,0,0,0,0,0,0,0,0,0,0
4134,Movie 4134 (2024),Drama|Children|Horror,197000000,150,2011,0,7.5,10,2660000,1,0,0,0,1,0,0,0,1,0,1,0,0
4135,Movie 4135 (2024),Adventure|Sci-Fi,115000000,120,2006,0,8.8,88,1120000,1,0,1,0,0,0,0,0,0,0,0,1,0
4136,Movie 4136 (2024),Action|Children,82000000,171,1997,0,2.4,312,2550000,0,1,0,0,1,0,0,0,0,0,0,0,0
4137,Movie 4137 (2024),Horror,27000000,85,2000,0,3.4,338,2870000,0,0,0,0,0,0,0,0,0,0,1,0,0
4138,Movie 4138 (2024),Drama,35000000,177,1995,0,4.6,80,3060000,0,0,0,0,0,0,0,0,1,0,0,0,0
4139,Movie 4139 (2024),Drama|Action|Fantasy,73000000,161,2003,0,6.3,118,1490000,0,1,0,0,0,0,0,0,1,1,0,0,0
4140,Movie 4140 (2024),Fantasy|Action|Thriller,128000000,138,2004,0,2.1,55,2020000,1,1,0,0,0,0,0,0,0,1,0,0,1
4141,Movie 4141 (2024),Drama|Fantasy,10000000,110,2022,0,7.1,20,4880000,1,0,0,0,0,0,0,0,1,1,0,0,0
4142,Movie 4142 (2024),Crime|Fantasy,5000000,96,2017,0,4.1,309,3820000,0,0,0,0,0,0,1,0,0,1,0,0,0
4143,Movie 4143 (2024),Horror|Animation|Crime,54000000,137,2010,0,9.4,400,1150000,1,0,0,1,0,0,1,0,0,0,1,0,0
4144,Movie 4144 (2024),Sci-Fi,131000000,164,2024,0,5.1,317,4140000,0,0,0,0,0,0,0,0,0,0,0,1,0
4145,Movie 4145 (2024),Documentary,34000000,83,1994,0,8.4,221,2820000,1,0,0,0,0,0,0,1,0,0,0,0,0
4146,Movie 4146 (2024),Fantasy,177000000,118,2011,0,3.8,248,1670000,0,0,0,0,0,0,0,0,0,1,0,0,0
4147,Movie 4147 (2024),Animation|Comedy|Drama,158000000,172,2015,0,2.1,471,1250000,0,0,0,1,0,1,0,0,1,0,0,0,0
4148,Movie 4148 (2024),Thriller|Sci-Fi,7000000,105,1995,1,8.2,115,1980000,1,0,0,0,0,0,0,0,0,0,0,1,1
4149,Movie 4149 (2024),Action|Drama|Fantasy,6000000,124,2013,0,9.3,450,3970000,1,1,0,0,0,0,0,0,1,1,0,0,0
4150,Movie 4150 (2024),Drama|Action|Adventure,189000000,156,1993,0,7.2,74,2110000,0,1,1,0,0,0,0,0,1,0,0,0,0
4151,Movie 4151 (2024),Drama|Adventure|Animation,112000000,98,1995,0,9.9,480,3010000,0,0,1,1,0,0,0,0,1,0,0,0,0
4152,Movie 4152 (2024),Children|Adventure|Horror,95000000,119,2006,0,2.5,118,1050000,0,0,1,0,1,0,0,0,0,0,1,0,0
4153,Movie 4153 (2024),Horror,56000000,177,2010,0,3.2,492,2070000,1,0,0,0,0,0,0,0,0,0,1,0,0
4154,Movie 4154 (2024),Action|Animation,4000000,157,1993,0,5.3,179,4290000,0,1,0,1,0,0,0,0,0,0,0,0,0
4155,Movie 4155 (2024),Adventure|Sci-Fi,162000000,94,1993,0,5.4,96,1370000,1,0,1,0,0,0,0,0,0,0,0,1,0
4156,Movie 4156 (2024),Animation|Horror|Fantasy,161000000,130,2018,0,5.5,203,1740000,0,0,0,1,0,0,0,0,0,1,1,0,0
4157,Movie 4157 (2024),Documentary|Drama|Thriller,89000000,138,2003,0,3.5,299,3080000,1,0,0,0,0,0,0,1,1,0,0,0,1
4158,Movie 4158 (2024),Thriller|Children|Horror,152000000,136,2008,0,4.4,471,2020000,0,0,0,0,1,0,0,0,0,0,1,0,1
4159,Movie 4159 (2024),Crime|Thriller,170000000,161,2002,0,4.0,423,4470000,0,0,0,0,0,0,1,0,0,0,0,0,1
4160,Movie 4160 (2024),Fantasy|Action|Animation,8000000,99,2000,0,2.6,397,4160000,1,1,0,1,0,0,0,0,0,1,0,0,0
4161,Movie 4161 (2024),Children,139000000,145,2011,0,4.9,233,1560000,0,0,0,0,1,0,0,0,0,0,0,0,0
4162,Movie 4162 (2024),Animation,88000000,166,1999,0,7.4,402,4210000,0,0,0,1,0,0,0,0,0,0,0,0,0
4163,Movie 4163 (2024),Comedy,89000000,122,1994,1,6.1,396,2520000,1,0,0,0,0,1,0,0,0,0,0,0,0
4164,Movie 4164 (2024),Sci-Fi|Animation,142000000,154,2007,0,4.6,344,2360000,0,0,0,1,0,0,0,0,0,0,0,1,0
4165,Movie 4165 (2024),Comedy|Adventure|Fantasy,188000000,170,1993,0,4.7,124,4150000,1,0,1,0,0,1,0,0,0,1,0,0,0
4166,Movie 4166 (2024),Drama,102000000,157,1999,0,3.2,299,2820000,1,0,0,0,0,0,0,0,1,0,0,0,0
4167,Movie 4167 (2024),Action|Drama,28000000,169,2010,0,6.2,238,1730000,1,1,0,0,0,0,0,0,1,0,0,0,0
4168,Movie 4168 (2024),Crime,62000000,82,1990,0,4.3,68,2330000,0,0,0,0,0,0,1,0,0,0,0,0,0
4169,Movie 4169 (2024),Children|Animation|Sci-Fi,108000000,113,1990,0,5.8,310,690000,1,0,0,1,1,0,0,0,0,0,0,1,0
4170,Movie 4170 (2024),Sci-Fi|Documentary,73000000,163,2000,0,3.7,322,2390000,1,0,0,0,0,0,0,1,0,0,0,1,0
4171,Movie 4171 (2024),Sci-Fi,66000000,101,2016,0,4.4,15,1470000,1,0,0,0,0,0,0,0,0,0,0,1,0
4172,Movie 4172 (2024),Adventure,113000000,121,1995,1,4.4,210,1350000,0,0,1,0,0,0,0,0,0,0,0,0,0
4173,Movie 4173 (2024),Action,183000000,162,2024,0,9.7,311,4950000,0,1,0,0,0,0,0,0,0,0,0,0,0
4174,Movie 4174 (2024),Action,78000000,150,2008,0,8.9,467,2180000,0,1,0,0,0,0,0,0,0,0,0,0,0
4175,Movie 4175 (2024),Thriller|Documentary|Animation,29000000,97,2013,1,8.9,451,1680000,0,0,0,1,0,0,0,1,0,0,0,0,1
4176,Movie 4176 (2024),Thriller|Sci-Fi|Adventure,105000000,109,2001,0,4.2,418,3160000,0,0,1,0,0,0,0,0,0,0,0,1,1
4177,Movie 4177 (2024),Comedy,81000000,88,2008,0,8.4,19,2000000,1,0,0,0,0,1,0,0,0,0,0,0,0
4178,Movie 4178 (2024),Documentary|Children,76000000,80,1991,0,3.8,110,4140000,0,0,0,0,1,0,0,1,0,0,0,0,0
4179,Movie 4179 (2024),Adventure,112000000,99,1991,1,3.2,61,4380000,1,0,1,0,0,0,0,0,0,0,0,0,0
4180,Movie 4180 (2024),Fantasy|Drama|Horror,61000000,119,1995,1,4.0,75,4390000,1,0,0,0,0,0,0,0,1,1,1,0,0
4181,Movie 4181 (2024),Animation,15000000,143,1996,0,3.5,273,2110000,1,0,0,1,0,0,0,0,0,0,0,0,0
4182,Movie 4182 (2024),Drama,146000000,99,1991,1,2.7,341,1070000,0,0,0,0,0,0,0,0,1,0,0,0,0
4183,Movie 4183 (2024),Adventure|Thriller,197000000,87,1992,0,9.2,212,2310000,1,0,1,0,0,0,0,0,0,0,0,0,1
4184,Movie 4184 (2024),Comedy,19000000,125,2019,0,9.2,259,3050000,0,0,0,0,0,1,0,0,0,0,0,0,0
4185,Movie 4185 (2024),Horror,148000000,109,2003,0,5.9,262,2650000,1,0,0,0,0,0,0,0,0,0,1,0,0
4186,Movie 4186 (2024),Action|Sci-Fi,135000000,108,2021,0,7.0,219,2720000,1,1,0,0,0,0,0,0,0,0,0,1,0
4187,Movie 4187 (2024),Fantasy|Documentary|Animation,197000000,172,2004,0,3.7,350,2530000,0,0,0,1,0,0,0,1,0,1,0,0,0
4188,Movie 4188 (2024),Drama,36000000,94,2013,0,6.7,420,4540000,0,0,0,0,0,0,0,0,1,0,0,0,0
4189,Movie 4189 (2024),Adventure,6000000,138,2016,0,6.0,345,4680000,0,0,1,0,0,0,0,0,0,0,0,0,0
4190,Movie 4190 (2024),Animation,127000000,99,2023,0,7.4,140,3150000,1,0,0,1,0,0,0,0,0,0,0,0,0
4191,Movie 4191 (2024),Crime|Action|Comedy,16000000,118,2011,0,5.8,207,4840000,1,1,0,0,0,1,1,0,0,0,0,0,0
4192,Movie 4192 (2024),Horror|Adventure|Fantasy,15000000,91,1992,1,6.0,436,2750000,0,0,1,0,0,0,0,0,0,1,1,0,0
4193,Movie 4193 (2024),Documentary|Action|Fantasy,162000000,124,1993,0,4.5,114,2840000,1,1,0,0,0,0,0,1,0,1,0,0,0
4194,Movie 4194 (2024),Fantasy|Horror,138000000,156,1995,0,3.5,437,2650000,0,0,0,0,0,0,0,0,0,1,1,0,0
4195,Movie 4195 (2024),Comedy|Sci-Fi,25000000,110,2018,0,7.4,240,2820000,1,0,0,0,0,1,0,0,0,0,0,1,0
4196,Movie 4196 (2024),Sci-Fi|Adventure|Action,7000000,169,1994,0,2.6,136,3440000,1,1,1,0,0,0,0,0,0,0,0,1,0
4197,Movie 4197 (2024),Action|Animation,161000000,168,1999,0,7.4,82,4710000,1,1,0,1,0,0,0,0,0,0,0,0,0
4198,Movie 4198 (2024),Animation|Fantasy|Documentary,79000000,132,2001,0,8.6,363,1120000,1,0,0,1,0,0,0,1,0,1,0,0,0
4199,Movie 4199 (2024),Crime|Animation|Documentary,148000000,177,1995,0,9.0,75,4910000,1,0,0,1,0,0,1,1,0,0,0,0,0
4200,Movie 4200 (2024),Drama|Action|Documentary,104000000,102,2019,0,6.9,285,2410000,0,1,0,0,0,0,0,1,1,0,0,0,0
4201,Movie 4201 (2024),Drama|Fantasy|Horror,156000000,124,2004,0,4.0,360,930000,1,0,0,0,0,0,0,0,1,1,1,0,0
4202,Movie 4202 (2024),Children|Adventure|Drama,104000000,126,2012,0,2.6,71,2350000,1,0,1,0,1,0,0,0,1,0,0,0,0
4203,Movie 4203 (2024),Crime,50000000,163,2013,1,7.1,46,1320000,0,0,0,0,0,0,1,0,0,0,0,0,0
4204,Movie 4204 (2024),Sci-Fi,66000000,125,2018,0,7.7,116,2720000,1,0,0,0,0,0,0,0,0,0,0,1,0
4205,Movie 4205 (2024),Sci-Fi,74000000,140,2002,0,2.7,129,1280000,1,0,0,0,0,0,0,0,0,0,0,1,0
4206,Movie 4206 (2024),Thriller|Comedy|Sci-Fi,193000000,127,1998,0,9.1,65,1610000,1,0,0,0,0,1,0,0,0,0,0,1,1
4207,Movie 4207 (2024),Crime,56000000,137,2008,0,9.7,292,2920000,0,0,0,0,0,0,1,0,0,0,0,0,0
4208,Movie 4208 (2024),Children,176000000,140,2003,0,4.4,61,2960000,1,0,0,0,1,0,0,0,0,0,0,0,0
4209,Movie 4209 (2024),Sci-Fi|Crime|Drama,12000000,85,2011,0,7.3,427,4520000,1,0,0,0,0,0,1,0,1,0,0,1,0
4210,Movie 4210 (2024),Animation|Crime,93000000,114,1992,0,6.8,460,530000,1,0,0,1,0,0,1,0,0,0,0,0,0
4211,Movie 4211 (2024),Horror,138000000,99,2010,0,8.0,33,2280000,1,0,0,0,0,0,0,0,0,0,1,0,0
4212,Movie 4212 (2024),Fantasy|Documentary,83000000,168,2006,1,4.7,383,1630000,1,0,0,0,0,0,0,1,0,1,0,0,0
4213,Movie 4213 (2024),Animation,76000000,81,1992,0,9.2,465,570000,0,0,0,1,0,0,0,0,0,0,0,0,0
4214,Movie 4214 (2024),Drama,49000000,159,2012,0,4.4,9,3910000,0,0,0,0,0,0,0,0,1,0,0,0,0
4215,Movie 4215 (2024),Children|Documentary,21000000,168,1993,0,9.9,475,2790000,1,0,0,0,1,0,0,1,0,0,0,0,0
4216,Movie 4216 (2024),Comedy,149000000,129,1994,0,9.3,389,1030000,1,0,0,0,0,1,0,0,0,0,0,0,0
4217,Movie 4217 (2024),Sci-Fi,9000000,160,1994,0,6.1,498,2830000,0,0,0,0,0,0,0,0,0,0,0,1,0
4218,Movie 4218 (2024),Action|Thriller,9000000,118,2006,0,7.7,16,3970000,1,1,0,0,0,0,0,0,0,0,0,0,1
4219,Movie 4219 (2024),Thriller|Children|Adventure,187000000,178,2004,0,8.9,434,1490000,0,0,1,0,1,0,0,0,0,0,0,0,1
4220,Movie 4220 (2024),Crime|Drama,101000000,173,1991,0,7.5,229,1460000,1,0,0,0,0,0,1,0,1,0,0,0,0
4221,Movie 4221 (2024),Adventure,20000000,158,2013,0,8.0,61,1440000,1,0,1,0,0,0,0,0,0,0,0,0,0
4222,Movie 4222 (2024),Adventure|Action,73000000,102,2022,0,8.4,260,900000,1,1,1,0,0,0,0,0,0,0,0,0,0
4223,Movie 4223 (2024),Sci-Fi|Fantasy|Documentary,9000000,171,2006,0,5.3,80,3760000,0,0,0,0,0,0,0,1,0,1,0,1,0
4224,Movie 4224 (2024),Documentary|Sci-Fi|Crime,23000000,85,2024,0,6.2,63,3270000,1,0,0,0,0,0,1,1,0,0,0,1,0
4225,Movie 4225 (2024),Crime|Thriller|Horror,58000000,115,1999,0,6.1,133,2810000,1,0,0,0,0,0,1,0,0,0,1,0,1
4226,Movie 4226 (2024),Action,51000000,112,2013,0,9.8,299,3490000,0,1,0,0,0,0,0,0,0,0,0,0,0
4227,Movie 4227 (2024),Documentary,63000000,137,2010,0,5.6,80,1430000,1,0,0,0,0,0,0,1,0,0,0,0,0
4228,Movie 4228 (2024),Thriller|Documentary|Sci-Fi,13000000,110,2017,1,7.7,173,2330000,1,0,0,0,0,0,0,1,0,0,0,1,1
4229,Movie 4229 (2024),Horror,191000000,141,1998,0,6.2,396,4170000,1,0,0,0,0,0,0,0,0,0,1,0,0
4230,Movie 4230 (2024),Action,187000000,117,2012,0,6.1,487,910000,0,1,0,0,0,0,0,0,0,0,0,0,0
4231,Movie 4231 (2024),Crime,52000000,156,2021,0,3.5,411,1040000,1,0,0,0,0,0,1,0,0,0,0,0,0
4232,Movie 4232 (2024),Drama|Horror|Animation,102000000,156,1998,0,7.6,214,1580000,0,0,0,1,0,0,0,0,1,0,1,0,0
4233,Movie 4233 (2024),Horror,120000000,155,2015,0,3.3,310,4920000,0,0,0,0,0,0,0,0,0,0,1,0,0
4234,Movie 4234 (2024),Crime,15000000,125,1998,1,3.0,364,1190000,0,0,0,0,0,0,1,0,0,0,0,0,0
4235,Movie 4235 (2024),Drama,96000000,91,1994,0,10.0,191,2670000,1,0,0,0,0,0,0,0,1,0,0,0,0
4236,Movie 4236 (2024),Animation|Fantasy|Documentary,30000000,128,2011,0,8.9,202,1820000,1,0,0,1,0,0,0,1,0,1,0,0,0
4237,Movie 4237 (2024),Horror|Children|Documentary,120000000,155,2017,0,9.8,324,620000,1,0,0,0,1,0,0,1,0,0,1,0,0
4238,Movie 4238 (2024),Thriller|Drama|Crime,190000000,128,2012,0,8.4,79,2420000,0,0,0,0,0,0,1,0,1,0,0,0,1
4239,Movie 4239 (2024),Animation|Crime|Fantasy,6000000,125,2022,1,9.5,442,3120000,0,0,0,1,0,0,1,0,0,1,0,0,0
4240,Movie 4240 (2024),Adventure|Children|Fantasy,40000000,177,2023,0,5.3,311,1680000,0,0,1,0,1,0,0,0,0,1,0,0,0
4241,Movie 4241 (2024),Thriller,82000000,96,2009,0,3.4,293,3200000,1,0,0,0,0,0,0,0,0,0,0,0,1
4242,Movie 4242 (2024),Horror|Thriller|Crime,189000000,93,2008,0,8.8,168,700000,1,0,0,0,0,0,1,0,0,0,1,0,1
4243,Movie 4243 (2024),Animation|Comedy,50000000,99,1993,0,7.7,341,1040000,0,0,0,1,0,1,0,0,0,0,0,0,0
4244,Movie 4244 (2024),Children|Documentary,108000000,98,2019,0,8.0,262,2520000,1,0,0,0,1,0,0,1,0,0,0,0,0
4245,Movie 4245 (2024),Animation,58000000,106,1996,0,2.8,459,2260000,1,0,0,1,0,0,0,0,0,0,0,0,0
4246,Movie 4246 (2024),Crime|Drama,63000000,172,1997,0,4.3,245,1370000,1,0,0,0,0,0,1,0,1,0,0,0,0
4247,Movie 4247 (2024),Thriller|Comedy,80000000,98,2022,0,4.8,386,1580000,1,0,0,0,0,1,0,0,0,0,0,0,1
4248,Movie 4248 (2024),Fantasy|Thriller,194000000,142,2002,0,7.8,135,3290000,1,0,0,0,0,0,0,0,0,1,0,0,1
4249,Movie 4249 (2024),Animation|Sci-Fi,156000000,108,1999,0,4.7,7,1210000,1,0,0,1,0,0,0,0,0,0,0,1,0
4250,Movie 4250 (2024),Fantasy|Sci-Fi|Documentary,44000000,95,1995,0,8.6,307,2820000,0,0,0,0,0,0,0,1,0,1,0,1,0
4251,Movie 4251 (2024),Crime,170000000,157,2017,1,2.9,251,1330000,1,0,0,0,0,0,1,0,0,0,0,0,0
4252,Movie 4252 (2024),Comedy|Adventure,176000000,167,1997,0,4.7,31,2760000,0,0,1,0,0,1,0,0,0,0,0,0,0
4253,Movie 4253 (2024),Drama|Horror|Animation,74000000,131,2008,1,2.2,111,2440000,1,0,0,1,0,0,0,0,1,0,1,0,0
4254,Movie 4254 (2024),Adventure|Sci-Fi,19000000,155,2013,0,5.4,369,1000000,0,0,1,0,0,0,0,0,0,0,0,1,0
4255,Movie 4255 (2024),Animation|Comedy,162000000,121,2024,0,3.1,408,650000,1,0,0,1,0,1,0,0,0,0,0,0,0
4256,Movie 4256 (2024),Comedy,149000000,140,2014,0,4.5,47,3970000,1,0,0,0,0,1,0,0,0,0,0,0,0
4257,Movie 4257 (2024),Sci-Fi|Comedy,155000000,169,2005,1,8.9,321,3120000,1,0,0,0,0,1,0,0,0,0,0,1,0
4258,Movie 4258 (2024),Children|Adventure|Fantasy,98000000,126,1998,0,3.4,157,3760000,0,0,1,0,1,0,0,0,0,1,0,0,0
4259,Movie 4259 (2024),Drama|Animation,43000000,157,2024,0,8.6,193,2410000,1,0,0,1,0,0,0,0,1,0,0,0,0
4260,Movie 4260 (2024),Crime|Drama|Thriller,90000000,132,2009,1,9.9,61,1270000,1,0,0,0,0,0,1,0,1,0,0,0,1
4261,Movie 4261 (2024),Documentary|Comedy,196000000,152,2006,0,4.7,375,3180000,0,0,0,0,0,1,0,1,0,0,0,0,0
4262,Movie 4262 (2024),Drama|Horror|Sci-Fi,187000000,85,2016,0,2.2,77,3570000,0,0,0,0,0,0,0,0,1,0,1,1,0
4263,Movie 4263 (2024),Drama|Sci-Fi,189000000,127,2017,0,6.2,1,3490000,1,0,0,0,0,0,0,0,1,0,0,1,0
4264,Movie 4264 (2024),Drama|Documentary|Sci-Fi,170000000,108,2001,0,3.7,420,2570000,1,0,0,0,0,0,0,1,1,0,0,1,0
4265,Movie 4265 (2024),Fantasy|Action,7000000,124,2018,0,5.6,226,920000,0,1,0,0,0,0,0,0,0,1,0,0,0
4266,Movie 4266 (2024),Drama|Fantasy|Crime,119000000,97,2015,0,6.1,162,1780000,0,0,0,0,0,0,1,0,1,1,0,0,0
4267,Movie 4267 (2024),Action,188000000,164,2006,0,7.3,463,690000,1,1,0,0,0,0,0,0,0,0,0,0,0
4268,Movie 4268 (2024),Drama|Sci-Fi|Horror,197000000,162,2013,0,2.9,464,4020000,1,0,0,0,0,0,0,0,1,0,1,1,0
4269,Movie 4269 (2024),Crime|Animation|Thriller,25000000,98,2020,0,7.0,101,510000,0,0,0,1,0,0,1,0,0,0,0,0,1
4270,Movie 4270 (2024),Horror|Action,77000000,146,1997,0,4.4,497,2460000,1,1,0,0,0,0,0,0,0,0,1,0,0
4271,Movie 4271 (2024),Documentary|Drama,171000000,155,2023,1,7.4,209,2580000,0,0,0,0,0,0,0,1,1,0,0,0,0
4272,Movie 4272 (2024),Thriller,162000000,160,1990,0,3.0,410,3020000,0,0,0,0,0,0,0,0,0,0,0,0,1
4273,Movie 4273 (2024),Action,70000000,101,1991,1,5.2,114,4050000,1,1,0,0,0,0,0,0,0,0,0,0,0
4274,Movie 4274 (2024),Animation|Action|Documentary,56000000,87,2008,0,3.1,174,950000,0,1,0,1,0,0,0,1,0,0,0,0,0
4275,Movie 4275 (2024),Action|Drama,98000000,134,2008,0,5.9,315,1180000,1,1,0,0,0,0,0,0,1,0,0,0,0
4276,Movie 4276 (2024),Drama|Adventure|Children,31000000,92,1994,0,5.8,88,1040000,1,0,1,0,1,0,0,0,1,0,0,0,0
4277,Movie 4277 (2024),Adventure|Documentary|Children,41000000,131,1992,0,6.9,448,740000,1,0,1,0,1,0,0,1,0,0,0,0,0
4278,Movie 4278 (2024),Children|Horror,199000000,148,2023,0,6.0,58,3610000,0,0,0,0,1,0,0,0,0,0,1,0,0
4279,Movie 4279 (2024),Sci-Fi|Drama,41000000,169,1996,0,9.1,291,4990000,0,0,0,0,0,0,0,0,1,0,0,1,0
4280,Movie 4280 (2024),Documentary|Horror,173000000,118,1993,0,5.4,293,3220000,1,0,0,0,0,0,0,1,0,0,1,0,0
4281,Movie 4281 (2024),Horror|Adventure,172000000,105,1998,0,3.3,492,4360000,1,0,1,0,0,0,0,0,0,0,1,0,0
4282,Movie 4282 (2024),Action|Documentary,36000000,107,1992,0,6.4,35,1090000,0,1,0,0,0,0,0,1,0,0,0,0,0
4283,Movie 4283 (2024),Documentary|Adventure,79000000,87,2014,1,9.9,261,1670000,1,0,1,0,0,0,0,1,0,0,0,0,0
4284,Movie 4284 (2024),Thriller,62000000,95,2010,0,2.4,104,2230000,1,0,0,0,0,0,0,0,0,0,0,0,1
4285,Movie 4285 (2024),Fantasy,93000000,129,1998,0,2.2,131,3360000,1,0,0,0,0,0,0,0,0,1,0,0,0
4286,Movie 4286 (2024),Drama,179000000,139,2003,1,6.1,362,3390000,0,0,0,0,0,0,0,0,1,0,0,0,0
4287,Movie 4287 (2024),Adventure,191000000,164,2013,0,7.4,99,3500000,1,0,1,0,0,0,0,0,0,0,0,0,0
4288,Movie 4288 (2024),Drama,73000000,142,1990,0,7.5,39,680000,1,0,0,0,0,0,0,0,1,0,0,0,0
4289,Movie 4289 (2024),Action,164000000,125,1999,0,9.3,244,4010000,0,1,0,0,0,0,0,0,0,0,0,0,0
4290,Movie 4290 (2024),Documentary,63000000,145,2022,0,6.9,234,2130000,1,0,0,0,0,0,0,1,0,0,0,0,0
4291,Movie 4291 (2024),Adventure,141000000,104,2023,0,6.1,148,3280000,0,0,1,0,0,0,0,0,0,0,0,0,0
4292,Movie 4292 (2024),Crime,67000000,140,2024,0,7.9,366,820000,1,0,0,0,0,0,1,0,0,0,0,0,0
4293,Movie 4293 (2024),Documentary,56000000,158,2008,0,8.5,190,3580000,0,0,0,0,0,0,0,1,0,0,0,0,0
4294,Movie 4294 (2024),Children,76000000,85,2003,0,4.9,355,4800000,0,0,0,0,1,0,0,0,0,0,0,0,0
4295,Movie 4295 (2024),Thriller|Horror|Animation,3000000,109,1991,1,9.4,305,3430000,1,0,0,1,0,0,0,0,0,0,1,0,1
4296,Movie 4296 (2024),Crime|Animation,192000000,170,2024,0,8.3,9,4510000,1,0,0,1,0,0,1,0,0,0,0,0,0
4297,Movie 4297 (2024),Action|Fantasy|Horror,195000000,163,2019,0,2.7,362,4380000,0,1,0,0,0,0,0,0,0,1,1,0,0
4298,Movie 4298 (2024),Children|Thriller|Action,26000000,86,1990,1,6.3,135,2520000,0,1,0,0,1,0,0,0,0,0,0,0,1
4299,Movie 4299 (2024),Fantasy|Animation,184000000,157,2023,0,5.2,7,1020000,0,0,0,1,0,0,0,0,0,1,0,0,0
4300,Movie 4300 (2024),Fantasy|Thriller,35000000,134,2019,0,7.5,454,4300000,1,0,0,0,0,0,0,0,0,1,0,0,1
4301,Movie 4301 (2024),Fantasy|Horror,96000000,86,2004,0,2.3,243,2630000,1,0,0,0,0,0,0,0,0,1,1,0,0
4302,Movie 4302 (2024),Comedy|Animation|Documentary,136000000,115,2024,0,3.4,431,3500000,1,0,0,1,0,1,0,1,0,0,0,0,0
4303,Movie 4303 (2024),Sci-Fi|Crime|Fantasy,95000000,123,1996,0,2.6,361,4010000,0,0,0,0,0,0,1,0,0,1,0,1,0
4304,Movie 4304 (2024),Animation|Thriller,192000000,154,2002,1,2.2,48,4330000,1,0,0,1,0,0,0,0,0,0,0,0,1
4305,Movie 4305 (2024),Action,123000000,114,2009,1,2.3,266,980000,0,1,0,0,0,0,0,0,0,0,0,0,0
4306,Movie 4306 (2024),Action|Drama|Sci-Fi,65000000,98,2014,0,3.3,142,3280000,1,1,0,0,0,0,0,0,1,0,0,1,0
4307,Movie 4307 (2024),Comedy,155000000,156,1993,0,4.7,437,2080000,1,0,0,0,0,1,0,0,0,0,0,0,0
4308,Movie 4308 (2024),Horror|Children|Crime,80000000,104,2019,1,5.6,371,3200000,0,0,0,0,1,0,1,0,0,0,1,0,0
4309,Movie 4309 (2024),Fantasy|Thriller|Horror,4000000,136,2012,1,5.5,155,3850000,1,0,0,0,0,0,0,0,0,1,1,0,1
4310,Movie 4310 (2024),Animation|Sci-Fi,155000000,84,2000,0,4.9,346,2910000,0,0,0,1,0,0,0,0,0,0,0,1,0
4311,Movie 4311 (2024),Horror|Adventure|Crime,36000000,158,1990,1,5.2,218,1310000,1,0,1,0,0,0,1,0,0,0,1,0,0
4312,Movie 4312 (2024),Documentary|Horror|Comedy,114000000,102,2023,0,2.0,17,4430000,0,0,0,0,0,1,0,1,0,0,1,0,0
4313,Movie 4313 (2024),Comedy|Animation,163000000,152,2009,0,3.5,420,2530000,0,0,0,1,0,1,0,0,0,0,0,0,0
4314,Movie 4314 (2024),Animation|Sci-Fi|Adventure,68000000,124,2009,0,6.0,249,2170000,1,0,1,1,0,0,0,0,0,0,0,1,0
4315,Movie 4315 (2024),Fantasy|Children,70000000,146,2022,0,9.0,288,4440000,0,0,0,0,1,0,0,0,0,1,0,0,0
4316,Movie 4316 (2024),Documentary|Comedy|Sci-Fi,42000000,174,2006,1,9.1,427,2430000,1,0,0,0,0,1,0,1,0,0,0,1,0
4317,Movie 4317 (2024),Thriller|Drama|Crime,118000000,123,2020,0,4.4,395,2550000,1,0,0,0,0,0,1,0,1,0,0,0,1
4318,Movie 4318 (2024),Thriller|Adventure|Animation,119000000,86,1995,1,3.2,60,2170000,0,0,1,1,0,0,0,0,0,0,0,0,1
4319,Movie 4319 (2024),Sci-Fi,143000000,145,2004,1,2.1,332,4180000,0,0,0,0,0,0,0,0,0,0,0,1,0
4320,Movie 4320 (2024),Animation|Documentary,99000000,104,1994,0,8.2,494,3170000,1,0,0,1,0,0,0,1,0,0,0,0,0
4321,Movie 4321 (2024),Drama|Fantasy|Action,111000000,170,2005,1,2.7,226,4720000,1,1,0,0,0,0,0,0,1,1,0,0,0
4322,Movie 4322 (2024),Horror|Comedy|Crime,63000000,136,1993,0,3.2,209,1230000,1,0,0,0,0,1,1,0,0,0,1,0,0
4323,Movie 4323 (2024),Children|Thriller|Animation,95000000,158,2009,0,6.6,191,1210000,1,0,0,1,1,0,0,0,0,0,0,0,1
4324,Movie 4324 (2024),Drama|Crime,56000000,176,1992,0,5.4,419,4240000,1,0,0,0,0,0,1,0,1,0,0,0,0
4325,Movie 4325 (2024),Fantasy|Animation,196000000,112,2017,0,3.3,469,3600000,0,0,0,1,0,0,0,0,0,1,0,0,0
4326,Movie 4326 (2024),Fantasy|Animation|Children,97000000,126,1999,0,4.9,28,3070000,0,0,0,1,1,0,0,0,0,1,0,0,0
4327,Movie 4327 (2024),Sci-Fi|Thriller|Children,129000000,89,2024,0,5.8,99,2190000,0,0,0,0,1,0,0,0,0,0,0,1,1
4328,Movie 4328 (2024),Adventure,79000000,170,2001,1,2.2,195,1070000,1,0,1,0,0,0,0,0,0,0,0,0,0
4329,Movie 4329 (2024),Sci-Fi|Adventure|Drama,116000000,125,2013,0,6.6,59,740000,0,0,1,0,0,0,0,0,1,0,0,1,0
4330,Movie 4330 (2024),Comedy|Sci-Fi|Thriller,94000000,178,1996,0,4.9,163,710000,0,0,0,0,0,1,0,0,0,0,0,1,1
4331,Movie 4331 (2024),Fantasy|Adventure,133000000,122,2021,0,2.8,318,4470000,1,0,1,0,0,0,0,0,0,1,0,0,0
4332,Movie 4332 (2024),Adventure,158000000,81,1996,0,2.8,427,4220000,0,0,1,0,0,0,0,0,0,0,0,0,0
4333,Movie 4333 (2024),Horror|Comedy|Sci-Fi,191000000,101,2024,0,3.9,190,1870000,0,0,0,0,0,1,0,0,0,0,1,1,0
4334,Movie 4334 (2024),Thriller|Comedy|Fantasy,5000000,122,2012,0,9.5,199,1660000,1,0,0,0,0,1,0,0,0,1,0,0,1
4335,Movie 4335 (2024),Animation|Documentary|Sci-Fi,38000000,128,2020,1,3.7,30,2970000,1,0,0,1,0,0,0,1,0,0,0,1,0
4336,Movie 4336 (2024),Sci-Fi|Children,106000000,90,1994,1,7.9,258,2610000,0,0,0,0,1,0,0,0,0,0,0,1,0
4337,Movie 4337 (2024),Sci-Fi|Animation,154000000,95,2005,0,2.8,277,4860000,1,0,0,1,0,0,0,0,0,0,0,1,0
4338,Movie 4338 (2024),Action|Sci-Fi,124000000,173,2014,0,6.1,274,3880000,0,1,0,0,0,0,0,0,0,0,0,1,0
4339,Movie 4339 (2024),Comedy|Horror|Action,144000000,156,2001,0,2.5,95,3680000,1,1,0,0,0,1,0,0,0,0,1,0,0
4340,Movie 4340 (2024),Children|Documentary|Crime,96000000,99,1997,0,3.0,398,1990000,1,0,0,0,1,0,1,1,0,0,0,0,0
4341,Movie 4341 (2024),Action,23000000,149,1994,1,5.1,156,4830000,0,1,0,0,0,0,0,0,0,0,0,0,0
4342,Movie 4342 (2024),Comedy|Action|Adventure,103000000,132,2003,0,3.4,380,1470000,0,1,1,0,0,1,0,0,0,0,0,0,0
4343,Movie 4343 (2024),Animation|Documentary|Horror,180000000,81,2008,0,6.8,334,3090000,1,0,0,1,0,0,0,1,0,0,1,0,0
4344,Movie 4344 (2024),Comedy|Drama,137000000,114,1993,0,5.5,285,1140000,0,0,0,0,0,1,0,0,1,0,0,0,0
4345,Movie 4345 (2024),Drama|Fantasy|Documentary,120000000,170,2011,0,2.9,139,1030000,1,0,0,0,0,0,0,1,1,1,0,0,0
4346,Movie 4346 (2024),Sci-Fi|Comedy,2000000,177,2013,0,5.4,157,2460000,1,0,0,0,0,1,0,0,0,0,0,1,0
4347,Movie 4347 (2024),Sci-Fi,70000000,149,1999,0,8.7,244,4030000,1,0,0,0,0,0,0,0,0,0,0,1,0
4348,Movie 4348 (2024),Comedy|Action|Crime,54000000,126,2020,0,8.6,225,2570000,0,1,0,0,0,1,1,0,0,0,0,0,0
4349,Movie 4349 (2024),Thriller|Animation,37000000,83,2012,1,2.5,218,890000,1,0,0,1,0,0,0,0,0,0,0,0,1
4350,Movie 4350 (2024),Drama|Fantasy,113000000,178,1999,1,4.5,308,3370000,1,0,0,0,0,0,0,0,1,1,0,0,0
4351,Movie 4351 (2024),Adventure,63000000,122,2020,0,7.6,236,2590000,1,0,1,0,0,0,0,0,0,0,0,0,0
4352,Movie 4352 (2024),Fantasy,189000000,90,1998,0,7.4,87,2230000,1,0,0,0,0,0,0,0,0,1,0,0,0
4353,Movie 4353 (2024),Animation|Fantasy,20000000,121,2009,0,7.9,462,2070000,1,0,0,1,0,0,0,0,0,1,0,0,0
4354,Movie 4354 (2024),Fantasy,38000000,102,1990,0,6.0,122,1470000,0,0,0,0,0,0,0,0,0,1,0,0,0
4355,Movie 4355 (2024),Fantasy,179000000,147,2018,1,7.5,295,3060000,0,0,0,0,0,0,0,0,0,1,0,0,0
4356,Movie 4356 (2024),Crime|Comedy,66000000,85,1998,0,4.2,93,2010000,0,0,0,0,0,1,1,0,0,0,0,0,0
4357,Movie 4357 (2024),Children|Animation|Drama,127000000,156,1995,1,5.2,93,2010000,1,0,0,1,1,0,0,0,1,0,0,0,0
4358,Movie 4358 (2024),Action,70000000,108,2007,1,9.7,176,4710000,1,1,0,0,0,0,0,0,0,0,0,0,0
4359,Movie 4359 (2024),Animation,106000000,116,1997,1,5.1,23,3570000,0,0,0,1,0,0,0,0,0,0,0,0,0
4360,Movie 4360 (2024),Fantasy|Crime,83000000,149,2019,1,7.4,88,4290000,0,0,0,0,0,0,1,0,0,1,0,0,0
4361,Movie 4361 (2024),Drama,67000000,122,2001,0,2.8,358,4440000,0,0,0,0,0,0,0,0,1,0,0,0,0
4362,Movie 4362 (2024),Documentary|Thriller|Children,135000000,83,1998,0,3.2,479,2590000,1,0,0,0,1,0,0,1,0,0,0,0,1
4363,Movie 4363 (2024),Action|Adventure|Documentary,47000000,113,2002,0,9.4,317,840000,0,1,1,0,0,0,0,1,0,0,0,0,0
4364,Movie 4364 (2024),Fantasy|Thriller,24000000,120,1998,0,8.1,218,1680000,0,0,0,0,0,0,0,0,0,1,0,0,1
4365,Movie 4365 (2024),Sci-Fi,22000000,125,2012,0,4.4,200,2560000,1,0,0,0,0,0,0,0,0,0,0,1,0
4366,Movie 4366 (2024),Horror|Crime,184000000,105,1998,1,8.5,444,3330000,0,0,0,0,0,0,1,0,0,0,1,0,0
4367,Movie 4367 (2024),Action,149000000,138,2002,1,7.2,142,1150000,1,1,0,0,0,0,0,0,0,0,0,0,0
4368,Movie 4368 (2024),Horror|Animation,50000000,97,2000,1,7.8,221,4600000,0,0,0,1,0,0,0,0,0,0,1,0,0
4369,Movie 4369 (2024),Thriller|Fantasy,37000000,95,2017,0,3.4,471,1890000,0,0,0,0,0,0,0,0,0,1,0,0,1
4370,Movie 4370 (2024),Documentary,165000000,124,2023,0,7.4,50,920000,0,0,0,0,0,0,0,1,0,0,0,0,0
4371,Movie 4371 (2024),Animation|Comedy,65000000,89,1995,1,9.6,105,2780000,1,0,0,1,0,1,0,0,0,0,0,0,0
4372,Movie 4372 (2024),Horror|Documentary|Sci-Fi,137000000,146,2000,0,2.1,391,610000,0,0,0,0,0,0,0,1,0,0,1,1,0
4373,Movie 4373 (2024),Crime,11000000,106,1991,0,6.8,440,4390000,1,0,0,0,0,0,1,0,0,0,0,0,0
4374,Movie 4374 (2024),Sci-Fi,84000000,87,2002,0,6.3,162,2450000,1,0,0,0,0,0,0,0,0,0,0,1,0
4375,Movie 4375 (2024),Comedy|Animation,121000000,84,2018,1,4.4,240,3540000,0,0,0,1,0,1,0,0,0,0,0,0,0
4376,Movie 4376 (2024),Thriller|Documentary|Fantasy,79000000,163,2007,0,3.8,351,2250000,1,0,0,0,0,0,0,1,0,1,0,0,1
4377,Movie 4377 (2024),Drama|Documentary,82000000,114,2008,0,3.2,235,2510000,1,0,0,0,0,0,0,1,1,0,0,0,0
4378,Movie 4378 (2024),Adventure|Comedy|Fantasy,145000000,165,2013,0,8.1,467,670000,0,0,1,0,0,1,0,0,0,1,0,0,0
4379,Movie 4379 (2024),Documentary,130000000,174,2015,1,4.0,95,2640000,0,0,0,0,0,0,0,1,0,0,0,0,0
4380,Movie 4380 (2024),Comedy,144000000,80,2022,0,4.3,88,3760000,1,0,0,0,0,1,0,0,0,0,0,0,0
4381,Movie 4381 (2024),Crime|Action,123000000,151,2002,0,3.1,261,4050000,1,1,0,0,0,0,1,0,0,0,0,0,0
4382,Movie 4382 (2024),Thriller|Children,5000000,86,2010,0,2.5,337,3050000,1,0,0,0,1,0,0,0,0,0,0,0,1
4383,Movie 4383 (2024),Drama,52000000,87,2016,0,2.1,138,3480000,0,0,0,0,0,0,0,0,1,0,0,0,0
4384,Movie 4384 (2024),Horror|Fantasy|Sci-Fi,183000000,178,2015,0,7.5,172,1420000,0,0,0,0,0,0,0,0,0,1,1,1,0
4385,Movie 4385 (2024),Action,186000000,111,1999,0,5.5,242,1970000,0,1,0,0,0,0,0,0,0,0,0,0,0
4386,Movie 4386 (2024),Crime|Comedy|Animation,198000000,121,2022,0,3.3,265,3610000,1,0,0,1,0,1,1,0,0,0,0,0,0
4387,Movie 4387 (2024),Sci-Fi,69000000,115,2016,0,8.4,153,3880000,1,0,0,0,0,0,0,0,0,0,0,1,0
4388,Movie 4388 (2024),Adventure,102000000,175,1990,0,6.8,86,520000,0,0,1,0,0,0,0,0,0,0,0,0,0
4389,Movie 4389 (2024),Action,28000000,101,2004,0,4.8,448,3590000,1,1,0,0,0,0,0,0,0,0,0,0,0
4390,Movie 4390 (2024),Action|Animation,138000000,149,2007,1,3.5,465,2640000,1,1,0,1,0,0,0,0,0,0,0,0,0
4391,Movie 4391 (2024),Action|Horror,28000000,169,2015,1,4.7,304,3830000,0,1,0,0,0,0,0,0,0,0,1,0,0
4392,Movie 4392 (2024),Adventure|Animation,76000000,168,2015,0,2.7,20,3730000,1,0,1,1,0,0,0,0,0,0,0,0,0
4393,Movie 4393 (2024),Crime,167000000,136,2010,1,6.7,293,4180000,0,0,0,0,0,0,1,0,0,0,0,0,0
4394,Movie 4394 (2024),Action,164000000,130,2016,0,9.9,218,1510000,0,1,0,0,0,0,0,0,0,0,0,0,0
4395,Movie 4395 (2024),Fantasy,196000000,119,1999,1,3.7,34,1400000,1,0,0,0,0,0,0,0,0,1,0,0,0
4396,Movie 4396 (2024),Children|Action,194000000,105,1997,0,9.2,426,3740000,0,1,0,0,1,0,0,0,0,0,0,0,0
4397,Movie 4397 (2024),Comedy,27000000,164,2021,0,7.2,279,850000,0,0,0,0,0,1,0,0,0,0,0,0,0
4398,Movie 4398 (2024),Animation|Children,87000000,91,2013,0,3.8,131,2870000,1,0,0,1,1,0,0,0,0,0,0,0,0
4399,Movie 4399 (2024),Children,103000000,153,2005,0,4.9,471,500000,0,0,0,0,1,0,0,0,0,0,0,0,0
4400,Movie 4400 (2024),Action|Drama,174000000,101,2006,0,4.4,341,1570000,1,1,0,0,0,0,0,0,1,0,0,0,0
4401,Movie 4401 (2024),Adventure,3000000,120,2010,1,7.5,403,4970000,0,0,1,0,0,0,0,0,0,0,0,0,0
4402,Movie 4402 (2024),Crime|Action|Sci-Fi,87000000,86,1993,0,5.0,354,2040000,0,1,0,0,0,0,1,0,0,0,0,1,0
4403,Movie 4403 (2024),Crime,186000000,144,2023,0,7.7,149,2930000,1,0,0,0,0,0,1,0,0,0,0,0,0
4404,Movie 4404 (2024),Sci-Fi,44000000,171,2001,0,7.7,43,3430000,1,0,0,0,0,0,0,0,0,0,0,1,0
4405,Movie 4405 (2024),Thriller,108000000,89,2007,0,5.0,14,1120000,1,0,0,0,0,0,0,0,0,0,0,0,1
4406,Movie 4406 (2024),Crime,121000000,121,2012,1,4.2,162,4920000,1,0,0,0,0,0,1,0,0,0,0,0,0
4407,Movie 4407 (2024),Comedy|Action,97000000,105,1999,0,8.7,411,1580000,1,1,0,0,0,1,0,0,0,0,0,0,0
4408,Movie 4408 (2024),Thriller,6000000,114,2012,0,7.6,395,4100000,0,0,0,0,0,0,0,0,0,0,0,0,1
4409,Movie 4409 (2024),Drama|Sci-Fi,55000000,175,2016,0,4.7,317,1420000,0,0,0,0,0,0,0,0,1,0,0,1,0
4410,Movie 4410 (2024),Crime|Horror,89000000,175,1991,0,6.7,270,3260000,1,0,0,0,0,0,1,0,0,0,1,0,0
4411,Movie 4411 (2024),Animation|Horror|Comedy,5000000,102,1993,0,7.3,444,530000,1,0,0,1,0,1,0,0,0,0,1,0,0
4412,Movie 4412 (2024),Horror|Comedy,31000000,101,2012,0,5.8,155,2250000,0,0,0,0,0,1,0,0,0,0,1,0,0
4413,Movie 4413 (2024),Fantasy|Documentary|Crime,150000000,104,2005,0,8.4,186,4640000,1,0,0,0,0,0,1,1,0,1,0,0,0
4414,Movie 4414 (2024),Comedy|Animation,33000000,124,2009,0,3.4,444,1800000,1,0,0,1,0,1,0,0,0,0,0,0,0
4415,Movie 4415 (2024),Comedy|Animation,35000000,87,2009,0,6.5,345,3020000,1,0,0,1,0,1,0,0,0,0,0,0,0
4416,Movie 4416 (2024),Animation|Children,104000000,132,1995,0,3.4,56,3190000,0,0,0,1,1,0,0,0,0,0,0,0,0
4417,Movie 4417 (2024),Sci-Fi|Horror,42000000,134,2024,0,3.7,484,800000,0,0,0,0,0,0,0,0,0,0,1,1,0
4418,Movie 4418 (2024),Thriller,150000000,80,2020,1,2.1,464,4950000,0,0,0,0,0,0,0,0,0,0,0,0,1
4419,Movie 4419 (2024),Drama,109000000,97,2006,1,6.3,67,1790000,1,0,0,0,0,0,0,0,1,0,0,0,0
4420,Movie 4420 (2024),Horror,156000000,120,2012,1,9.2,354,3490000,0,0,0,0,0,0,0,0,0,0,1,0,0
4421,Movie 4421 (2024),Children|Adventure,13000000,153,2017,0,5.7,273,3780000,0,0,1,0,1,0,0,0,0,0,0,0,0
4422,Movie 4422 (2024),Animation|Adventure,115000000,112,1992,1,8.0,328,1030000,1,0,1,1,0,0,0,0,0,0,0,0,0
4423,Movie 4423 (2024),Sci-Fi|Documentary|Action,131000000,89,2001,1,4.0,21,3350000,0,1,0,0,0,0,0,1,0,0,0,1,0
4424,Movie 4424 (2024),Children|Fantasy,13000000,88,2001,1,3.2,331,4700000,1,0,0,0,1,0,0,0,0,1,0,0,0
4425,Movie 4425 (2024),Horror|Sci-Fi,137000000,85,2008,0,7.1,241,3780000,0,0,0,0,0,0,0,0,0,0,1,1,0
4426,Movie 4426 (2024),Thriller,138000000,102,2012,0,7.0,341,2890000,0,0,0,0,0,0,0,0,0,0,0,0,1
4427,Movie 4427 (2024),Crime|Comedy|Animation,104000000,130,2023,1,3.2,272,1190000,1,0,0,1,0,1,1,0,0,0,0,0,0
4428,Movie 4428 (2024),Thriller|Documentary|Horror,17000000,130,2009,0,9.2,251,2050000,0,0,0,0,0,0,0,1,0,0,1,0,1
4429,Movie 4429 (2024),Action,129000000,152,2013,0,7.2,285,3070000,0,1,0,0,0,0,0,0,0,0,0,0,0
4430,Movie 4430 (2024),Thriller|Action,106000000,85,1993,0,7.5,273,2220000,0,1,0,0,0,0,0,0,0,0,0,0,1
4431,Movie 4431 (2024),Crime|Drama|Horror,11000000,135,2010,0,4.5,481,3030000,0,0,0,0,0,0,1,0,1,0,1,0,0
4432,Movie 4432 (2024),Documentary|Drama,40000000,90,1997,0,8.0,236,640000,1,0,0,0,0,0,0,1,1,0,0,0,0
4433,Movie 4433 (2024),Drama,147000000,131,2002,0,5.3,293,2680000,0,0,0,0,0,0,0,0,1,0,0,0,0
4434,Movie 4434 (2024),Animation|Action,85000000,117,2009,0,8.6,407,730000,1,1,0,1,0,0,0,0,0,0,0,0,0
4435,Movie 4435 (2024),Horror,184000000,161,1997,0,9.6,391,2580000,0,0,0,0,0,0,0,0,0,0,1,0,0
4436,Movie 4436 (2024),Horror|Crime,34000000,101,2023,0,4.5,6,2590000,0,0,0,0,0,0,1,0,0,0,1,0,0
4437,Movie 4437 (2024),Sci-Fi|Crime,3000000,105,1992,0,5.3,203,4240000,0,0,0,0,0,0,1,0,0,0,0,1,0
4438,Movie 4438 (2024),Drama|Comedy|Thriller,148000000,96,1990,0,9.5,399,1390000,0,0,0,0,0,1,0,0,1,0,0,0,1
4439,Movie 4439 (2024),Drama|Documentary,56000000,134,1992,0,4.4,357,2360000,1,0,0,0,0,0,0,1,1,0,0,0,0
4440,Movie 4440 (2024),Action|Sci-Fi,167000000,130,2021,0,3.5,415,1390000,1,1,0,0,0,0,0,0,0,0,0,1,0
4441,Movie 4441 (2024),Horror|Adventure|Animation,19000000,148,2005,0,3.5,177,3120000,0,0,1,1,0,0,0,0,0,0,1,0,0
4442,Movie 4442 (2024),Comedy|Animation,126000000,90,2004,0,2.6,119,1910000,1,0,0,1,0,1,0,0,0,0,0,0,0
4443,Movie 4443 (2024),Fantasy,12000000,159,1991,0,5.8,212,2280000,0,0,0,0,0,0,0,0,0,1,0,0,0
4444,Movie 4444 (2024),Fantasy|Animation|Adventure,139000000,96,1996,1,4.7,487,1110000,0,0,1,1,0,0,0,0,0,1,0,0,0
4445,Movie 4445 (2024),Documentary|Crime,11000000,141,2006,0,3.8,394,4130000,0,0,0,0,0,0,1,1,0,0,0,0,0
4446,Movie 4446 (2024),Crime|Documentary,127000000,117,2023,0,7.8,283,2730000,0,0,0,0,0,0,1,1,0,0,0,0,0
4447,Movie 4447 (2024),Animation|Action,57000000,130,1990,0,8.5,41,4430000,0,1,0,1,0,0,0,0,0,0,0,0,0
4448,Movie 4448 (2024),Thriller,50000000,170,2011,0,6.9,367,510000,0,0,0,0,0,0,0,0,0,0,0,0,1
4449,Movie 4449 (2024),Sci-Fi|Adventure|Drama,154000000,115,1993,0,8.1,449,1180000,0,0,1,0,0,0,0,0,1,0,0,1,0
4450,Movie 4450 (2024),Animation,92000000,165,2003,1,2.4,392,3510000,1,0,0,1,0,0,0,0,0,0,0,0,0
4451,Movie 4451 (2024),Comedy|Adventure,45000000,92,1992,0,7.4,110,2520000,0,0,1,0,0,1,0,0,0,0,0,0,0
4452,Movie 4452 (2024),Children|Documentary,97000000,122,2014,0,7.4,389,3760000,0,0,0,0,1,0,0,1,0,0,0,0,0
4453,Movie 4453 (2024),Thriller|Adventure|Documentary,130000000,87,1991,0,8.1,148,2910000,1,0,1,0,0,0,0,1,0,0,0,0,1
4454,Movie 4454 (2024),Comedy|Children,172000000,165,2005,0,2.7,489,4970000,0,0,0,0,1,1,0,0,0,0,0,0,0
4455,Movie 4455 (2024),Documentary,155000000,164,1995,0,6.4,259,1760000,1,0,0,0,0,0,0,1,0,0,0,0,0
4456,Movie 4456 (2024),Sci-Fi|Drama|Comedy,3000000,132,2001,0,3.0,114,2840000,1,0,0,0,0,1,0,0,1,0,0,1,0
4457,Movie 4457 (2024),Drama,94000000,122,1993,1,8.1,440,3850000,0,0,0,0,0,0,0,0,1,0,0,0,0
4458,Movie 4458 (2024),Horror|Fantasy|Children,163000000,126,2022,0,8.5,72,1480000,0,0,0,0,1,0,0,0,0,1,1,0,0
4459,Movie 4459 (2024),Action,41000000,103,2016,1,7.2,409,3790000,0,1,0,0,0,0,0,0,0,0,0,0,0
4460,Movie 4460 (2024),Fantasy,61000000,156,1994,0,2.2,431,1020000,1,0,0,0,0,0,0,0,0,1,0,0,0
4461,Movie 4461 (2024),Animation,68000000,159,2012,0,3.8,477,1810000,0,0,0,1,0,0,0,0,0,0,0,0,0
4462,Movie 4462 (2024),Fantasy,93000000,96,1995,0,6.9,385,2500000,0,0,0,0,0,0,0,0,0,1,0,0,0
4463,Movie 4463 (2024),Sci-Fi|Animation|Fantasy,185000000,98,2004,0,4.7,230,3090000,0,0,0,1,0,0,0,0,0,1,0,1,0
4464,Movie 4464 (2024),Animation|Adventure|Crime,50000000,131,2024,1,7.5,457,4640000,0,0,1,1,0,0,1,0,0,0,0,0,0
4465,Movie 4465 (2024),Sci-Fi|Drama|Animation,166000000,167,2009,0,4.7,390,1060000,1,0,0,1,0,0,0,0,1,0,0,1,0
4466,Movie 4466 (2024),Fantasy,79000000,93,2004,0,3.8,151,2750000,1,0,0,0,0,0,0,0,0,1,0,0,0
4467,Movie 4467 (2024),Children|Sci-Fi,167000000,135,2017,0,2.2,349,2120000,1,0,0,0,1,0,0,0,0,0,0,1,0
4468,Movie 4468 (2024),Adventure|Sci-Fi|Crime,20000000,129,2007,0,2.7,128,1020000,0,0,1,0,0,0,1,0,0,0,0,1,0
4469,Movie 4469 (2024),Comedy|Thriller|Children,108000000,83,2001,0,8.2,366,4120000,0,0,0,0,1,1,0,0,0,0,0,0,1
4470,Movie 4470 (2024),Horror|Children,99000000,102,2000,0,6.4,253,4580000,0,0,0,0,1,0,0,0,0,0,1,0,0
4471,Movie 4471 (2024),Fantasy|Comedy|Animation,97000000,102,1998,0,2.8,82,1800000,0,0,0,1,0,1,0,0,0,1,0,0,0
4472,Movie 4472 (2024),Documentary,113000000,93,2016,0,6.3,27,2980000,0,0,0,0,0,0,0,1,0,0,0,0,0
4473,Movie 4473 (2024),Fantasy|Thriller,101000000,131,2011,0,9.6,477,1310000,1,0,0,0,0,0,0,0,0,1,0,0,1
4474,Movie 4474 (2024),Sci-Fi,9000000,105,2009,0,9.9,250,2540000,0,0,0,0,0,0,0,0,0,0,0,1,0
4475,Movie 4475 (2024),Children|Fantasy,19000000,134,1993,0,4.2,346,3340000,0,0,0,0,1,0,0,0,0,1,0,0,0
4476,Movie 4476 (2024),Documentary,19000000,161,1995,0,4.5,336,4590000,1,0,0,0,0,0,0,1,0,0,0,0,0
4477,Movie 4477 (2024),Adventure|Animation|Documentary,86000000,108,1991,0,2.9,233,800000,1,0,1,1,0,0,0,1,0,0,0,0,0
4478,Movie 4478 (2024),Sci-Fi|Children|Comedy,72000000,119,2013,0,6.3,49,1530000,1,0,0,0,1,1,0,0,0,0,0,1,0
4479,Movie 4479 (2024),Fantasy,98000000,111,1997,0,2.4,71,4310000,1,0,0,0,0,0,0,0,0,1,0,0,0
4480,Movie 4480 (2024),Drama|Adventure|Fantasy,77000000,98,2010,0,8.7,489,4310000,1,0,1,0,0,0,0,0,1,1,0,0,0
4481,Movie 4481 (2024),Horror|Drama,73000000,133,2009,0,8.1,121,2170000,1,0,0,0,0,0,0,0,1,0,1,0,0
4482,Movie 4482 (2024),Sci-Fi|Documentary|Comedy,87000000,132,2017,0,2.4,388,4900000,1,0,0,0,0,1,0,1,0,0,0,1,0
4483,Movie 4483 (2024),Children|Drama|Fantasy,192000000,125,2010,0,3.4,461,2330000,0,0,0,0,1,0,0,0,1,1,0,0,0
4484,Movie 4484 (2024),Thriller,168000000,121,2006,0,8.4,263,3170000,1,0,0,0,0,0,0,0,0,0,0,0,1
4485,Movie 4485 (2024),Children|Animation|Drama,135000000,174,1999,1,5.2,271,3600000,1,0,0,1,1,0,0,0,1,0,0,0,0
4486,Movie 4486 (2024),Fantasy,195000000,136,2012,1,3.8,240,560000,0,0,0,0,0,0,0,0,0,1,0,0,0
4487,Movie 4487 (2024),Sci-Fi|Documentary|Fantasy,54000000,175,2015,0,3.8,151,4190000,0,0,0,0,0,0,0,1,0,1,0,1,0
4488,Movie 4488 (2024),Comedy|Thriller,64000000,137,2024,1,7.6,16,3150000,0,0,0,0,0,1,0,0,0,0,0,0,1
4489,Movie 4489 (2024),Thriller,188000000,83,2007,0,7.8,387,2900000,1,0,0,0,0,0,0,0,0,0,0,0,1
4490,Movie 4490 (2024),Animation|Sci-Fi|Comedy,14000000,118,2014,0,7.6,266,1940000,1,0,0,1,0,1,0,0,0,0,0,1,0
4491,Movie 4491 (2024),Animation|Children|Action,29000000,94,1999,0,5.9,414,3480000,1,1,0,1,1,0,0,0,0,0,0,0,0
4492,Movie 4492 (2024),Children,93000000,154,2021,0,2.3,390,900000,0,0,0,0,1,0,0,0,0,0,0,0,0
4493,Movie 4493 (2024),Documentary,101000000,144,1990,0,7.4,297,800000,0,0,0,0,0,0,0,1,0,0,0,0,0
4494,Movie 4494 (2024),Horror,114000000,126,2023,1,4.1,418,1820000,0,0,0,0,0,0,0,0,0,0,1,0,0
4495,Movie 4495 (2024),Horror|Adventure,94000000,84,1995,1,4.5,159,1160000,1,0,1,0,0,0,0,0,0,0,1,0,0
4496,Movie 4496 (2024),Adventure|Horror|Thriller,185000000,120,2014,0,7.5,88,4290000,1,0,1,0,0,0,0,0,0,0,1,0,1
4497,Movie 4497 (2024),Animation|Fantasy|Children,32000000,93,1999,0,3.4,273,1830000,0,0,0,1,1,0,0,0,0,1,0,0,0
4498,Movie 4498 (2024),Action|Sci-Fi,87000000,103,2024,0,8.2,191,3660000,0,1,0,0,0,0,0,0,0,0,0,1,0
4499,Movie 4499 (2024),Comedy|Thriller,128000000,149,1995,0,2.9,44,1140000,0,0,0,0,0,1,0,0,0,0,0,0,1
4500,Movie 4500 (2024),Sci-Fi|Thriller|Crime,122000000,81,2011,0,6.2,73,2180000,1,0,0,0,0,0,1,0,0,0,0,1,1
4501,Movie 4501 (2024),Documentary|Horror|Children,54000000,116,2017,0,2.3,210,2970000,0,0,0,0,1,0,0,1,0,0,1,0,0
4502,Movie 4502 (2024),Children|Sci-Fi|Action,136000000,83,2012,0,6.2,250,850000,0,1,0,0,1,0,0,0,0,0,0,1,0
4503,Movie 4503 (2024),Fantasy|Crime,130000000,176,2024,0,6.2,251,4170000,1,0,0,0,0,0,1,0,0,1,0,0,0
4504,Movie 4504 (2024),Horror|Animation,143000000,135,2009,0,9.9,446,940000,1,0,0,1,0,0,0,0,0,0,1,0,0
4505,Movie 4505 (2024),Comedy|Documentary|Drama,35000000,97,1996,0,4.2,265,1460000,0,0,0,0,0,1,0,1,1,0,0,0,0
4506,Movie 4506 (2024),Comedy,100000000,161,2015,0,3.8,133,1590000,0,0,0,0,0,1,0,0,0,0,0,0,0
4507,Movie 4507 (2024),Comedy|Crime|Children,109000000,132,2016,0,3.5,220,1000000,0,0,0,0,1,1,1,0,0,0,0,0,0
4508,Movie 4508 (2024),Animation|Documentary,153000000,155,2000,0,5.5,64,2770000,1,0,0,1,0,0,0,1,0,0,0,0,0
4509,Movie 4509 (2024),Drama|Action,133000000,108,2014,0,5.6,117,2310000,0,1,0,0,0,0,0,0,1,0,0,0,0
4510,Movie 4510 (2024),Children|Drama|Horror,151000000,84,2024,0,5.7,480,4390000,1,0,0,0,1,0,0,0,1,0,1,0,0
4511,Movie 4511 (2024),Children|Horror|Animation,193000000,90,2022,0,7.5,406,3360000,1,0,0,1,1,0,0,0,0,0,1,0,0
4512,Movie 4512 (2024),Children|Crime|Animation,53000000,102,1990,0,3.0,96,2840000,0,0,0,1,1,0,1,0,0,0,0,0,0
4513,Movie 4513 (2024),Animation|Fantasy|Horror,98000000,125,2011,0,8.1,86,4770000,1,0,0,1,0,0,0,0,0,1,1,0,0
4514,Movie 4514 (2024),Children,129000000,143,2009,0,9.1,276,3270000,1,0,0,0,1,0,0,0,0,0,0,0,0
4515,Movie 4515 (2024),Thriller|Action,69000000,86,2015,0,5.6,342,2500000,0,1,0,0,0,0,0,0,0,0,0,0,1
4516,Movie 4516 (2024),Horror,53000000,124,2011,0,6.9,354,2790000,0,0,0,0,0,0,0,0,0,0,1,0,0
4517,Movie 4517 (2024),Sci-Fi|Comedy,61000000,163,2011,0,9.8,250,4360000,1,0,0,0,0,1,0,0,0,0,0,1,0
4518,Movie 4518 (2024),Action|Adventure|Documentary,196000000,145,2009,0,6.7,64,1410000,0,1,1,0,0,0,0,1,0,0,0,0,0
4519,Movie 4519 (2024),Crime,25000000,144,1995,0,7.1,313,3940000,0,0,0,0,0,0,1,0,0,0,0,0,0
4520,Movie 4520 (2024),Crime|Adventure|Documentary,189000000,163,2011,0,8.9,169,4950000,0,0,1,0,0,0,1,1,0,0,0,0,0
4521,Movie 4521 (2024),Fantasy|Animation|Horror,1000000,135,2012,0,3.0,45,2380000,0,0,0,1,0,0,0,0,0,1,1,0,0
4522,Movie 4522 (2024),Fantasy|Children|Adventure,9000000,170,2021,0,9.4,79,2710000,0,0,1,0,1,0,0,0,0,1,0,0,0
4523,Movie 4523 (2024),Adventure,105000000,122,1999,0,3.5,33,1670000,0,0,1,0,0,0,0,0,0,0,0,0,0
4524,Movie 4524 (2024),Sci-Fi,143000000,130,2021,1,4.7,305,2640000,0,0,0,0,0,0,0,0,0,0,0,1,0
4525,Movie 4525 (2024),Crime,194000000,149,2002,0,3.9,43,3930000,1,0,0,0,0,0,1,0,0,0,0,0,0
4526,Movie 4526 (2024),Adventure|Documentary,117000000,123,2006,0,8.5,115,4330000,1,0,1,0,0,0,0,1,0,0,0,0,0
4527,Movie 4527 (2024),Sci-Fi|Animation|Documentary,3000000,131,2000,0,7.5,451,3930000,1,0,0,1,0,0,0,1,0,0,0,1,0
4528,Movie 4528 (2024),Drama|Adventure,96000000,177,2002,1,9.5,184,610000,1,0,1,0,0,0,0,0,1,0,0,0,0
4529,Movie 4529 (2024),Comedy,58000000,115,1990,0,5.6,384,1400000,0,0,0,0,0,1,0,0,0,0,0,0,0
4530,Movie 4530 (2024),Sci-Fi|Animation|Crime,141000000,123,2017,0,7.4,464,4710000,0,0,0,1,0,0,1,0,0,0,0,1,0
4531,Movie 4531 (2024),Crime,129000000,117,2014,0,4.6,302,4240000,1,0,0,0,0,0,1,0,0,0,0,0,0
4532,Movie 4532 (2024),Drama,166000000,99,1995,0,3.9,400,3600000,1,0,0,0,0,0,0,0,1,0,0,0,0
4533,Movie 4533 (2024),Comedy|Documentary,50000000,168,1992,0,5.4,489,3980000,0,0,0,0,0,1,0,1,0,0,0,0,0
4534,Movie 4534 (2024),Horror|Children|Documentary,10000000,175,2010,1,2.7,166,1250000,0,0,0,0,1,0,0,1,0,0,1,0,0
4535,Movie 4535 (2024),Fantasy,96000000,173,2011,0,4.4,193,2400000,0,0,0,0,0,0,0,0,0,1,0,0,0
4536,Movie 4536 (2024),Action,5000000,117,2001,0,6.9,234,2220000,0,1,0,0,0,0,0,0,0,0,0,0,0
4537,Movie 4537 (2024),Comedy|Adventure,85000000,166,2014,0,8.8,163,2730000,0,0,1,0,0,1,0,0,0,0,0,0,0
4538,Movie 4538 (2024),Drama,138000000,176,2006,1,5.8,137,2110000,1,0,0,0,0,0,0,0,1,0,0,0,0
4539,Movie 4539 (2024),Action|Comedy|Drama,194000000,178,2017,0,7.2,311,3010000,1,1,0,0,0,1,0,0,1,0,0,0,0
4540,Movie 4540 (2024),Crime,129000000,113,2010,0,4.6,482,3460000,0,0,0,0,0,0,1,0,0,0,0,0,0
4541,Movie 4541 (2024),Sci-Fi|Fantasy,35000000,109,1994,0,3.7,195,2180000,1,0,0,0,0,0,0,0,0,1,0,1,0
4542,Movie 4542 (2024),Adventure,101000000,154,2017,0,3.7,238,1800000,1,0,1,0,0,0,0,0,0,0,0,0,0
4543,Movie 4543 (2024),Drama|Animation|Fantasy,92000000,112,1995,0,2.8,338,2390000,1,0,0,1,0,0,0,0,1,1,0,0,0
4544,Movie 4544 (2024),Crime|Sci-Fi,22000000,91,1996,1,9.8,342,1470000,1,0,0,0,0,0,1,0,0,0,0,1,0
4545,Movie 4545 (2024),Thriller,65000000,140,2009,0,3.2,56,2070000,1,0,0,0,0,0,0,0,0,0,0,0,1
4546,Movie 4546 (2024),Action|Thriller,142000000,178,1991,0,8.4,107,1710000,1,1,0,0,0,0,0,0,0,0,0,0,1
4547,Movie 4547 (2024),Drama,4000000,169,2012,0,8.2,329,4410000,0,0,0,0,0,0,0,0,1,0,0,0,0
4548,Movie 4548 (2024),Adventure|Sci-Fi|Horror,144000000,111,2012,0,7.6,99,2010000,0,0,1,0,0,0,0,0,0,0,1,1,0
4549,Movie 4549 (2024),Children|Adventure|Horror,69000000,165,2012,1,9.5,115,2940000,0,0,1,0,1,0,0,0,0,0,1,0,0
4550,Movie 4550 (2024),Children|Action|Crime,142000000,112,2023,0,8.9,377,3690000,0,1,0,0,1,0,1,0,0,0,0,0,0
4551,Movie 4551 (2024),Fantasy|Sci-Fi,52000000,125,1997,1,7.0,250,750000,0,0,0,0,0,0,0,0,0,1,0,1,0
4552,Movie 4552 (2024),Animation|Drama,82000000,100,1996,0,9.7,494,2780000,0,0,0,1,0,0,0,0,1,0,0,0,0
4553,Movie 4553 (2024),Comedy|Documentary,118000000,113,2010,0,6.0,14,2610000,0,0,0,0,0,1,0,1,0,0,0,0,0
4554,Movie 4554 (2024),Children,117000000,162,2017,0,6.1,446,580000,0,0,0,0,1,0,0,0,0,0,0,0,0
4555,Movie 4555 (2024),Animation,78000000,83,2007,0,9.3,270,1380000,0,0,0,1,0,0,0,0,0,0,0,0,0
4556,Movie 4556 (2024),Documentary|Drama,137000000,98,2018,0,7.8,256,4930000,0,0,0,0,0,0,0,1,1,0,0,0,0
4557,Movie 4557 (2024),Fantasy|Thriller,14000000,178,2005,0,7.3,279,4780000,1,0,0,0,0,0,0,0,0,1,0,0,1
4558,Movie 4558 (2024),Documentary|Horror,112000000,141,2017,0,8.4,40,870000,0,0,0,0,0,0,0,1,0,0,1,0,0
4559,Movie 4559 (2024),Fantasy|Thriller|Horror,192000000,98,2003,0,7.3,373,1630000,1,0,0,0,0,0,0,0,0,1,1,0,1
4560,Movie 4560 (2024),Comedy|Horror|Fantasy,11000000,175,1995,0,9.6,34,4760000,0,0,0,0,0,1,0,0,0,1,1,0,0
4561,Movie 4561 (2024),Sci-Fi|Adventure,132000000,85,1999,1,8.5,302,1560000,1,0,1,0,0,0,0,0,0,0,0,1,0
4562,Movie 4562 (2024),Documentary|Sci-Fi,152000000,169,2016,1,5.1,165,4810000,1,0,0,0,0,0,0,1,0,0,0,1,0
4563,Movie 4563 (2024),Fantasy|Horror|Thriller,161000000,177,2016,0,3.7,137,2260000,0,0,0,0,0,0,0,0,0,1,1,0,1
4564,Movie 4564 (2024),Action|Sci-Fi|Drama,183000000,158,2000,1,5.1,246,3560000,1,1,0,0,0,0,0,0,1,0,0,1,0
4565,Movie 4565 (2024),Crime|Fantasy|Horror,150000000,165,2016,0,9.9,240,3620000,0,0,0,0,0,0,1,0,0,1,1,0,0
4566,Movie 4566 (2024),Comedy|Horror|Action,197000000,81,2023,0,8.7,384,2120000,0,1,0,0,0,1,0,0,0,0,1,0,0
4567,Movie 4567 (2024),Children,122000000,145,1991,0,5.1,425,3190000,0,0,0,0,1,0,0,0,0,0,0,0,0
4568,Movie 4568 (2024),Animation|Fantasy|Drama,55000000,167,2020,0,9.7,113,2390000,1,0,0,1,0,0,0,0,1,1,0,0,0
4569,Movie 4569 (2024),Thriller|Documentary,37000000,120,2001,1,8.1,356,2020000,0,0,0,0,0,0,0,1,0,0,0,0,1
4570,Movie 4570 (2024),Animation|Crime|Fantasy,54000000,147,2014,0,9.1,32,1120000,1,0,0,1,0,0,1,0,0,1,0,0,0
4571,Movie 4571 (2024),Fantasy,82000000,120,1998,1,10.0,148,3750000,1,0,0,0,0,0,0,0,0,1,0,0,0
4572,Movie 4572 (2024),Drama,95000000,124,2022,0,7.3,14,2350000,1,0,0,0,0,0,0,0,1,0,0,0,0
4573,Movie 4573 (2024),Sci-Fi|Documentary|Animation,188000000,104,2007,0,4.9,64,4860000,0,0,0,1,0,0,0,1,0,0,0,1,0
4574,Movie 4574 (2024),Documentary,51000000,121,1997,0,3.7,442,1430000,0,0,0,0,0,0,0,1,0,0,0,0,0
4575,Movie 4575 (2024),Drama|Documentary,199000000,93,2010,0,8.5,281,1400000,1,0,0,0,0,0,0,1,1,0,0,0,0
4576,Movie 4576 (2024),Fantasy|Horror|Documentary,32000000,106,1996,0,8.5,416,910000,0,0,0,0,0,0,0,1,0,1,1,0,0
4577,Movie 4577 (2024),Thriller,49000000,101,1993,0,4.9,259,3310000,0,0,0,0,0,0,0,0,0,0,0,0,1
4578,Movie 4578 (2024),Horror|Comedy|Animation,108000000,151,2002,0,9.1,413,3280000,1,0,0,1,0,1,0,0,0,0,1,0,0
4579,Movie 4579 (2024),Comedy|Crime,14000000,154,2019,0,7.3,362,4030000,1,0,0,0,0,1,1,0,0,0,0,0,0
4580,Movie 4580 (2024),Horror|Sci-Fi|Crime,118000000,101,2020,0,9.1,17,2100000,1,0,0,0,0,0,1,0,0,0,1,1,0
4581,Movie 4581 (2024),Drama,23000000,142,2006,0,9.9,32,970000,1,0,0,0,0,0,0,0,1,0,0,0,0
4582,Movie 4582 (2024),Comedy,153000000,97,2012,0,2.3,427,4820000,0,0,0,0,0,1,0,0,0,0,0,0,0
4583,Movie 4583 (2024),Drama|Crime,165000000,137,2006,0,2.3,34,2440000,0,0,0,0,0,0,1,0,1,0,0,0,0
4584,Movie 4584 (2024),Adventure|Fantasy|Action,144000000,119,1998,0,8.4,363,4140000,1,1,1,0,0,0,0,0,0,1,0,0,0
4585,Movie 4585 (2024),Action,53000000,161,2006,0,3.1,255,2100000,1,1,0,0,0,0,0,0,0,0,0,0,0
4586,Movie 4586 (2024),Adventure|Horror|Drama,163000000,129,2013,0,2.1,458,3240000,0,0,1,0,0,0,0,0,1,0,1,0,0
4587,Movie 4587 (2024),Fantasy,76000000,130,1998,0,8.9,6,3310000,1,0,0,0,0,0,0,0,0,1,0,0,0
4588,Movie 4588 (2024),Horror|Documentary|Crime,151000000,166,1990,0,2.2,368,4390000,0,0,0,0,0,0,1,1,0,0,1,0,0
4589,Movie 4589 (2024),Fantasy|Sci-Fi|Documentary,112000000,151,1991,0,5.7,80,2240000,1,0,0,0,0,0,0,1,0,1,0,1,0
4590,Movie 4590 (2024),Sci-Fi|Thriller|Comedy,3000000,162,1999,0,5.6,73,2050000,1,0,0,0,0,1,0,0,0,0,0,1,1
4591,Movie 4591 (2024),Crime|Comedy,167000000,157,1992,1,6.1,125,3440000,0,0,0,0,0,1,1,0,0,0,0,0,0
4592,Movie 4592 (2024),Documentary,21000000,112,2013,0,8.2,105,620000,1,0,0,0,0,0,0,1,0,0,0,0,0
4593,Movie 4593 (2024),Children|Horror|Animation,63000000,125,2011,1,4.4,133,4060000,1,0,0,1,1,0,0,0,0,0,1,0,0
4594,Movie 4594 (2024),Fantasy,165000000,158,2007,0,8.9,262,1280000,0,0,0,0,0,0,0,0,0,1,0,0,0
4595,Movie 4595 (2024),Fantasy|Action,122000000,124,1993,0,8.3,412,3240000,0,1,0,0,0,0,0,0,0,1,0,0,0
4596,Movie 4596 (2024),Comedy|Thriller|Drama,47000000,161,2024,0,2.3,181,3630000,1,0,0,0,0,1,0,0,1,0,0,0,1
4597,Movie 4597 (2024),Documentary,54000000,135,2012,0,9.6,166,840000,1,0,0,0,0,0,0,1,0,0,0,0,0
4598,Movie 4598 (2024),Documentary,46000000,103,2021,1,8.5,203,4800000,1,0,0,0,0,0,0,1,0,0,0,0,0
4599,Movie 4599 (2024),Horror,23000000,121,1990,0,5.8,177,3050000,0,0,0,0,0,0,0,0,0,0,1,0,0
4600,Movie 4600 (2024),Comedy|Action|Horror,5000000,157,2000,1,7.6,130,4160000,0,1,0,0,0,1,0,0,0,0,1,0,0
4601,Movie 4601 (2024),Thriller|Crime|Adventure,138000000,141,2020,0,3.9,121,3490000,0,0,1,0,0,0,1,0,0,0,0,0,1
4602,Movie 4602 (2024),Thriller|Action|Horror,121000000,157,1993,1,8.7,5,4990000,1,1,0,0,0,0,0,0,0,0,1,0,1
4603,Movie 4603 (2024),Children,156000000,169,1991,0,6.0,418,1640000,0,0,0,0,1,0,0,0,0,0,0,0,0
4604,Movie 4604 (2024),Animation|Children,196000000,173,2012,0,4.7,55,1840000,0,0,0,1,1,0,0,0,0,0,0,0,0
4605,Movie 4605 (2024),Horror|Documentary|Drama,193000000,140,1995,0,9.0,287,4420000,1,0,0,0,0,0,0,1,1,0,1,0,0
4606,Movie 4606 (2024),Crime,41000000,81,2023,1,9.9,205,4090000,0,0,0,0,0,0,1,0,0,0,0,0,0
4607,Movie 4607 (2024),Documentary|Adventure,106000000,96,2000,0,3.3,106,3610000,0,0,1,0,0,0,0,1,0,0,0,0,0
4608,Movie 4608 (2024),Fantasy|Animation,140000000,165,2014,0,9.2,128,4310000,1,0,0,1,0,0,0,0,0,1,0,0,0
4609,Movie 4609 (2024),Animation,133000000,103,2023,1,2.0,482,760000,1,0,0,1,0,0,0,0,0,0,0,0,0
4610,Movie 4610 (2024),Thriller|Crime|Adventure,112000000,96,1996,0,5.7,40,1150000,0,0,1,0,0,0,1,0,0,0,0,0,1
4611,Movie 4611 (2024),Adventure|Comedy|Animation,65000000,84,2023,0,2.6,120,2330000,0,0,1,1,0,1,0,0,0,0,0,0,0
4612,Movie 4612 (2024),Crime|Thriller|Action,63000000,97,1999,0,5.0,23,960000,1,1,0,0,0,0,1,0,0,0,0,0,1
4613,Movie 4613 (2024),Animation|Adventure|Crime,40000000,149,2006,0,3.6,456,3540000,0,0,1,1,0,0,1,0,0,0,0,0,0
4614,Movie 4614 (2024),Documentary|Adventure,86000000,147,2001,1,3.8,3,4540000,1,0,1,0,0,0,0,1,0,0,0,0,0
4615,Movie 4615 (2024),Fantasy,198000000,146,2014,0,5.4,488,4190000,1,0,0,0,0,0,0,0,0,1,0,0,0
4616,Movie 4616 (2024),Horror|Thriller|Fantasy,133000000,170,2020,1,3.1,165,3130000,0,0,0,0,0,0,0,0,0,1,1,0,1
4617,Movie 4617 (2024),Action|Children,196000000,167,2007,0,8.2,365,1470000,1,1,0,0,1,0,0,0,0,0,0,0,0
4618,Movie 4618 (2024),Fantasy|Crime,169000000,154,1995,0,6.0,15,910000,0,0,0,0,0,0,1,0,0,1,0,0,0
4619,Movie 4619 (2024),Fantasy|Thriller|Adventure,119000000,158,2024,1,8.4,455,4240000,0,0,1,0,0,0,0,0,0,1,0,0,1
4620,Movie 4620 (2024),Sci-Fi,15000000,179,2013,0,2.1,316,2200000,0,0,0,0,0,0,0,0,0,0,0,1,0
4621,Movie 4621 (2024),Adventure|Animation,194000000,166,2002,0,2.6,75,3210000,1,0,1,1,0,0,0,0,0,0,0,0,0
4622,Movie 4622 (2024),Animation,95000000,159,1998,0,7.7,324,2340000,1,0,0,1,0,0,0,0,0,0,0,0,0
4623,Movie 4623 (2024),Comedy|Adventure,38000000,84,2014,0,9.1,49,3380000,0,0,1,0,0,1,0,0,0,0,0,0,0
4624,Movie 4624 (2024),Fantasy|Thriller|Sci-Fi,17000000,134,2021,0,3.6,358,4360000,1,0,0,0,0,0,0,0,0,1,0,1,1
4625,Movie 4625 (2024),Sci-Fi|Documentary,65000000,145,2017,0,5.9,252,2100000,0,0,0,0,0,0,0,1,0,0,0,1,0
4626,Movie 4626 (2024),Comedy,173000000,85,2013,1,8.7,464,3240000,1,0,0,0,0,1,0,0,0,0,0,0,0
4627,Movie 4627 (2024),Drama|Thriller,130000000,121,2022,0,6.6,90,2970000,1,0,0,0,0,0,0,0,1,0,0,0,1
4628,Movie 4628 (2024),Children,95000000,166,2014,0,7.4,52,3400000,1,0,0,0,1,0,0,0,0,0,0,0,0
4629,Movie 4629 (2024),Documentary|Comedy,64000000,88,2011,0,2.8,203,610000,0,0,0,0,0,1,0,1,0,0,0,0,0
4630,Movie 4630 (2024),Documentary|Action,160000000,129,2008,0,7.7,417,1110000,1,1,0,0,0,0,0,1,0,0,0,0,0
4631,Movie 4631 (2024),Sci-Fi,35000000,92,1995,1,5.7,218,4790000,0,0,0,0,0,0,0,0,0,0,0,1,0
4632,Movie 4632 (2024),Children|Animation,15000000,138,1990,0,4.5,451,1470000,1,0,0,1,1,0,0,0,0,0,0,0,0
4633,Movie 4633 (2024),Comedy|Sci-Fi,15000000,147,2008,0,3.4,413,2430000,0,0,0,0,0,1,0,0,0,0,0,1,0
4634,Movie 4634 (2024),Adventure|Thriller,137000000,168,2005,0,2.9,37,3040000,1,0,1,0,0,0,0,0,0,0,0,0,1
4635,Movie 4635 (2024),Adventure,183000000,148,2005,0,7.9,196,4840000,0,0,1,0,0,0,0,0,0,0,0,0,0
4636,Movie 4636 (2024),Crime|Sci-Fi|Adventure,121000000,143,2000,0,9.8,99,3410000,1,0,1,0,0,0,1,0,0,0,0,1,0
4637,Movie 4637 (2024),Drama,21000000,176,2004,0,9.1,374,4010000,1,0,0,0,0,0,0,0,1,0,0,0,0
4638,Movie 4638 (2024),Children,191000000,176,2001,0,3.6,162,3720000,1,0,0,0,1,0,0,0,0,0,0,0,0
4639,Movie 4639 (2024),Fantasy|Children|Documentary,144000000,170,2005,0,7.2,374,2570000,1,0,0,0,1,0,0,1,0,1,0,0,0
4640,Movie 4640 (2024),Fantasy|Horror|Animation,139000000,138,2018,0,8.5,412,3820000,0,0,0,1,0,0,0,0,0,1,1,0,0
4641,Movie 4641 (2024),Drama|Documentary|Fantasy,167000000,89,1990,0,4.9,409,1310000,0,0,0,0,0,0,0,1,1,1,0,0,0
4642,Movie 4642 (2024),Fantasy,107000000,179,2011,1,8.0,185,4500000,1,0,0,0,0,0,0,0,0,1,0,0,0
4643,Movie 4643 (2024),Children|Comedy|Thriller,173000000,127,1997,0,9.5,475,4300000,0,0,0,0,1,1,0,0,0,0,0,0,1
4644,Movie 4644 (2024),Action,23000000,168,2004,0,2.4,282,3170000,1,1,0,0,0,0,0,0,0,0,0,0,0
4645,Movie 4645 (2024),Crime|Documentary|Animation,40000000,106,1992,1,3.2,290,3390000,1,0,0,1,0,0,1,1,0,0,0,0,0
4646,Movie 4646 (2024),Adventure|Horror,98000000,80,2017,0,5.3,194,4600000,0,0,1,0,0,0,0,0,0,0,1,0,0
4647,Movie 4647 (2024),Drama,89000000,145,1999,1,7.3,497,3070000,1,0,0,0,0,0,0,0,1,0,0,0,0
4648,Movie 4648 (2024),Adventure|Fantasy,2000000,97,2007,0,9.1,499,1280000,0,0,1,0,0,0,0,0,0,1,0,0,0
4649,Movie 4649 (2024),Fantasy,20000000,153,2002,0,3.4,240,3650000,1,0,0,0,0,0,0,0,0,1,0,0,0
4650,Movie 4650 (2024),Horror|Crime|Children,14000000,80,2018,0,8.4,422,3680000,0,0,0,0,1,0,1,0,0,0,1,0,0
4651,Movie 4651 (2024),Drama,57000000,102,2008,0,6.0,26,1130000,0,0,0,0,0,0,0,0,1,0,0,0,0
4652,Movie 4652 (2024),Fantasy|Children|Crime,15000000,179,2007,0,2.7,71,1700000,0,0,0,0,1,0,1,0,0,1,0,0,0
4653,Movie 4653 (2024),Action|Fantasy|Horror,129000000,151,1998,0,2.8,134,2340000,0,1,0,0,0,0,0,0,0,1,1,0,0
4654,Movie 4654 (2024),Documentary|Animation|Horror,62000000,154,1995,0,6.5,430,2390000,0,0,0,1,0,0,0,1,0,0,1,0,0
4655,Movie 4655 (2024),Horror,37000000,126,2006,0,9.5,327,870000,1,0,0,0,0,0,0,0,0,0,1,0,0
4656,Movie 4656 (2024),Action|Documentary,184000000,175,2005,0,3.5,375,3230000,0,1,0,0,0,0,0,1,0,0,0,0,0
4657,Movie 4657 (2024),Comedy|Sci-Fi,142000000,136,2020,0,5.9,481,2250000,1,0,0,0,0,1,0,0,0,0,0,1,0
4658,Movie 4658 (2024),Crime|Children|Comedy,74000000,172,1997,1,2.2,329,1830000,0,0,0,0,1,1,1,0,0,0,0,0,0
4659,Movie 4659 (2024),Action,144000000,84,2005,0,8.0,427,2180000,0,1,0,0,0,0,0,0,0,0,0,0,0
4660,Movie 4660 (2024),Children|Fantasy|Animation,9000000,97,2020,0,7.8,242,1920000,1,0,0,1,1,0,0,0,0,1,0,0,0
4661,Movie 4661 (2024),Children|Crime|Fantasy,87000000,88,2004,0,7.7,234,4350000,0,0,0,0,1,0,1,0,0,1,0,0,0
4662,Movie 4662 (2024),Fantasy|Drama|Documentary,54000000,107,1993,1,5.9,397,1230000,1,0,0,0,0,0,0,1,1,1,0,0,0
4663,Movie 4663 (2024),Horror|Animation,86000000,143,1999,0,3.1,357,2110000,0,0,0,1,0,0,0,0,0,0,1,0,0
4664,Movie 4664 (2024),Documentary,4000000,153,1993,0,5.5,499,2400000,0,0,0,0,0,0,0,1,0,0,0,0,0
4665,Movie 4665 (2024),Comedy|Adventure,8000000,168,1992,0,4.2,340,580000,1,0,1,0,0,1,0,0,0,0,0,0,0
4666,Movie 4666 (2024),Children,182000000,88,1993,0,4.4,239,550000,1,0,0,0,1,0,0,0,0,0,0,0,0
4667,Movie 4667 (2024),Adventure|Thriller,146000000,131,1999,0,5.6,31,3760000,0,0,1,0,0,0,0,0,0,0,0,0,1
4668,Movie 4668 (2024),Action|Comedy,80000000,144,2014,1,9.7,105,3460000,0,1,0,0,0,1,0,0,0,0,0,0,0
4669,Movie 4669 (2024),Children|Comedy,183000000,85,1996,0,2.8,422,1120000,1,0,0,0,1,1,0,0,0,0,0,0,0
4670,Movie 4670 (2024),Adventure|Horror|Children,70000000,90,2009,0,7.3,370,2290000,1,0,1,0,1,0,0,0,0,0,1,0,0
4671,Movie 4671 (2024),Comedy|Crime,151000000,97,1996,0,3.0,163,3150000,0,0,0,0,0,1,1,0,0,0,0,0,0
4672,Movie 4672 (2024),Comedy,22000000,110,2003,1,5.6,223,3360000,1,0,0,0,0,1,0,0,0,0,0,0,0
4673,Movie 4673 (2024),Horror|Comedy,6000000,121,1998,0,9.3,129,2880000,1,0,0,0,0,1,0,0,0,0,1,0,0
4674,Movie 4674 (2024),Thriller,175000000,98,2005,1,6.8,456,4270000,0,0,0,0,0,0,0,0,0,0,0,0,1
4675,Movie 4675 (2024),Children,61000000,83,2006,1,6.4,211,4870000,0,0,0,0,1,0,0,0,0,0,0,0,0
4676,Movie 4676 (2024),Horror|Sci-Fi|Documentary,178000000,134,2011,1,9.7,128,2410000,0,0,0,0,0,0,0,1,0,0,1,1,0
4677,Movie 4677 (2024),Thriller,65000000,132,2023,0,8.9,263,4340000,0,0,0,0,0,0,0,0,0,0,0,0,1
4678,Movie 4678 (2024),Fantasy|Animation|Documentary,148000000,106,2009,1,3.6,134,660000,1,0,0,1,0,0,0,1,0,1,0,0,0
4679,Movie 4679 (2024),Documentary|Drama,28000000,112,2021,1,9.8,451,3770000,1,0,0,0,0,0,0,1,1,0,0,0,0
4680,Movie 4680 (2024),Documentary|Sci-Fi|Fantasy,42000000,95,2002,1,3.3,287,3680000,0,0,0,0,0,0,0,1,0,1,0,1,0
4681,Movie 4681 (2024),Children|Sci-Fi|Action,102000000,168,2019,0,7.5,79,2610000,0,1,0,0,1,0,0,0,0,0,0,1,0
4682,Movie 4682 (2024),Documentary|Sci-Fi|Drama,147000000,87,2011,1,5.6,163,4030000,0,0,0,0,0,0,0,1,1,0,0,1,0
4683,Movie 4683 (2024),Horror,1000000,86,1991,0,4.5,341,610000,1,0,0,0,0,0,0,0,0,0,1,0,0
4684,Movie 4684 (2024),Crime|Fantasy,11000000,85,2018,0,3.6,48,1960000,0,0,0,0,0,0,1,0,0,1,0,0,0
4685,Movie 4685 (2024),Drama|Documentary,199000000,161,2007,0,8.8,270,3130000,0,0,0,0,0,0,0,1,1,0,0,0,0
4686,Movie 4686 (2024),Animation|Sci-Fi,113000000,121,2006,0,9.0,137,2610000,0,0,0,1,0,0,0,0,0,0,0,1,0
4687,Movie 4687 (2024),Comedy|Children,66000000,178,2009,0,5.5,494,4430000,0,0,0,0,1,1,0,0,0,0,0,0,0
4688,Movie 4688 (2024),Fantasy,181000000,149,1998,0,4.9,359,1370000,0,0,0,0,0,0,0,0,0,1,0,0,0
4689,Movie 4689 (2024),Fantasy|Thriller|Horror,180000000,109,2024,0,7.7,458,1370000,1,0,0,0,0,0,0,0,0,1,1,0,1
4690,Movie 4690 (2024),Crime|Adventure,1000000,116,2019,0,6.6,37,1550000,0,0,1,0,0,0,1,0,0,0,0,0,0
4691,Movie 4691 (2024),Drama|Action|Children,118000000,109,2024,1,8.0,233,1880000,0,1,0,0,1,0,0,0,1,0,0,0,0
4692,Movie 4692 (2024),Adventure|Animation|Fantasy,147000000,118,1992,0,6.2,207,4750000,1,0,1,1,0,0,0,0,0,1,0,0,0
4693,Movie 4693 (2024),Crime|Children|Animation,52000000,97,2017,1,4.4,299,1070000,0,0,0,1,1,0,1,0,0,0,0,0,0
4694,Movie 4694 (2024),Documentary,189000000,87,2009,0,3.7,50,2240000,1,0,0,0,0,0,0,1,0,0,0,0,0
4695,Movie 4695 (2024),Sci-Fi|Animation|Thriller,12000000,143,2015,0,9.9,355,2120000,0,0,0,1,0,0,0,0,0,0,0,1,1
4696,Movie 4696 (2024),Action|Comedy|Thriller,130000000,140,2012,0,7.4,229,900000,0,1,0,0,0,1,0,0,0,0,0,0,1
4697,Movie 4697 (2024),Crime|Children,25000000,111,2017,1,2.3,314,2890000,1,0,0,0,1,0,1,0,0,0,0,0,0
4698,Movie 4698 (2024),Adventure|Crime,58000000,175,1996,0,5.0,286,1550000,0,0,1,0,0,0,1,0,0,0,0,0,0
4699,Movie 4699 (2024),Action|Animation,110000000,140,2004,0,5.8,366,2620000,1,1,0,1,0,0,0,0,0,0,0,0,0
4700,Movie 4700 (2024),Comedy|Children|Crime,64000000,161,2019,0,8.9,23,4130000,1,0,0,0,1,1,1,0,0,0,0,0,0
4701,Movie 4701 (2024),Animation,42000000,134,2024,1,6.3,12,830000,1,0,0,1,0,0,0,0,0,0,0,0,0
4702,Movie 4702 (2024),Action|Children|Comedy,22000000,93,1993,0,10.0,256,1590000,1,1,0,0,1,1,0,0,0,0,0,0,0
4703,Movie 4703 (2024),Animation|Drama|Crime,75000000,171,2005,0,3.4,76,1330000,1,0,0,1,0,0,1,0,1,0,0,0,0
4704,Movie 4704 (2024),Crime|Comedy|Thriller,48000000,149,2002,0,2.9,233,1620000,0,0,0,0,0,1,1,0,0,0,0,0,1
4705,Movie 4705 (2024),Sci-Fi,67000000,133,2010,0,8.3,441,3070000,1,0,0,0,0,0,0,0,0,0,0,1,0
4706,Movie 4706 (2024),Fantasy,157000000,120,2021,0,7.3,494,4030000,1,0,0,0,0,0,0,0,0,1,0,0,0
4707,Movie 4707 (2024),Action|Animation,77000000,158,2021,0,4.9,444,3450000,0,1,0,1,0,0,0,0,0,0,0,0,0
4708,Movie 4708 (2024),Adventure|Sci-Fi|Drama,142000000,153,2022,1,2.5,34,1500000,0,0,1,0,0,0,0,0,1,0,0,1,0
4709,Movie 4709 (2024),Action|Sci-Fi,13000000,106,2018,0,2.2,403,3280000,1,1,0,0,0,0,0,0,0,0,0,1,0
4710,Movie 4710 (2024),Animation,139000000,135,2022,0,2.7,398,2940000,0,0,0,1,0,0,0,0,0,0,0,0,0
4711,Movie 4711 (2024),Thriller,192000000,96,2010,1,9.2,445,4770000,1,0,0,0,0,0,0,0,0,0,0,0,1
4712,Movie 4712 (2024),Drama,106000000,136,1992,0,4.0,359,1790000,0,0,0,0,0,0,0,0,1,0,0,0,0
4713,Movie 4713 (2024),Animation,25000000,168,2016,1,2.8,241,1790000,1,0,0,1,0,0,0,0,0,0,0,0,0
4714,Movie 4714 (2024),Horror|Action|Documentary,26000000,176,1994,0,5.9,54,3000000,1,1,0,0,0,0,0,1,0,0,1,0,0
4715,Movie 4715 (2024),Comedy,71000000,135,1998,0,3.1,281,4180000,1,0,0,0,0,1,0,0,0,0,0,0,0
4716,Movie 4716 (2024),Comedy|Fantasy,170000000,159,2019,0,9.4,314,1160000,0,0,0,0,0,1,0,0,0,1,0,0,0
4717,Movie 4717 (2024),Children|Thriller,46000000,175,2022,1,2.7,112,2910000,0,0,0,0,1,0,0,0,0,0,0,0,1
4718,Movie 4718 (2024),Thriller|Comedy|Animation,23000000,121,2022,0,6.2,277,2580000,1,0,0,1,0,1,0,0,0,0,0,0,1
4719,Movie 4719 (2024),Comedy,49000000,124,1999,0,6.1,274,2020000,1,0,0,0,0,1,0,0,0,0,0,0,0
4720,Movie 4720 (2024),Thriller|Drama|Children,170000000,160,2016,0,3.0,322,3070000,0,0,0,0,1,0,0,0,1,0,0,0,1
4721,Movie 4721 (2024),Animation|Action|Crime,22000000,143,1991,0,8.9,438,2260000,0,1,0,1,0,0,1,0,0,0,0,0,0
4722,Movie 4722 (2024),Crime|Drama|Children,52000000,90,2006,0,2.6,321,870000,1,0,0,0,1,0,1,0,1,0,0,0,0
4723,Movie 4723 (2024),Comedy|Sci-Fi|Documentary,199000000,147,2019,1,9.6,72,860000,1,0,0,0,0,1,0,1,0,0,0,1,0
4724,Movie 4724 (2024),Animation,162000000,96,1999,1,3.7,203,980000,1,0,0,1,0,0,0,0,0,0,0,0,0
4725,Movie 4725 (2024),Horror|Thriller|Adventure,166000000,105,2019,0,2.5,245,1840000,0,0,1,0,0,0,0,0,0,0,1,0,1
4726,Movie 4726 (2024),Horror,19000000,126,2005,0,6.4,22,3410000,1,0,0,0,0,0,0,0,0,0,1,0,0
4727,Movie 4727 (2024),Sci-Fi|Drama,135000000,172,1992,0,6.7,212,3930000,0,0,0,0,0,0,0,0,1,0,0,1,0
4728,Movie 4728 (2024),Thriller|Children|Crime,28000000,124,2020,0,4.8,10,650000,1,0,0,0,1,0,1,0,0,0,0,0,1
4729,Movie 4729 (2024),Documentary|Animation|Fantasy,34000000,111,2016,1,6.3,234,720000,0,0,0,1,0,0,0,1,0,1,0,0,0
4730,Movie 4730 (2024),Comedy,137000000,137,1997,0,5.7,401,1610000,0,0,0,0,0,1,0,0,0,0,0,0,0
4731,Movie 4731 (2024),Sci-Fi|Horror,66000000,104,2003,1,9.8,464,3320000,1,0,0,0,0,0,0,0,0,0,1,1,0
4732,Movie 4732 (2024),Comedy,94000000,143,2009,0,2.4,96,4760000,1,0,0,0,0,1,0,0,0,0,0,0,0
4733,Movie 4733 (2024),Adventure,74000000,135,2000,0,9.3,142,930000,1,0,1,0,0,0,0,0,0,0,0,0,0
4734,Movie 4734 (2024),Crime|Action|Animation,189000000,164,1998,0,9.2,401,1000000,0,1,0,1,0,0,1,0,0,0,0,0,0
4735,Movie 4735 (2024),Adventure,180000000,145,2002,1,6.8,292,3950000,1,0,1,0,0,0,0,0,0,0,0,0,0
4736,Movie 4736 (2024),Children,64000000,92,2009,0,9.0,52,2320000,0,0,0,0,1,0,0,0,0,0,0,0,0
4737,Movie 4737 (2024),Animation|Documentary,121000000,172,2023,0,8.5,451,4960000,0,0,0,1,0,0,0,1,0,0,0,0,0
4738,Movie 4738 (2024),Animation|Fantasy,163000000,91,2020,0,5.6,107,3070000,1,0,0,1,0,0,0,0,0,1,0,0,0
4739,Movie 4739 (2024),Comedy|Adventure,115000000,148,1997,0,7.0,475,3980000,1,0,1,0,0,1,0,0,0,0,0,0,0
4740,Movie 4740 (2024),Fantasy,110000000,121,2017,1,6.1,222,4820000,0,0,0,0,0,0,0,0,0,1,0,0,0
4741,Movie 4741 (2024),Comedy|Children|Drama,116000000,144,1992,0,7.9,220,3020000,0,0,0,0,1,1,0,0,1,0,0,0,0
4742,Movie 4742 (2024),Sci-Fi,165000000,172,2002,0,5.1,99,4140000,1,0,0,0,0,0,0,0,0,0,0,1,0
4743,Movie 4743 (2024),Animation|Documentary|Adventure,197000000,146,2014,0,7.0,295,2050000,1,0,1,1,0,0,0,1,0,0,0,0,0
4744,Movie 4744 (2024),Drama|Animation,67000000,136,1991,0,7.6,167,3130000,0,0,0,1,0,0,0,0,1,0,0,0,0
4745,Movie 4745 (2024),Drama,71000000,165,2019,0,2.5,305,2620000,1,0,0,0,0,0,0,0,1,0,0,0,0
4746,Movie 4746 (2024),Animation,168000000,90,2016,0,8.9,39,4000000,0,0,0,1,0,0,0,0,0,0,0,0,0
4747,Movie 4747 (2024),Fantasy|Adventure|Sci-Fi,195000000,117,1991,0,3.9,22,1570000,1,0,1,0,0,0,0,0,0,1,0,1,0
4748,Movie 4748 (2024),Sci-Fi|Fantasy,20000000,97,1995,1,2.2,415,3570000,0,0,0,0,0,0,0,0,0,1,0,1,0
4749,Movie 4749 (2024),Fantasy|Children|Crime,156000000,158,1994,0,9.4,43,2580000,0,0,0,0,1,0,1,0,0,1,0,0,0
4750,Movie 4750 (2024),Comedy,121000000,150,2008,0,8.5,256,4600000,1,0,0,0,0,1,0,0,0,0,0,0,0
4751,Movie 4751 (2024),Children,196000000,142,2001,0,9.3,234,4630000,1,0,0,0,1,0,0,0,0,0,0,0,0
4752,Movie 4752 (2024),Horror,45000000,166,2023,0,3.8,20,3230000,1,0,0,0,0,0,0,0,0,0,1,0,0
4753,Movie 4753 (2024),Action,142000000,118,2005,1,5.1,393,4160000,1,1,0,0,0,0,0,0,0,0,0,0,0
4754,Movie 4754 (2024),Children,100000000,119,1992,0,3.1,107,3400000,1,0,0,0,1,0,0,0,0,0,0,0,0
4755,Movie 4755 (2024),Children|Fantasy,150000000,159,2021,0,9.6,43,4970000,1,0,0,0,1,0,0,0,0,1,0,0,0
4756,Movie 4756 (2024),Animation|Adventure|Comedy,191000000,129,1995,1,7.9,119,3470000,0,0,1,1,0,1,0,0,0,0,0,0,0
4757,Movie 4757 (2024),Documentary|Children|Sci-Fi,93000000,81,2010,0,5.8,262,4010000,0,0,0,0,1,0,0,1,0,0,0,1,0
4758,Movie 4758 (2024),Thriller|Animation|Action,147000000,125,2018,0,7.8,16,640000,1,1,0,1,0,0,0,0,0,0,0,0,1
4759,Movie 4759 (2024),Sci-Fi|Crime,147000000,130,2017,0,4.9,114,680000,0,0,0,0,0,0,1,0,0,0,0,1,0
4760,Movie 4760 (2024),Documentary|Action|Adventure,71000000,141,1998,0,9.8,30,1260000,0,1,1,0,0,0,0,1,0,0,0,0,0
4761,Movie 4761 (2024),Comedy|Crime,7000000,124,2006,0,7.3,279,3900000,0,0,0,0,0,1,1,0,0,0,0,0,0
4762,Movie 4762 (2024),Fantasy,32000000,139,2021,0,2.1,389,3670000,0,0,0,0,0,0,0,0,0,1,0,0,0
4763,Movie 4763 (2024),Comedy|Fantasy|Action,165000000,121,2019,1,9.0,404,3950000,0,1,0,0,0,1,0,0,0,1,0,0,0
4764,Movie 4764 (2024),Documentary,178000000,131,2018,0,2.3,418,3160000,1,0,0,0,0,0,0,1,0,0,0,0,0
4765,Movie 4765 (2024),Drama|Comedy,150000000,85,2007,0,8.1,352,2650000,0,0,0,0,0,1,0,0,1,0,0,0,0
4766,Movie 4766 (2024),Action,21000000,80,2011,0,6.7,329,2320000,1,1,0,0,0,0,0,0,0,0,0,0,0
4767,Movie 4767 (2024),Adventure|Documentary,36000000,97,2006,0,2.0,352,1170000,0,0,1,0,0,0,0,1,0,0,0,0,0
4768,Movie 4768 (2024),Fantasy|Crime,191000000,86,2000,0,2.3,161,1690000,0,0,0,0,0,0,1,0,0,1,0,0,0
4769,Movie 4769 (2024),Drama|Adventure,180000000,131,2016,0,5.8,56,1850000,0,0,1,0,0,0,0,0,1,0,0,0,0
4770,Movie 4770 (2024),Documentary,29000000,127,2013,0,4.2,99,1840000,0,0,0,0,0,0,0,1,0,0,0,0,0
4771,Movie 4771 (2024),Children|Animation,5000000,98,2013,0,9.4,310,3540000,0,0,0,1,1,0,0,0,0,0,0,0,0
4772,Movie 4772 (2024),Action|Animation,135000000,112,2010,0,8.9,23,1830000,1,1,0,1,0,0,0,0,0,0,0,0,0
4773,Movie 4773 (2024),Fantasy|Drama,93000000,95,1997,0,5.6,58,2170000,0,0,0,0,0,0,0,0,1,1,0,0,0
4774,Movie 4774 (2024),Fantasy,4000000,92,2008,0,4.0,187,2320000,0,0,0,0,0,0,0,0,0,1,0,0,0
4775,Movie 4775 (2024),Comedy|Horror|Adventure,45000000,95,2024,1,4.5,328,2040000,1,0,1,0,0,1,0,0,0,0,1,0,0
4776,Movie 4776 (2024),Thriller|Comedy,117000000,99,2004,0,8.8,435,4400000,1,0,0,0,0,1,0,0,0,0,0,0,1
4777,Movie 4777 (2024),Animation|Crime,3000000,102,2017,0,6.1,103,3770000,1,0,0,1,0,0,1,0,0,0,0,0,0
4778,Movie 4778 (2024),Comedy,83000000,113,1998,0,3.0,377,1190000,1,0,0,0,0,1,0,0,0,0,0,0,0
4779,Movie 4779 (2024),Sci-Fi,24000000,147,2024,1,3.6,239,2390000,1,0,0,0,0,0,0,0,0,0,0,1,0
4780,Movie 4780 (2024),Comedy|Sci-Fi|Crime,4000000,173,2009,0,3.5,255,3950000,0,0,0,0,0,1,1,0,0,0,0,1,0
4781,Movie 4781 (2024),Fantasy|Action,137000000,92,2016,0,7.1,116,3900000,0,1,0,0,0,0,0,0,0,1,0,0,0
4782,Movie 4782 (2024),Action,58000000,103,2024,0,2.2,276,530000,1,1,0,0,0,0,0,0,0,0,0,0,0
4783,Movie 4783 (2024),Sci-Fi|Animation|Fantasy,98000000,160,2013,0,3.3,424,2610000,0,0,0,1,0,0,0,0,0,1,0,1,0
4784,Movie 4784 (2024),Drama,24000000,87,2019,0,9.0,423,3170000,1,0,0,0,0,0,0,0,1,0,0,0,0
4785,Movie 4785 (2024),Adventure|Animation,120000000,137,1998,0,7.0,326,3040000,1,0,1,1,0,0,0,0,0,0,0,0,0
4786,Movie 4786 (2024),Thriller,115000000,94,1994,0,7.3,455,3470000,0,0,0,0,0,0,0,0,0,0,0,0,1
4787,Movie 4787 (2024),Drama|Crime,154000000,131,1994,0,6.8,42,850000,0,0,0,0,0,0,1,0,1,0,0,0,0
4788,Movie 4788 (2024),Children|Adventure|Action,20000000,129,2012,0,2.9,161,4950000,0,1,1,0,1,0,0,0,0,0,0,0,0
4789,Movie 4789 (2024),Animation,152000000,167,1999,0,4.7,266,2980000,1,0,0,1,0,0,0,0,0,0,0,0,0
4790,Movie 4790 (2024),Sci-Fi|Horror|Fantasy,100000000,166,1992,0,5.2,15,4750000,0,0,0,0,0,0,0,0,0,1,1,1,0
4791,Movie 4791 (2024),Horror|Adventure|Animation,53000000,151,1990,0,5.5,364,3480000,1,0,1,1,0,0,0,0,0,0,1,0,0
4792,Movie 4792 (2024),Thriller|Documentary|Horror,81000000,114,2002,0,7.7,378,4340000,0,0,0,0,0,0,0,1,0,0,1,0,1
4793,Movie 4793 (2024),Documentary,170000000,148,2016,0,2.7,128,1480000,1,0,0,0,0,0,0,1,0,0,0,0,0
4794,Movie 4794 (2024),Children|Drama|Action,70000000,174,2010,1,5.5,401,4030000,0,1,0,0,1,0,0,0,1,0,0,0,0
4795,Movie 4795 (2024),Comedy|Thriller,30000000,98,1996,0,6.6,321,3210000,1,0,0,0,0,1,0,0,0,0,0,0,1
4796,Movie 4796 (2024),Fantasy|Animation|Horror,80000000,103,2020,0,7.9,337,1580000,1,0,0,1,0,0,0,0,0,1,1,0,0
4797,Movie 4797 (2024),Documentary,96000000,134,1998,0,6.1,285,4660000,1,0,0,0,0,0,0,1,0,0,0,0,0
4798,Movie 4798 (2024),Action,121000000,114,1995,0,2.2,57,3830000,0,1,0,0,0,0,0,0,0,0,0,0,0
4799,Movie 4799 (2024),Adventure|Horror|Sci-Fi,124000000,100,2001,0,9.1,203,740000,0,0,1,0,0,0,0,0,0,0,1,1,0
4800,Movie 4800 (2024),Crime|Fantasy,142000000,173,2003,0,5.0,199,4760000,1,0,0,0,0,0,1,0,0,1,0,0,0
4801,Movie 4801 (2024),Comedy|Fantasy|Crime,56000000,142,1990,1,5.4,48,1140000,0,0,0,0,0,1,1,0,0,1,0,0,0
4802,Movie 4802 (2024),Action,167000000,149,2003,0,2.4,497,3740000,1,1,0,0,0,0,0,0,0,0,0,0,0
4803,Movie 4803 (2024),Documentary|Adventure|Horror,165000000,177,2012,1,5.9,402,3300000,1,0,1,0,0,0,0,1,0,0,1,0,0
4804,Movie 4804 (2024),Sci-Fi|Comedy|Action,17000000,174,2023,0,6.7,287,3270000,0,1,0,0,0,1,0,0,0,0,0,1,0
4805,Movie 4805 (2024),Horror|Children|Thriller,30000000,100,1993,0,2.1,409,670000,1,0,0,0,1,0,0,0,0,0,1,0,1
4806,Movie 4806 (2024),Adventure,83000000,134,1993,0,6.4,441,2800000,1,0,1,0,0,0,0,0,0,0,0,0,0
4807,Movie 4807 (2024),Documentary|Children|Drama,145000000,95,2016,0,6.0,438,2070000,1,0,0,0,1,0,0,1,1,0,0,0,0
4808,Movie 4808 (2024),Documentary,66000000,150,2006,0,7.3,258,3190000,0,0,0,0,0,0,0,1,0,0,0,0,0
4809,Movie 4809 (2024),Fantasy|Children,137000000,114,1994,0,8.7,344,3890000,0,0,0,0,1,0,0,0,0,1,0,0,0
4810,Movie 4810 (2024),Children|Thriller,186000000,145,2023,0,3.5,182,960000,0,0,0,0,1,0,0,0,0,0,0,0,1
4811,Movie 4811 (2024),Drama,150000000,89,2024,0,9.8,343,1130000,0,0,0,0,0,0,0,0,1,0,0,0,0
4812,Movie 4812 (2024),Adventure,184000000,104,2003,0,5.0,399,1380000,0,0,1,0,0,0,0,0,0,0,0,0,0
4813,Movie 4813 (2024),Drama|Action|Adventure,135000000,88,1995,0,9.7,289,3440000,1,1,1,0,0,0,0,0,1,0,0,0,0
4814,Movie 4814 (2024),Thriller|Action|Drama,36000000,80,2022,1,4.8,71,2340000,1,1,0,0,0,0,0,0,1,0,0,0,1
4815,Movie 4815 (2024),Action,109000000,106,2020,0,2.8,434,630000,1,1,0,0,0,0,0,0,0,0,0,0,0
4816,Movie 4816 (2024),Horror|Comedy|Children,47000000,166,2006,0,3.0,293,3270000,0,0,0,0,1,1,0,0,0,0,1,0,0
4817,Movie 4817 (2024),Adventure|Fantasy,62000000,106,2019,1,3.7,387,3560000,1,0,1,0,0,0,0,0,0,1,0,0,0
4818,Movie 4818 (2024),Thriller|Drama|Documentary,176000000,102,2017,1,8.2,194,4460000,1,0,0,0,0,0,0,1,1,0,0,0,1
4819,Movie 4819 (2024),Documentary,73000000,134,2006,0,5.1,194,920000,1,0,0,0,0,0,0,1,0,0,0,0,0
4820,Movie 4820 (2024),Thriller,116000000,122,1998,0,2.0,15,3240000,1,0,0,0,0,0,0,0,0,0,0,0,1
4821,Movie 4821 (2024),Comedy|Fantasy,75000000,167,2013,0,9.0,408,1970000,1,0,0,0,0,1,0,0,0,1,0,0,0
4822,Movie 4822 (2024),Children,77000000,133,2011,0,6.1,104,4630000,0,0,0,0,1,0,0,0,0,0,0,0,0
4823,Movie 4823 (2024),Crime|Documentary,94000000,110,2023,0,4.3,265,4040000,0,0,0,0,0,0,1,1,0,0,0,0,0
4824,Movie 4824 (2024),Comedy|Horror,69000000,111,2023,0,7.6,461,3480000,0,0,0,0,0,1,0,0,0,0,1,0,0
4825,Movie 4825 (2024),Fantasy,57000000,168,2018,0,3.7,294,1240000,1,0,0,0,0,0,0,0,0,1,0,0,0
4826,Movie 4826 (2024),Comedy|Documentary|Animation,14000000,89,2018,1,9.3,163,4310000,1,0,0,1,0,1,0,1,0,0,0,0,0
4827,Movie 4827 (2024),Sci-Fi|Crime,28000000,114,2021,0,5.8,405,2730000,1,0,0,0,0,0,1,0,0,0,0,1,0
4828,Movie 4828 (2024),Action|Horror,189000000,179,2019,0,5.2,208,1690000,1,1,0,0,0,0,0,0,0,0,1,0,0
4829,Movie 4829 (2024),Crime|Adventure,123000000,179,2013,0,7.9,394,4050000,0,0,1,0,0,0,1,0,0,0,0,0,0
4830,Movie 4830 (2024),Drama|Action|Sci-Fi,181000000,134,2007,0,8.4,30,650000,1,1,0,0,0,0,0,0,1,0,0,1,0
4831,Movie 4831 (2024),Documentary,53000000,131,2005,1,5.1,351,3960000,1,0,0,0,0,0,0,1,0,0,0,0,0
4832,Movie 4832 (2024),Animation,35000000,158,2022,1,2.1,121,1910000,1,0,0,1,0,0,0,0,0,0,0,0,0
4833,Movie 4833 (2024),Documentary,183000000,98,1997,0,7.8,99,4320000,0,0,0,0,0,0,0,1,0,0,0,0,0
4834,Movie 4834 (2024),Sci-Fi,133000000,178,2015,0,4.0,315,1480000,1,0,0,0,0,0,0,0,0,0,0,1,0
4835,Movie 4835 (2024),Drama|Comedy,125000000,98,1996,0,8.3,206,1530000,0,0,0,0,0,1,0,0,1,0,0,0,0
4836,Movie 4836 (2024),Documentary|Thriller,88000000,167,2003,0,4.8,436,1440000,0,0,0,0,0,0,0,1,0,0,0,0,1
4837,Movie 4837 (2024),Adventure,146000000,117,2010,0,7.1,288,1320000,0,0,1,0,0,0,0,0,0,0,0,0,0
4838,Movie 4838 (2024),Comedy,50000000,122,2013,0,5.6,431,1690000,1,0,0,0,0,1,0,0,0,0,0,0,0
4839,Movie 4839 (2024),Documentary|Crime,11000000,115,1998,0,3.2,325,4890000,0,0,0,0,0,0,1,1,0,0,0,0,0
4840,Movie 4840 (2024),Documentary|Action,131000000,83,1999,0,7.4,45,3270000,1,1,0,0,0,0,0,1,0,0,0,0,0
4841,Movie 4841 (2024),Comedy,139000000,157,1991,0,4.4,347,4180000,1,0,0,0,0,1,0,0,0,0,0,0,0
4842,Movie 4842 (2024),Horror|Adventure|Crime,63000000,146,2015,0,4.1,384,4750000,0,0,1,0,0,0,1,0,0,0,1,0,0
4843,Movie 4843 (2024),Sci-Fi|Action,187000000,166,2011,0,5.1,417,3520000,1,1,0,0,0,0,0,0,0,0,0,1,0
4844,Movie 4844 (2024),Animation,122000000,142,2017,0,2.6,370,780000,1,0,0,1,0,0,0,0,0,0,0,0,0
4845,Movie 4845 (2024),Adventure|Sci-Fi|Thriller,27000000,158,1997,0,7.6,124,4660000,1,0,1,0,0,0,0,0,0,0,0,1,1
4846,Movie 4846 (2024),Drama|Horror,124000000,83,2022,1,9.7,268,840000,0,0,0,0,0,0,0,0,1,0,1,0,0
4847,Movie 4847 (2024),Adventure|Fantasy,192000000,113,2008,0,7.7,451,3230000,1,0,1,0,0,0,0,0,0,1,0,0,0
4848,Movie 4848 (2024),Documentary|Animation,198000000,152,2014,0,9.9,343,3680000,0,0,0,1,0,0,0,1,0,0,0,0,0
4849,Movie 4849 (2024),Drama,175000000,84,2011,0,5.7,362,530000,1,0,0,0,0,0,0,0,1,0,0,0,0
4850,Movie 4850 (2024),Horror|Comedy|Fantasy,31000000,150,2009,0,7.0,474,570000,1,0,0,0,0,1,0,0,0,1,1,0,0
4851,Movie 4851 (2024),Comedy|Drama|Crime,155000000,135,1992,1,10.0,129,3250000,0,0,0,0,0,1,1,0,1,0,0,0,0
4852,Movie 4852 (2024),Crime|Action|Animation,107000000,124,2019,0,7.6,217,2870000,0,1,0,1,0,0,1,0,0,0,0,0,0
4853,Movie 4853 (2024),Comedy|Fantasy,197000000,174,2006,0,9.4,23,4230000,1,0,0,0,0,1,0,0,0,1,0,0,0
4854,Movie 4854 (2024),Fantasy|Horror|Thriller,38000000,97,2006,0,6.2,9,3240000,1,0,0,0,0,0,0,0,0,1,1,0,1
4855,Movie 4855 (2024),Drama|Animation|Action,31000000,173,1999,0,4.3,239,1020000,0,1,0,1,0,0,0,0,1,0,0,0,0
4856,Movie 4856 (2024),Action,166000000,168,2001,0,9.1,321,3520000,1,1,0,0,0,0,0,0,0,0,0,0,0
4857,Movie 4857 (2024),Horror|Comedy|Adventure,151000000,150,2003,1,2.3,119,2590000,0,0,1,0,0,1,0,0,0,0,1,0,0
4858,Movie 4858 (2024),Comedy|Action,123000000,158,2013,0,6.3,44,2710000,1,1,0,0,0,1,0,0,0,0,0,0,0
4859,Movie 4859 (2024),Children|Comedy,21000000,144,2000,0,6.8,384,3980000,0,0,0,0,1,1,0,0,0,0,0,0,0
4860,Movie 4860 (2024),Fantasy|Adventure|Action,29000000,138,2001,1,6.1,180,1340000,1,1,1,0,0,0,0,0,0,1,0,0,0
4861,Movie 4861 (2024),Drama|Fantasy|Adventure,86000000,162,2016,0,7.1,75,3110000,0,0,1,0,0,0,0,0,1,1,0,0,0
4862,Movie 4862 (2024),Fantasy,79000000,94,2023,0,4.5,333,2410000,1,0,0,0,0,0,0,0,0,1,0,0,0
4863,Movie 4863 (2024),Drama,11000000,153,2019,0,4.9,215,2590000,0,0,0,0,0,0,0,0,1,0,0,0,0
4864,Movie 4864 (2024),Children,71000000,92,1996,0,8.7,9,1160000,0,0,0,0,1,0,0,0,0,0,0,0,0
4865,Movie 4865 (2024),Action,140000000,107,2010,0,2.0,165,2560000,0,1,0,0,0,0,0,0,0,0,0,0,0
4866,Movie 4866 (2024),Animation,114000000,173,2003,0,4.7,4,1040000,0,0,0,1,0,0,0,0,0,0,0,0,0
4867,Movie 4867 (2024),Fantasy,8000000,135,1997,0,7.0,283,2360000,1,0,0,0,0,0,0,0,0,1,0,0,0
4868,Movie 4868 (2024),Horror|Comedy|Documentary,73000000,162,2022,1,5.2,455,3200000,0,0,0,0,0,1,0,1,0,0,1,0,0
4869,Movie 4869 (2024),Children|Horror,6000000,164,1997,0,8.1,34,1070000,1,0,0,0,1,0,0,0,0,0,1,0,0
4870,Movie 4870 (2024),Animation,18000000,139,2015,0,7.6,35,3170000,1,0,0,1,0,0,0,0,0,0,0,0,0
4871,Movie 4871 (2024),Crime|Documentary,156000000,173,2004,0,2.2,122,3930000,1,0,0,0,0,0,1,1,0,0,0,0,0
4872,Movie 4872 (2024),Action,141000000,95,2015,0,5.9,69,2940000,0,1,0,0,0,0,0,0,0,0,0,0,0
4873,Movie 4873 (2024),Children,107000000,94,1997,1,9.0,296,1260000,0,0,0,0,1,0,0,0,0,0,0,0,0
4874,Movie 4874 (2024),Action|Crime,116000000,168,1993,0,3.0,415,3710000,0,1,0,0,0,0,1,0,0,0,0,0,0
4875,Movie 4875 (2024),Thriller,151000000,127,2020,0,6.1,182,710000,1,0,0,0,0,0,0,0,0,0,0,0,1
4876,Movie 4876 (2024),Adventure,122000000,102,2000,0,8.3,84,4170000,0,0,1,0,0,0,0,0,0,0,0,0,0
4877,Movie 4877 (2024),Children|Horror|Comedy,21000000,168,2024,0,8.3,193,4970000,1,0,0,0,1,1,0,0,0,0,1,0,0
4878,Movie 4878 (2024),Children|Thriller|Animation,194000000,95,1998,0,8.4,252,1860000,1,0,0,1,1,0,0,0,0,0,0,0,1
4879,Movie 4879 (2024),Comedy|Sci-Fi|Drama,29000000,150,1994,1,8.2,45,3950000,1,0,0,0,0,1,0,0,1,0,0,1,0
4880,Movie 4880 (2024),Drama|Thriller,101000000,160,2022,1,2.8,327,4660000,1,0,0,0,0,0,0,0,1,0,0,0,1
4881,Movie 4881 (2024),Sci-Fi,43000000,86,2002,0,6.4,437,4060000,1,0,0,0,0,0,0,0,0,0,0,1,0
4882,Movie 4882 (2024),Adventure|Comedy,1000000,84,2000,0,6.8,71,1030000,1,0,1,0,0,1,0,0,0,0,0,0,0
4883,Movie 4883 (2024),Sci-Fi,37000000,122,1990,1,3.8,317,1230000,0,0,0,0,0,0,0,0,0,0,0,1,0
4884,Movie 4884 (2024),Thriller|Comedy|Drama,155000000,130,2014,0,9.9,96,2930000,0,0,0,0,0,1,0,0,1,0,0,0,1
4885,Movie 4885 (2024),Horror,126000000,135,2022,0,5.2,94,2230000,0,0,0,0,0,0,0,0,0,0,1,0,0
4886,Movie 4886 (2024),Adventure|Fantasy,92000000,165,2024,0,3.9,325,4360000,1,0,1,0,0,0,0,0,0,1,0,0,0
4887,Movie 4887 (2024),Action|Drama,82000000,88,2012,0,8.8,20,950000,0,1,0,0,0,0,0,0,1,0,0,0,0
4888,Movie 4888 (2024),Documentary,142000000,104,1998,0,8.2,334,4270000,0,0,0,0,0,0,0,1,0,0,0,0,0
4889,Movie 4889 (2024),Comedy,18000000,133,2017,0,9.6,70,1640000,0,0,0,0,0,1,0,0,0,0,0,0,0
4890,Movie 4890 (2024),Children,161000000,167,2010,0,8.2,262,2720000,0,0,0,0,1,0,0,0,0,0,0,0,0
4891,Movie 4891 (2024),Drama|Children|Action,38000000,81,2024,0,3.4,138,3410000,1,1,0,0,1,0,0,0,1,0,0,0,0
4892,Movie 4892 (2024),Fantasy|Drama,124000000,124,2011,1,6.5,457,1970000,0,0,0,0,0,0,0,0,1,1,0,0,0
4893,Movie 4893 (2024),Thriller|Crime,51000000,160,2012,0,5.0,134,1070000,0,0,0,0,0,0,1,0,0,0,0,0,1
4894,Movie 4894 (2024),Sci-Fi|Thriller|Documentary,69000000,178,2008,0,3.8,170,2290000,1,0,0,0,0,0,0,1,0,0,0,1,1
4895,Movie 4895 (2024),Crime,5000000,138,2023,0,5.3,210,2060000,0,0,0,0,0,0,1,0,0,0,0,0,0
4896,Movie 4896 (2024),Drama,135000000,167,2006,0,2.7,229,3700000,1,0,0,0,0,0,0,0,1,0,0,0,0
4897,Movie 4897 (2024),Documentary|Animation,164000000,139,1998,0,7.0,445,4330000,0,0,0,1,0,0,0,1,0,0,0,0,0
4898,Movie 4898 (2024),Fantasy|Horror,52000000,151,2014,0,6.3,304,3350000,1,0,0,0,0,0,0,0,0,1,1,0,0
4899,Movie 4899 (2024),Sci-Fi|Adventure,32000000,117,2018,0,6.5,407,2720000,1,0,1,0,0,0,0,0,0,0,0,1,0
4900,Movie 4900 (2024),Comedy|Drama,130000000,82,2008,0,3.5,119,2570000,1,0,0,0,0,1,0,0,1,0,0,0,0
4901,Movie 4901 (2024),Horror,155000000,179,1999,0,7.0,210,4640000,0,0,0,0,0,0,0,0,0,0,1,0,0
4902,Movie 4902 (2024),Thriller|Drama,90000000,152,1995,0,9.4,162,4260000,1,0,0,0,0,0,0,0,1,0,0,0,1
4903,Movie 4903 (2024),Children|Adventure|Action,77000000,165,2016,0,10.0,401,3690000,1,1,1,0,1,0,0,0,0,0,0,0,0
4904,Movie 4904 (2024),Action|Drama,130000000,179,2019,0,8.6,433,1620000,0,1,0,0,0,0,0,0,1,0,0,0,0
4905,Movie 4905 (2024),Horror|Fantasy,92000000,84,2020,0,3.5,354,2030000,0,0,0,0,0,0,0,0,0,1,1,0,0
4906,Movie 4906 (2024),Drama|Documentary|Comedy,92000000,128,1993,0,6.1,7,2740000,0,0,0,0,0,1,0,1,1,0,0,0,0
4907,Movie 4907 (2024),Thriller,23000000,125,2013,0,3.3,275,550000,0,0,0,0,0,0,0,0,0,0,0,0,1
4908,Movie 4908 (2024),Horror|Comedy|Adventure,143000000,147,2002,0,9.6,386,3510000,1,0,1,0,0,1,0,0,0,0,1,0,0
4909,Movie 4909 (2024),Drama|Adventure,68000000,173,2022,0,6.0,452,1560000,0,0,1,0,0,0,0,0,1,0,0,0,0
4910,Movie 4910 (2024),Crime|Animation|Documentary,128000000,116,2003,1,3.4,255,3150000,0,0,0,1,0,0,1,1,0,0,0,0,0
4911,Movie 4911 (2024),Drama,47000000,129,1995,0,9.6,195,840000,1,0,0,0,0,0,0,0,1,0,0,0,0
4912,Movie 4912 (2024),Crime|Children,174000000,111,2024,0,5.5,272,4370000,0,0,0,0,1,0,1,0,0,0,0,0,0
4913,Movie 4913 (2024),Adventure|Crime|Sci-Fi,194000000,97,2022,0,4.0,101,2230000,0,0,1,0,0,0,1,0,0,0,0,1,0
4914,Movie 4914 (2024),Crime|Comedy,110000000,143,2001,1,6.7,498,2560000,1,0,0,0,0,1,1,0,0,0,0,0,0
4915,Movie 4915 (2024),Children|Comedy|Fantasy,7000000,152,2008,1,7.2,338,4070000,1,0,0,0,1,1,0,0,0,1,0,0,0
4916,Movie 4916 (2024),Crime|Animation|Documentary,131000000,124,2004,0,7.0,287,4690000,1,0,0,1,0,0,1,1,0,0,0,0,0
4917,Movie 4917 (2024),Children|Animation|Action,160000000,111,2014,1,4.4,86,1580000,0,1,0,1,1,0,0,0,0,0,0,0,0
4918,Movie 4918 (2024),Crime|Horror|Animation,6000000,85,2021,0,5.7,393,4120000,0,0,0,1,0,0,1,0,0,0,1,0,0
4919,Movie 4919 (2024),Comedy|Fantasy,96000000,176,2016,0,6.5,404,3220000,0,0,0,0,0,1,0,0,0,1,0,0,0
4920,Movie 4920 (2024),Comedy,128000000,85,2017,0,4.6,159,970000,1,0,0,0,0,1,0,0,0,0,0,0,0
4921,Movie 4921 (2024),Thriller,187000000,177,2005,0,6.3,353,2120000,1,0,0,0,0,0,0,0,0,0,0,0,1
4922,Movie 4922 (2024),Animation|Adventure|Comedy,113000000,81,2021,0,8.2,97,1320000,1,0,1,1,0,1,0,0,0,0,0,0,0
4923,Movie 4923 (2024),Action,190000000,141,2002,1,4.5,61,1240000,1,1,0,0,0,0,0,0,0,0,0,0,0
4924,Movie 4924 (2024),Documentary|Sci-Fi,81000000,159,2003,0,4.7,299,1730000,0,0,0,0,0,0,0,1,0,0,0,1,0
4925,Movie 4925 (2024),Crime,122000000,176,2008,0,4.5,186,3680000,1,0,0,0,0,0,1,0,0,0,0,0,0
4926,Movie 4926 (2024),Drama|Documentary|Thriller,106000000,132,2018,0,8.3,260,3230000,1,0,0,0,0,0,0,1,1,0,0,0,1
4927,Movie 4927 (2024),Children|Adventure|Horror,65000000,131,2010,0,8.6,180,3390000,1,0,1,0,1,0,0,0,0,0,1,0,0
4928,Movie 4928 (2024),Horror|Animation|Crime,107000000,88,1991,0,4.8,350,2690000,0,0,0,1,0,0,1,0,0,0,1,0,0
4929,Movie 4929 (2024),Action|Fantasy|Thriller,189000000,135,2014,0,4.8,300,770000,1,1,0,0,0,0,0,0,0,1,0,0,1
4930,Movie 4930 (2024),Adventure|Documentary,85000000,149,1992,0,6.2,154,3330000,1,0,1,0,0,0,0,1,0,0,0,0,0
4931,Movie 4931 (2024),Documentary|Comedy,86000000,147,2023,0,6.8,24,2400000,0,0,0,0,0,1,0,1,0,0,0,0,0
4932,Movie 4932 (2024),Thriller,11000000,130,1997,0,2.5,141,1100000,0,0,0,0,0,0,0,0,0,0,0,0,1
4933,Movie 4933 (2024),Children|Action,161000000,84,2022,1,5.5,70,2800000,1,1,0,0,1,0,0,0,0,0,0,0,0
4934,Movie 4934 (2024),Drama,33000000,129,2000,0,5.6,176,1200000,0,0,0,0,0,0,0,0,1,0,0,0,0
4935,Movie 4935 (2024),Fantasy,170000000,163,2008,1,9.8,282,760000,1,0,0,0,0,0,0,0,0,1,0,0,0
4936,Movie 4936 (2024),Sci-Fi,97000000,155,1997,0,9.8,369,580000,0,0,0,0,0,0,0,0,0,0,0,1,0
4937,Movie 4937 (2024),Action,37000000,166,1997,0,3.7,237,630000,0,1,0,0,0,0,0,0,0,0,0,0,0
4938,Movie 4938 (2024),Sci-Fi,152000000,124,1990,0,5.7,354,1110000,0,0,0,0,0,0,0,0,0,0,0,1,0
4939,Movie 4939 (2024),Crime|Sci-Fi|Action,45000000,128,2024,0,4.3,119,4980000,1,1,0,0,0,0,1,0,0,0,0,1,0
4940,Movie 4940 (2024),Comedy|Drama|Animation,130000000,98,1999,0,6.2,218,3070000,1,0,0,1,0,1,0,0,1,0,0,0,0
4941,Movie 4941 (2024),Comedy,76000000,179,2024,0,2.1,72,4290000,1,0,0,0,0,1,0,0,0,0,0,0,0
4942,Movie 4942 (2024),Children,29000000,121,1995,0,2.7,332,4430000,0,0,0,0,1,0,0,0,0,0,0,0,0
4943,Movie 4943 (2024),Adventure,35000000,144,1999,0,9.5,257,2310000,0,0,1,0,0,0,0,0,0,0,0,0,0
4944,Movie 4944 (2024),Drama|Fantasy,89000000,143,1990,0,8.0,377,980000,1,0,0,0,0,0,0,0,1,1,0,0,0
4945,Movie 4945 (2024),Documentary,49000000,149,2001,0,7.6,243,4160000,1,0,0,0,0,0,0,1,0,0,0,0,0
4946,Movie 4946 (2024),Sci-Fi|Crime,118000000,172,2000,0,8.1,84,2650000,0,0,0,0,0,0,1,0,0,0,0,1,0
4947,Movie 4947 (2024),Horror|Sci-Fi|Adventure,186000000,121,2007,1,3.9,286,4530000,1,0,1,0,0,0,0,0,0,0,1,1,0
4948,Movie 4948 (2024),Comedy|Sci-Fi,22000000,164,1996,0,3.4,431,4340000,0,0,0,0,0,1,0,0,0,0,0,1,0
4949,Movie 4949 (2024),Adventure|Action,43000000,82,2003,0,10.0,319,4750000,0,1,1,0,0,0,0,0,0,0,0,0,0
4950,Movie 4950 (2024),Comedy,110000000,101,1990,0,7.8,331,1210000,1,0,0,0,0,1,0,0,0,0,0,0,0
4951,Movie 4951 (2024),Children|Documentary|Action,36000000,156,2004,0,4.0,240,1160000,0,1,0,0,1,0,0,1,0,0,0,0,0
4952,Movie 4952 (2024),Drama,191000000,169,1997,0,6.4,84,2420000,0,0,0,0,0,0,0,0,1,0,0,0,0
4953,Movie 4953 (2024),Comedy|Adventure,56000000,124,2013,0,5.2,450,3990000,0,0,1,0,0,1,0,0,0,0,0,0,0
4954,Movie 4954 (2024),Documentary,57000000,138,2021,0,8.5,152,4740000,0,0,0,0,0,0,0,1,0,0,0,0,0
4955,Movie 4955 (2024),Fantasy,3000000,176,2022,0,8.0,175,1760000,1,0,0,0,0,0,0,0,0,1,0,0,0
4956,Movie 4956 (2024),Drama,183000000,88,2004,0,5.1,473,900000,1,0,0,0,0,0,0,0,1,0,0,0,0
4957,Movie 4957 (2024),Horror|Action|Drama,24000000,99,1992,0,5.2,202,3150000,0,1,0,0,0,0,0,0,1,0,1,0,0
4958,Movie 4958 (2024),Sci-Fi|Action|Horror,92000000,147,2001,0,5.6,117,2290000,1,1,0,0,0,0,0,0,0,0,1,1,0
4959,Movie 4959 (2024),Sci-Fi,136000000,83,2009,0,7.1,449,1790000,0,0,0,0,0,0,0,0,0,0,0,1,0
4960,Movie 4960 (2024),Adventure|Crime,81000000,178,2012,0,7.9,155,950000,1,0,1,0,0,0,1,0,0,0,0,0,0
4961,Movie 4961 (2024),Drama,41000000,124,2024,0,3.2,370,1690000,0,0,0,0,0,0,0,0,1,0,0,0,0
4962,Movie 4962 (2024),Horror|Drama,162000000,135,2000,0,4.8,244,2050000,1,0,0,0,0,0,0,0,1,0,1,0,0
4963,Movie 4963 (2024),Animation|Drama|Crime,25000000,101,2008,0,9.3,177,1930000,0,0,0,1,0,0,1,0,1,0,0,0,0
4964,Movie 4964 (2024),Comedy|Action|Sci-Fi,161000000,173,2016,0,3.2,89,2080000,0,1,0,0,0,1,0,0,0,0,0,1,0
4965,Movie 4965 (2024),Sci-Fi|Crime,170000000,108,2015,0,3.7,126,3850000,0,0,0,0,0,0,1,0,0,0,0,1,0
4966,Movie 4966 (2024),Thriller,124000000,132,2011,0,6.2,37,2250000,1,0,0,0,0,0,0,0,0,0,0,0,1
4967,Movie 4967 (2024),Animation,72000000,120,2013,0,3.3,296,1830000,1,0,0,1,0,0,0,0,0,0,0,0,0
4968,Movie 4968 (2024),Children|Action,189000000,179,1996,0,3.4,141,4180000,0,1,0,0,1,0,0,0,0,0,0,0,0
4969,Movie 4969 (2024),Documentary|Action|Sci-Fi,16000000,141,1999,0,2.2,356,4420000,1,1,0,0,0,0,0,1,0,0,0,1,0
4970,Movie 4970 (2024),Thriller|Adventure|Crime,148000000,158,2010,1,9.5,60,860000,0,0,1,0,0,0,1,0,0,0,0,0,1
4971,Movie 4971 (2024),Drama|Children,55000000,144,2005,1,3.4,489,3040000,1,0,0,0,1,0,0,0,1,0,0,0,0
4972,Movie 4972 (2024),Documentary|Children|Horror,151000000,167,2000,0,5.2,23,4340000,0,0,0,0,1,0,0,1,0,0,1,0,0
4973,Movie 4973 (2024),Fantasy,121000000,151,2007,0,4.0,205,870000,0,0,0,0,0,0,0,0,0,1,0,0,0
4974,Movie 4974 (2024),Adventure|Crime|Documentary,134000000,127,1992,0,4.8,459,3260000,1,0,1,0,0,0,1,1,0,0,0,0,0
4975,Movie 4975 (2024),Adventure|Fantasy|Horror,12000000,81,2015,0,2.5,195,860000,1,0,1,0,0,0,0,0,0,1,1,0,0
4976,Movie 4976 (2024),Fantasy,130000000,127,2018,0,9.1,284,2050000,1,0,0,0,0,0,0,0,0,1,0,0,0
4977,Movie 4977 (2024),Thriller|Horror,145000000,86,2011,0,6.1,405,760000,0,0,0,0,0,0,0,0,0,0,1,0,1
4978,Movie 4978 (2024),Adventure|Drama|Children,174000000,89,1994,0,7.5,322,1130000,0,0,1,0,1,0,0,0,1,0,0,0,0
4979,Movie 4979 (2024),Action|Comedy,21000000,138,2006,1,5.9,209,990000,0,1,0,0,0,1,0,0,0,0,0,0,0
4980,Movie 4980 (2024),Thriller|Drama|Sci-Fi,57000000,142,2018,0,6.4,155,2390000,1,0,0,0,0,0,0,0,1,0,0,1,1
4981,Movie 4981 (2024),Fantasy|Animation,19000000,109,2020,1,2.8,270,4390000,0,0,0,1,0,0,0,0,0,1,0,0,0
4982,Movie 4982 (2024),Comedy|Drama,35000000,99,1995,0,7.8,127,780000,1,0,0,0,0,1,0,0,1,0,0,0,0
4983,Movie 4983 (2024),Thriller|Horror|Crime,29000000,107,2008,1,4.5,487,1630000,1,0,0,0,0,0,1,0,0,0,1,0,1
4984,Movie 4984 (2024),Thriller,89000000,93,2006,0,7.0,378,3850000,0,0,0,0,0,0,0,0,0,0,0,0,1
4985,Movie 4985 (2024),Action|Adventure,168000000,143,1996,0,7.5,166,3850000,1,1,1,0,0,0,0,0,0,0,0,0,0
4986,Movie 4986 (2024),Horror|Action|Animation,39000000,113,2015,0,2.2,12,540000,1,1,0,1,0,0,0,0,0,0,1,0,0
4987,Movie 4987 (2024),Horror|Adventure|Fantasy,47000000,165,2012,0,9.0,465,2650000,1,0,1,0,0,0,0,0,0,1,1,0,0
4988,Movie 4988 (2024),Sci-Fi|Children|Documentary,184000000,90,2008,0,6.7,383,4950000,0,0,0,0,1,0,0,1,0,0,0,1,0
4989,Movie 4989 (2024),Fantasy,84000000,128,2003,0,3.9,176,3120000,1,0,0,0,0,0,0,0,0,1,0,0,0
4990,Movie 4990 (2024),Adventure|Animation|Thriller,170000000,120,2007,0,6.2,221,3830000,1,0,1,1,0,0,0,0,0,0,0,0,1
4991,Movie 4991 (2024),Animation,95000000,134,2002,0,6.2,83,4220000,0,0,0,1,0,0,0,0,0,0,0,0,0
4992,Movie 4992 (2024),Adventure|Thriller|Crime,114000000,122,1995,0,5.8,157,3750000,0,0,1,0,0,0,1,0,0,0,0,0,1
4993,Movie 4993 (2024),Horror|Thriller,2000000,142,2007,1,2.4,112,2090000,0,0,0,0,0,0,0,0,0,0,1,0,1
4994,Movie 4994 (2024),Horror|Fantasy|Action,74000000,105,2016,1,4.9,142,1440000,1,1,0,0,0,0,0,0,0,1,1,0,0
4995,Movie 4995 (2024),Action|Animation,36000000,143,1995,0,2.1,128,1870000,1,1,0,1,0,0,0,0,0,0,0,0,0
4996,Movie 4996 (2024),Thriller|Documentary|Drama,156000000,168,2012,1,8.0,325,2280000,1,0,0,0,0,0,0,1,1,0,0,0,1
4997,Movie 4997 (2024),Horror|Thriller|Sci-Fi,184000000,124,2019,0,4.9,118,2420000,1,0,0,0,0,0,0,0,0,0,1,1,1
4998,Movie 4998 (2024),Children|Fantasy|Drama,47000000,116,1999,0,2.4,97,4420000,1,0,0,0,1,0,0,0,1,1,0,0,0
4999,Movie 4999 (2024),Adventure|Animation|Action,94000000,86,1990,0,5.0,436,4080000,0,1,1,1,0,0,0,0,0,0,0,0,0
5000,Movie 5000 (2024),Adventure,8000000,86,2005,0,6.6,342,2600000,1,0,1,0,0,0,0,0,0,0,0,0,0
